age,gender,gaming_hours,study_hours,sleep_hours,attendance,social_activity,device_usage,uso_no_gaming,stress_level,gaming_cat,grades,grades_original,flag_grades_gt100,flag_ajustado
22,Male,7.23,8.78,6.96,91.44,3.25,9.36,2.13,Low,Alto,86.46,86.45955466333767,False,True
19,Male,0.07,8.72,7.63,63.63,1.02,3.21,3.14,Medium,Bajo,98.23,98.23,False,False
23,Female,1.73,9.56,4.4,83.26,3.46,5.56,3.83,High,Bajo,90.56,90.56,False,False
20,Female,6.62,1.68,7.83,75.04,1.46,11.78,5.16,Low,Alto,32.67,32.67,False,False
22,Female,5.36,5.83,5.55,65.57,1.01,8.23,2.87,Low,Medio,58.71,58.71,False,False
18,Male,7.16,6.84,8.03,68.11,3.74,10.9,3.74,Low,Alto,57.52,57.52,False,False
22,Female,0.46,7.4,6.55,91.25,1.81,2.86,2.4,Medium,Bajo,94.0,94.0,False,False
23,Female,4.78,6.79,5.37,66.46,2.85,9.96,5.18,Medium,Medio,62.11,62.11,False,False
20,Female,4.55,7.93,8.76,72.5,1.0,9.48,4.93,Medium,Medio,80.94,80.94,False,False
19,Male,0.29,4.24,7.83,71.39,3.07,5.39,5.1,Medium,Bajo,82.35,82.34923549620179,False,True
23,Female,4.11,2.61,8.93,61.95,1.04,5.4,1.29,Medium,Medio,52.31,52.31,False,False
23,Female,4.88,2.84,5.82,78.49,0.83,8.31,3.43,Medium,Medio,42.02,42.02,False,False
18,Male,1.53,1.11,7.25,90.64,1.93,3.21,1.68,Medium,Bajo,63.05,63.05,False,False
21,Female,2.19,4.15,7.06,60.89,3.95,6.56,4.37,Medium,Bajo,73.28,73.28,False,False
20,Male,5.12,1.83,7.44,64.5,0.88,7.68,2.56,Low,Medio,37.13,37.13,False,False
17,Male,3.75,3.89,4.19,88.81,0.59,8.62,4.87,Medium,Medio,57.02,57.02,False,False
23,Male,6.86,6.65,5.46,83.74,0.16,8.19,1.33,Low,Alto,62.09,62.09,False,False
21,Female,2.74,9.05,8.55,88.61,2.08,6.31,3.57,Medium,Bajo,100.0,100.0,False,False
17,Male,2.13,8.56,6.12,69.2,1.41,3.75,1.62,Medium,Bajo,91.13,91.13,False,False
20,Male,7.88,3.27,8.8,92.15,1.46,11.67,3.79,Low,Alto,42.31,42.31,False,False
16,Female,7.29,2.21,5.07,79.19,4.91,11.33,4.04,Low,Alto,18.54,18.54,False,False
21,Male,0.23,2.74,8.99,84.41,0.97,3.54,3.31,Medium,Bajo,76.12,76.12,False,False
24,Female,6.06,9.57,7.36,63.69,2.29,8.57,2.51,Low,Alto,100.0,100.81507527205808,True,True
16,Female,0.88,5.95,7.88,68.2,4.93,2.04,1.16,Medium,Bajo,92.02,92.02,False,False
18,Female,0.22,2.64,5.98,90.93,0.15,4.53,4.31,Medium,Bajo,56.32,56.32,False,False
22,Female,2.19,8.57,8.54,68.96,3.48,7.54,5.35,Medium,Bajo,100.0,100.0,False,False
19,Female,2.15,4.56,6.73,63.7,1.86,6.82,4.67,Medium,Bajo,75.09,75.09,False,False
24,Male,6.54,9.07,7.39,83.89,4.53,12.02,5.48,Low,Alto,88.43,88.42652901676423,False,True
18,Female,5.69,3.35,4.47,81.92,4.56,11.34,5.65,Low,Alto,39.16,39.16,False,False
20,Male,7.85,4.54,7.16,84.32,1.94,11.1,3.25,Low,Alto,44.94,44.94,False,False
18,Female,5.69,5.54,8.4,84.73,1.11,10.18,4.49,Low,Alto,69.53,69.53,False,False
22,Male,3.35,9.03,4.89,80.01,2.14,6.34,2.99,High,Medio,88.37,88.37,False,False
20,Female,5.59,8.82,7.69,79.75,4.83,11.19,5.6,Low,Alto,88.79,88.78828867430884,False,True
24,Female,8.0,6.17,4.13,96.97,1.41,11.81,3.81,Low,Alto,40.93,40.92761123181735,False,True
22,Female,5.68,3.0,8.63,81.36,4.91,10.44,4.76,Low,Alto,42.99,42.99,False,False
17,Male,6.09,4.63,8.91,84.69,4.1,7.16,1.07,Low,Alto,62.63,62.63,False,False
19,Male,7.49,9.75,5.75,70.68,1.34,11.39,3.9,High,Alto,71.67,71.67337105144001,False,True
24,Female,0.91,6.47,4.54,94.84,3.96,5.62,4.71,Medium,Bajo,83.48,83.48,False,False
17,Female,5.64,8.03,7.29,60.97,0.25,7.93,2.29,Low,Alto,74.55,74.54685540039097,False,True
24,Male,6.81,5.05,4.15,82.29,2.74,7.88,1.07,Low,Alto,30.39,30.39,False,False
20,Other,7.64,5.79,6.41,75.35,1.79,12.36,4.72,Low,Alto,38.94,38.94,False,False
17,Female,1.69,4.86,5.36,84.16,2.13,4.38,2.69,Medium,Bajo,79.96,79.96,False,False
19,Male,4.03,7.33,6.37,74.41,2.36,7.17,3.14,Medium,Medio,86.79,86.79,False,False
22,Female,5.44,8.66,4.09,88.71,2.51,9.25,3.81,High,Medio,77.65,77.6456270607162,False,True
23,Female,1.98,5.57,4.26,60.81,3.28,3.53,1.55,Medium,Bajo,69.57,69.57,False,False
18,Male,4.8,5.33,4.08,76.24,3.48,6.32,1.52,Medium,Medio,55.77,55.77,False,False
16,Male,2.06,4.06,7.1,93.25,4.88,7.86,5.8,Medium,Bajo,74.5,74.5,False,False
19,Female,2.67,2.59,6.8,70.01,3.81,5.36,2.69,Medium,Bajo,56.86,56.86,False,False
17,Female,3.53,9.45,5.17,62.11,3.44,5.81,2.28,High,Medio,86.86,86.86,False,False
23,Male,4.23,3.84,7.23,79.86,1.96,5.47,1.24,Medium,Medio,64.03,64.03,False,False
19,Female,3.59,8.21,8.42,99.06,0.59,5.46,1.87,Medium,Medio,99.32,99.32,False,False
17,Female,3.95,7.44,5.39,62.57,0.29,7.1,3.15,High,Medio,66.87,66.87,False,False
21,Female,2.39,8.12,8.16,62.8,2.39,5.1,2.71,Medium,Bajo,93.83,93.83,False,False
21,Male,1.27,9.43,7.31,83.8,3.34,4.39,3.12,Medium,Bajo,100.0,100.0,False,False
19,Female,0.38,6.61,4.17,70.0,3.25,4.9,4.52,Medium,Bajo,78.34,78.34,False,False
21,Male,1.57,9.08,5.88,76.41,4.76,5.78,4.21,High,Bajo,100.0,100.0,False,False
17,Male,4.66,2.51,6.54,93.22,1.91,8.13,3.47,Medium,Medio,57.56,57.56,False,False
17,Male,6.29,6.64,7.66,67.95,3.14,11.36,5.07,Low,Alto,63.94,63.94,False,False
19,Female,1.35,7.95,5.44,88.77,4.44,6.64,5.29,High,Bajo,85.12,85.12,False,False
23,Female,0.87,3.44,8.91,80.18,2.02,4.82,3.95,Medium,Bajo,85.67,85.67,False,False
22,Male,5.99,7.67,7.42,96.2,2.39,7.58,1.59,Low,Alto,96.57,96.57122032899532,False,True
24,Female,2.44,8.01,5.86,98.92,4.61,5.47,3.03,High,Bajo,88.95,88.95,False,False
23,Male,7.61,8.48,4.49,79.4,2.75,11.78,4.17,High,Alto,54.04,54.03650726930501,False,True
20,Male,5.71,3.82,4.91,83.39,4.0,7.02,1.31,Low,Alto,47.48,47.48,False,False
17,Other,2.61,7.13,6.44,89.83,4.68,3.71,1.1,Medium,Bajo,87.33,87.33,False,False
20,Female,2.32,3.74,6.47,72.75,2.86,8.06,5.74,Medium,Bajo,60.14,60.14,False,False
23,Male,4.19,7.65,7.84,69.07,0.55,8.84,4.65,Medium,Medio,77.07,77.07,False,False
24,Female,0.63,5.17,7.63,98.59,4.11,2.4,1.77,Medium,Bajo,100.0,100.0,False,False
24,Male,0.94,6.38,5.01,77.3,4.09,4.17,3.23,Medium,Bajo,83.62,83.62,False,False
16,Male,1.41,4.74,6.97,60.06,0.57,3.38,1.97,Medium,Bajo,74.6,74.6,False,False
24,Female,6.2,2.46,4.1,93.51,2.74,7.25,1.05,Low,Alto,35.48,35.48,False,False
22,Female,4.11,2.6,5.99,83.99,2.44,7.07,2.96,Medium,Medio,47.64,47.64,False,False
24,Male,0.08,1.7,7.82,66.74,4.24,4.32,4.24,Medium,Bajo,67.51,67.51,False,False
23,Female,5.39,6.56,6.0,61.21,1.37,11.16,5.77,Low,Medio,59.6,59.6,False,False
16,Female,3.39,8.64,8.18,71.66,2.13,8.24,4.85,Medium,Medio,91.88,91.88,False,False
23,Male,4.09,1.19,8.88,97.12,3.02,6.24,2.15,Medium,Medio,66.67,66.67188190516212,False,True
23,Female,1.71,1.6,7.04,97.34,2.59,4.39,2.68,Medium,Bajo,70.18,70.18,False,False
18,Female,4.41,5.12,4.73,72.44,4.78,8.01,3.6,Medium,Medio,56.85,56.85,False,False
16,Female,7.83,7.64,5.9,93.44,4.8,9.79,1.96,High,Alto,70.03,70.03082865031259,False,True
23,Female,0.59,2.42,4.05,77.67,0.41,5.75,5.16,Medium,Bajo,72.48,72.47994815879551,False,True
18,Female,2.27,3.44,7.01,86.17,1.49,4.11,1.84,Medium,Bajo,69.75,69.75,False,False
18,Male,1.94,3.09,8.11,73.38,0.04,4.39,2.45,Medium,Bajo,63.05,63.05,False,False
16,Female,1.99,4.59,7.15,80.64,2.09,5.88,3.89,Medium,Bajo,84.1,84.1,False,False
20,Female,3.03,3.02,7.93,71.75,3.31,4.65,1.62,Medium,Medio,59.51,59.51,False,False
22,Male,6.54,4.17,8.0,62.44,2.36,10.66,4.12,Low,Alto,33.85,33.85,False,False
24,Female,7.26,7.52,8.22,65.58,0.34,13.02,5.76,Low,Alto,75.84,75.84021103153083,False,True
22,Female,1.62,6.5,5.33,71.63,0.98,6.08,4.46,Medium,Bajo,84.88,84.88,False,False
24,Female,4.34,1.73,8.36,99.05,0.87,9.4,5.06,Medium,Medio,51.42,51.42,False,False
23,Male,5.1,6.74,7.27,98.63,2.56,8.29,3.19,Low,Medio,70.14,70.14,False,False
17,Male,4.17,5.29,5.45,93.11,3.39,7.0,2.83,Medium,Medio,71.42,71.42,False,False
16,Female,3.47,9.41,8.94,69.3,1.58,6.11,2.64,Medium,Medio,100.0,108.77322825666388,True,True
22,Male,1.54,3.6,8.75,77.66,0.65,5.84,4.3,Medium,Bajo,77.12,77.12,False,False
22,Female,3.91,7.54,6.87,77.59,3.99,7.5,3.59,Medium,Medio,83.85,83.85,False,False
23,Male,3.21,7.58,8.22,75.48,4.29,6.57,3.36,Medium,Medio,87.4,87.4,False,False
20,Male,6.36,2.99,5.31,61.8,1.38,7.86,1.5,Low,Alto,28.37,28.37,False,False
18,Male,6.11,9.13,6.08,81.38,2.1,10.48,4.37,Low,Alto,89.87,89.86994366733958,False,True
23,Male,1.07,5.42,4.92,62.91,0.41,5.7,4.63,Medium,Bajo,61.04,61.04,False,False
21,Female,0.71,7.11,6.6,92.08,1.14,2.69,1.98,Medium,Bajo,96.03,96.03,False,False
18,Male,7.27,2.31,6.48,87.65,3.84,12.07,4.8,Low,Alto,26.04,26.04,False,False
16,Male,4.28,3.32,5.06,74.11,1.83,9.68,5.4,Medium,Medio,40.98,40.98,False,False
18,Male,6.86,6.27,7.36,85.89,3.02,8.73,1.87,Low,Alto,50.57,50.57,False,False
20,Female,0.47,3.87,4.59,69.32,4.73,3.73,3.26,Medium,Bajo,60.64,60.64,False,False
18,Male,4.21,5.5,4.31,70.61,3.62,9.59,5.38,Medium,Medio,52.38,52.38,False,False
16,Female,4.32,4.37,5.92,72.57,2.27,7.76,3.44,Medium,Medio,56.97,56.97,False,False
20,Female,6.89,6.76,6.05,91.88,1.83,11.97,5.08,Low,Alto,55.43,55.43,False,False
22,Female,0.78,5.38,5.6,68.43,0.95,2.86,2.08,Medium,Bajo,74.27,74.27,False,False
22,Female,1.92,1.04,5.29,82.51,3.78,3.24,1.32,Medium,Bajo,53.47,53.47,False,False
24,Female,3.25,6.85,5.69,68.02,0.56,4.55,1.3,Medium,Medio,70.23,70.23,False,False
18,Female,6.93,4.8,4.82,71.4,0.31,12.79,5.86,Low,Alto,28.03,28.03,False,False
22,Male,7.51,4.08,6.02,69.42,0.52,9.33,1.82,Low,Alto,39.29,39.29,False,False
16,Male,7.94,1.85,8.52,85.8,1.21,13.26,5.32,Low,Alto,25.78,25.78,False,False
19,Male,7.67,2.98,5.12,81.07,3.14,10.25,2.58,Low,Alto,19.15,19.15,False,False
19,Female,0.05,3.01,7.42,88.85,4.31,1.25,1.2,Medium,Bajo,81.44,81.44,False,False
20,Other,0.38,9.42,4.71,68.8,4.96,2.58,2.2,High,Bajo,100.0,100.0,False,False
22,Female,1.18,4.89,5.77,60.37,3.66,4.71,3.53,Medium,Bajo,87.79,87.7929048115807,False,True
22,Male,2.79,1.38,5.61,87.22,0.73,4.32,1.53,Medium,Bajo,45.61,45.61,False,False
19,Female,6.64,2.25,8.69,64.59,1.39,12.25,5.61,Low,Alto,41.83,41.83028579191895,False,True
22,Male,7.14,1.71,6.14,69.85,0.66,12.64,5.5,Low,Alto,20.54,20.54,False,False
18,Male,1.49,6.3,7.45,72.23,0.58,3.24,1.75,Medium,Bajo,100.0,100.0,False,False
21,Male,4.96,2.68,7.01,89.87,2.84,9.65,4.69,Medium,Medio,51.09,51.09,False,False
17,Male,7.34,5.49,4.71,85.04,4.53,10.64,3.3,Low,Alto,39.84,39.84,False,False
24,Female,3.71,4.33,8.7,67.37,3.42,9.62,5.91,Medium,Medio,61.63,61.63,False,False
20,Male,0.83,8.23,5.73,83.92,4.0,2.11,1.28,High,Bajo,95.81,95.807341272612,False,True
21,Male,3.66,3.88,4.22,88.33,2.54,7.02,3.36,Medium,Medio,59.43,59.43,False,False
19,Female,3.01,5.12,5.5,75.56,2.38,5.44,2.43,Medium,Medio,66.67,66.67,False,False
22,Female,4.62,7.49,5.68,69.84,4.69,9.25,4.63,High,Medio,70.99,70.99,False,False
24,Female,3.51,4.9,4.46,87.16,3.61,5.07,1.56,Medium,Medio,65.6,65.6,False,False
22,Male,0.14,8.14,7.1,84.44,2.3,4.28,4.14,Medium,Bajo,100.0,109.08473630488844,True,True
16,Female,7.95,6.96,5.73,63.12,1.66,13.69,5.74,Low,Alto,42.39,42.39,False,False
16,Female,4.35,4.69,7.15,86.67,0.47,7.62,3.27,Medium,Medio,67.78,67.78,False,False
24,Male,3.79,5.54,4.03,79.54,4.1,7.06,3.27,Medium,Medio,59.16,59.16,False,False
24,Female,6.69,8.5,7.81,90.13,0.85,11.12,4.43,Low,Alto,91.92,91.92017996885592,False,True
19,Male,1.25,6.95,4.85,67.63,2.58,4.33,3.08,Medium,Bajo,88.17,88.17,False,False
24,Male,1.51,9.14,7.3,70.33,3.19,4.75,3.24,Medium,Bajo,100.0,100.0,False,False
18,Female,6.46,2.61,7.58,81.73,3.72,9.78,3.32,Low,Alto,32.41,32.41,False,False
22,Female,2.09,5.35,4.86,79.27,0.42,8.08,5.99,Medium,Bajo,69.69,69.69,False,False
21,Male,6.39,9.18,4.56,75.45,0.05,7.97,1.58,High,Alto,78.4,78.39667652392087,False,True
23,Female,2.17,3.9,4.76,89.84,3.53,4.6,2.43,Medium,Bajo,66.62,66.62,False,False
24,Female,0.27,9.71,5.23,82.59,2.27,2.32,2.05,High,Bajo,100.0,105.98646178855331,True,True
20,Female,4.14,1.87,4.84,88.41,0.91,7.86,3.72,Medium,Medio,36.37,36.37,False,False
16,Male,1.57,9.12,7.37,66.13,4.91,2.58,1.01,Medium,Bajo,100.0,100.0,False,False
18,Female,6.06,5.01,6.1,89.16,3.96,11.67,5.61,Low,Alto,58.11,58.11,False,False
23,Male,5.13,1.66,6.69,78.46,2.89,8.79,3.66,Low,Medio,38.84,38.84,False,False
21,Female,7.39,8.92,4.24,61.35,3.51,12.87,5.48,High,Alto,46.6,46.6012417873633,False,True
23,Male,6.26,3.27,8.31,69.38,0.78,8.98,2.72,Low,Alto,43.73,43.73,False,False
24,Male,1.45,1.2,4.85,61.03,4.81,3.2,1.75,Medium,Bajo,36.76,36.76,False,False
19,Female,6.4,2.22,5.8,78.27,4.98,8.36,1.96,Low,Alto,27.41,27.41,False,False
16,Male,5.13,6.93,4.36,73.04,3.24,8.48,3.35,Low,Medio,47.64,47.64,False,False
16,Male,5.35,9.8,4.68,99.5,3.34,6.55,1.2,High,Medio,93.19,93.1874744469936,False,True
19,Male,6.66,2.0,7.33,94.74,3.52,11.57,4.91,Low,Alto,37.92,37.92,False,False
22,Female,4.59,5.16,7.46,93.03,3.33,9.54,4.95,Medium,Medio,67.61,67.61,False,False
17,Male,3.73,2.63,7.38,80.04,2.19,8.24,4.51,Medium,Medio,60.65,60.65,False,False
18,Female,5.09,7.71,6.76,92.28,2.7,10.57,5.48,Low,Medio,88.73,88.72625736509066,False,True
16,Male,2.38,2.06,8.76,70.67,1.41,6.13,3.75,Medium,Bajo,55.64,55.64,False,False
20,Male,1.46,3.16,6.54,82.43,2.23,4.86,3.4,Medium,Bajo,75.82,75.82,False,False
16,Male,4.93,2.77,6.25,75.72,2.18,8.58,3.65,Medium,Medio,45.89,45.89,False,False
23,Female,1.87,5.97,5.24,66.85,1.44,3.78,1.91,Medium,Bajo,89.36,89.36176029714849,False,True
16,Male,0.64,8.86,4.49,62.9,3.93,4.2,3.56,High,Bajo,92.51,92.51,False,False
16,Male,0.0,5.6,6.74,82.33,2.05,3.71,3.71,Medium,Bajo,87.61,87.61,False,False
17,Other,4.87,1.52,5.57,63.91,2.76,9.69,4.82,Medium,Medio,24.11,24.11,False,False
17,Female,2.9,6.07,6.62,88.72,0.78,5.64,2.74,Medium,Medio,83.7,83.7,False,False
21,Male,6.02,8.18,5.03,96.86,2.37,7.48,1.46,High,Alto,79.88,79.88433064435151,False,True
22,Male,3.0,2.19,8.19,66.48,3.81,6.99,3.99,Medium,Medio,65.0,65.00348539565958,False,True
20,Female,3.89,1.65,9.0,78.84,2.22,8.83,4.94,Medium,Medio,65.36,65.36,False,False
16,Male,3.26,2.69,5.61,89.55,2.79,9.11,5.85,Medium,Medio,59.71,59.71,False,False
16,Male,5.2,7.71,8.21,71.47,3.51,6.65,1.45,Low,Medio,87.55,87.54960154278523,False,True
18,Female,2.85,6.33,8.36,96.83,1.94,7.58,4.73,Medium,Medio,91.21,91.21,False,False
17,Female,7.71,5.87,8.98,95.54,1.77,11.69,3.98,Low,Alto,54.9,54.9,False,False
20,Female,7.49,3.25,5.71,64.15,0.43,8.57,1.08,Low,Alto,8.97,8.97,False,False
21,Male,6.78,3.99,7.78,61.1,2.91,11.37,4.59,Low,Alto,38.31,38.31,False,False
22,Male,7.36,9.69,5.14,99.06,3.53,8.49,1.13,High,Alto,76.6,76.60309521096231,False,True
19,Female,3.59,3.17,7.12,98.26,2.91,8.52,4.93,Medium,Medio,64.98,64.98,False,False
22,Male,4.29,9.11,7.52,76.89,1.42,8.9,4.61,Medium,Medio,87.45,87.45,False,False
23,Female,5.94,6.22,7.71,62.02,1.31,10.38,4.44,Low,Alto,58.92,58.92,False,False
16,Female,5.57,2.11,5.04,84.76,0.8,7.17,1.6,Low,Alto,38.19,38.19,False,False
21,Male,7.13,5.21,8.24,71.74,0.23,12.73,5.6,Low,Alto,48.45,48.45,False,False
23,Female,5.73,9.54,6.1,97.47,2.13,11.22,5.49,Low,Alto,85.62,85.6199900584634,False,True
20,Female,7.98,4.77,5.08,91.79,0.8,13.48,5.5,Low,Alto,27.24,27.24,False,False
19,Female,2.79,8.77,6.71,85.98,3.45,5.59,2.8,Medium,Bajo,99.39,99.39,False,False
17,Male,6.66,3.31,8.32,71.38,4.81,10.12,3.46,Low,Alto,43.94,43.94,False,False
21,Male,5.58,6.14,8.84,88.05,0.37,7.15,1.57,Low,Alto,76.82,76.8165965307675,False,True
21,Female,5.53,8.59,7.74,71.57,4.46,6.79,1.26,Low,Alto,88.56,88.5609535265387,False,True
16,Male,2.61,9.29,4.03,61.51,3.29,3.9,1.29,High,Bajo,86.4,86.4,False,False
24,Other,6.28,5.37,4.67,80.34,4.3,10.12,3.84,Low,Alto,52.13,52.13,False,False
21,Male,7.2,6.76,4.38,79.55,0.77,9.81,2.61,Low,Alto,44.19,44.19,False,False
18,Female,1.75,1.03,4.51,90.52,4.53,5.65,3.9,Medium,Bajo,58.84,58.84461279165568,False,True
19,Male,5.0,3.28,5.92,94.63,4.79,8.96,3.96,Medium,Medio,47.54,47.54,False,False
19,Female,3.14,3.51,5.69,74.18,4.53,8.68,5.54,Medium,Medio,55.66,55.66,False,False
18,Male,7.92,1.84,4.57,77.98,3.93,13.33,5.41,Low,Alto,15.08,15.08,False,False
18,Male,3.83,3.52,8.41,78.82,0.45,8.42,4.59,Medium,Medio,64.14,64.14,False,False
18,Male,1.83,3.89,7.08,72.97,1.1,6.92,5.09,Medium,Bajo,76.1,76.1,False,False
19,Female,3.05,9.72,7.98,89.74,4.57,4.07,1.02,Medium,Medio,99.4,99.4,False,False
22,Male,5.23,7.02,5.86,80.88,1.15,6.31,1.08,High,Medio,81.78,81.77816661012079,False,True
19,Female,0.61,4.83,6.05,96.56,1.74,3.9,3.29,Medium,Bajo,87.88,87.88,False,False
24,Female,4.83,9.89,5.59,86.01,0.25,9.1,4.27,High,Medio,84.79,84.79,False,False
16,Male,7.45,2.38,6.19,68.48,3.14,12.42,4.97,Low,Alto,25.11,25.109089330088054,False,True
23,Female,6.8,5.28,7.05,66.59,2.82,10.04,3.24,Low,Alto,50.29,50.29,False,False
22,Male,0.54,6.82,6.46,74.9,4.81,6.24,5.7,Medium,Bajo,100.0,100.0,False,False
17,Other,7.95,1.5,8.19,73.88,4.46,13.02,5.07,Low,Alto,10.67,10.67,False,False
23,Female,5.59,7.45,8.5,76.29,2.53,7.1,1.51,Low,Alto,80.4,80.40250608471575,False,True
16,Male,1.3,1.9,6.35,67.34,3.05,4.5,3.2,Medium,Bajo,57.07,57.07,False,False
24,Male,0.1,2.26,5.2,99.13,2.07,6.07,5.97,Medium,Bajo,69.24,69.24,False,False
24,Male,1.37,2.44,8.73,65.83,0.66,4.42,3.05,Medium,Bajo,72.87,72.87,False,False
17,Other,6.5,9.06,7.44,86.11,4.34,9.64,3.14,Low,Alto,83.66,83.66114802329601,False,True
22,Male,0.17,7.15,7.2,60.52,2.75,2.64,2.47,Medium,Bajo,82.63,82.63,False,False
18,Female,1.87,6.9,7.73,76.28,2.13,5.3,3.43,Medium,Bajo,100.0,108.89931594795696,True,True
22,Male,6.06,6.0,4.38,72.37,0.34,10.71,4.65,Low,Alto,44.39,44.39,False,False
24,Female,4.69,3.64,4.34,75.28,3.33,5.93,1.24,Medium,Medio,35.68,35.68,False,False
19,Male,6.26,6.59,4.77,79.92,2.0,11.44,5.18,Low,Alto,47.86,47.86,False,False
16,Female,5.97,4.69,4.74,84.02,1.27,11.56,5.59,Low,Alto,41.01,41.01,False,False
17,Female,0.4,2.31,6.1,83.34,4.38,5.31,4.91,Medium,Bajo,61.26,61.26,False,False
16,Female,7.14,7.21,4.79,85.23,0.92,12.72,5.58,High,Alto,51.62,51.617656377514194,False,True
20,Male,1.82,2.17,8.27,93.78,2.58,3.29,1.47,Medium,Bajo,75.95,75.94975519720927,False,True
20,Male,4.43,2.72,6.89,95.47,3.98,7.68,3.25,Medium,Medio,65.72,65.72,False,False
22,Male,5.15,8.36,5.84,89.49,4.25,6.51,1.36,High,Medio,85.87,85.86751605822991,False,True
24,Female,1.35,6.94,4.35,63.16,4.09,6.53,5.18,Medium,Bajo,77.79,77.79,False,False
24,Male,7.81,6.68,6.96,98.45,4.48,13.57,5.76,Low,Alto,55.69,55.69,False,False
18,Female,3.91,4.76,4.58,97.9,0.71,6.4,2.49,Medium,Medio,61.59,61.59,False,False
18,Male,0.46,4.57,7.72,88.47,4.7,4.14,3.68,Medium,Bajo,79.68,79.68,False,False
18,Female,7.5,7.21,8.01,80.7,0.05,9.99,2.49,Low,Alto,63.17,63.16524500862786,False,True
19,Female,4.69,7.66,6.72,70.02,1.28,7.58,2.89,Medium,Medio,70.88,70.88,False,False
23,Female,5.59,5.59,4.75,90.25,0.42,8.97,3.38,Low,Alto,52.27,52.27,False,False
21,Male,4.2,9.72,7.93,95.11,4.73,9.15,4.95,Medium,Medio,100.0,108.06139606676896,True,True
23,Male,6.68,9.6,5.54,86.61,2.12,8.41,1.73,High,Alto,71.6,71.60454711361115,False,True
16,Male,0.27,4.71,5.11,85.16,1.58,2.06,1.79,Medium,Bajo,86.37,86.37,False,False
23,Male,2.15,8.39,6.35,67.72,0.84,4.16,2.01,Medium,Bajo,100.0,100.0,False,False
19,Female,3.76,5.89,8.61,74.31,0.78,5.03,1.27,Medium,Medio,79.72,79.72,False,False
16,Female,0.61,5.61,5.49,88.93,3.07,4.83,4.22,Medium,Bajo,81.47,81.47,False,False
23,Female,5.65,1.49,8.53,60.68,0.24,7.6,1.95,Low,Alto,31.58,31.58,False,False
19,Male,3.15,6.17,4.27,85.65,2.97,6.34,3.19,Medium,Medio,71.51,71.51,False,False
21,Female,2.18,9.11,4.42,90.67,3.87,6.61,4.43,High,Bajo,92.52,92.52,False,False
23,Female,0.03,8.02,7.49,73.39,3.01,3.27,3.24,Medium,Bajo,100.0,100.0,False,False
19,Female,5.76,8.08,4.95,63.05,4.13,11.29,5.53,High,Alto,75.26,75.26141396754363,False,True
18,Male,6.67,2.44,5.58,92.76,1.33,11.52,4.85,Low,Alto,26.08,26.08,False,False
24,Male,3.16,4.23,4.68,65.67,0.39,5.53,2.37,Medium,Medio,49.13,49.13,False,False
18,Male,4.51,3.1,5.66,74.83,3.6,6.16,1.65,Medium,Medio,49.38,49.38,False,False
24,Female,1.82,3.84,5.4,88.29,4.14,7.29,5.47,Medium,Bajo,74.69,74.69,False,False
17,Female,4.98,6.22,7.68,92.68,2.51,7.96,2.98,Medium,Medio,68.05,68.05,False,False
17,Male,0.1,4.28,7.51,94.5,4.1,3.01,2.91,Medium,Bajo,81.72,81.72,False,False
17,Male,3.91,6.05,8.77,81.22,2.29,8.96,5.05,Medium,Medio,79.51,79.51,False,False
21,Female,5.15,4.95,7.62,79.03,0.99,6.2,1.05,Low,Medio,60.33,60.33,False,False
18,Female,7.35,3.58,7.47,93.93,2.37,10.61,3.26,Low,Alto,39.33,39.33,False,False
24,Male,3.05,1.86,7.47,82.52,1.08,7.62,4.57,Medium,Medio,59.64,59.64,False,False
19,Female,5.97,8.82,8.21,83.15,2.36,11.36,5.39,Low,Alto,93.93,93.92768602159194,False,True
16,Other,4.78,1.1,5.48,77.36,0.74,10.21,5.43,Medium,Medio,31.23,31.23,False,False
19,Female,7.42,1.01,5.5,74.91,0.93,10.75,3.33,Low,Alto,6.33,6.33,False,False
16,Male,3.19,8.44,7.71,79.22,4.41,8.43,5.24,Medium,Medio,94.69,94.69,False,False
20,Female,2.55,9.97,5.14,74.59,0.58,3.73,1.18,High,Bajo,94.47,94.47,False,False
19,Female,7.04,7.48,8.48,73.74,1.12,9.63,2.59,Low,Alto,77.57,77.56969391708812,False,True
23,Male,0.39,1.14,6.67,99.75,4.98,1.44,1.05,Medium,Bajo,57.2,57.2,False,False
23,Female,1.09,3.04,5.5,73.45,2.88,2.92,1.83,Medium,Bajo,71.38,71.38,False,False
22,Female,0.66,9.75,7.88,70.26,2.93,5.28,4.62,Medium,Bajo,100.0,100.0,False,False
18,Female,6.74,8.28,5.56,74.16,4.22,7.76,1.02,High,Alto,65.39,65.39178514870629,False,True
16,Male,0.08,6.1,8.82,83.63,2.62,3.7,3.62,Medium,Bajo,100.0,100.0,False,False
16,Female,6.89,3.13,8.91,96.44,1.11,9.96,3.07,Low,Alto,48.33,48.33,False,False
18,Female,3.61,1.13,7.33,91.51,2.11,5.22,1.61,Medium,Medio,42.9,42.9,False,False
21,Male,0.03,1.19,4.57,93.69,3.78,4.46,4.43,Medium,Bajo,55.02,55.02,False,False
22,Female,3.21,6.51,5.32,94.36,4.36,7.68,4.47,Medium,Medio,75.45,75.45,False,False
21,Female,1.49,1.2,6.58,96.82,1.37,6.12,4.63,Medium,Bajo,66.31,66.31,False,False
21,Female,4.96,9.85,8.19,69.4,1.31,9.83,4.87,Medium,Medio,98.99,98.99,False,False
21,Male,5.43,2.65,4.92,78.33,1.64,8.0,2.57,Low,Medio,31.24,31.24,False,False
18,Female,3.9,7.4,4.52,75.41,2.98,9.87,5.97,High,Medio,71.64,71.64,False,False
21,Male,0.32,2.4,4.37,75.28,1.39,1.68,1.36,Medium,Bajo,58.41,58.41,False,False
23,Male,5.25,5.86,6.53,86.09,4.47,9.49,4.24,Low,Medio,69.82,69.82,False,False
17,Female,6.74,1.73,8.42,76.07,4.89,12.59,5.85,Low,Alto,45.55,45.54723404249764,False,True
20,Male,5.76,7.9,4.21,84.65,3.4,7.88,2.12,High,Alto,62.45,62.45329605631551,False,True
16,Female,6.64,6.26,5.06,75.29,4.85,9.03,2.39,Low,Alto,40.59,40.59,False,False
16,Male,1.6,1.78,7.47,72.45,1.44,5.48,3.88,Medium,Bajo,73.37,73.36607638135598,False,True
20,Male,6.85,8.32,7.83,74.12,4.08,12.02,5.17,Low,Alto,80.07,80.06783136209714,False,True
18,Male,2.58,5.92,8.04,92.15,3.39,5.22,2.64,Medium,Bajo,82.12,82.12,False,False
19,Other,0.11,9.29,7.93,84.04,1.32,5.29,5.18,Medium,Bajo,100.0,100.0,False,False
18,Female,6.75,9.25,4.65,98.96,1.59,8.96,2.21,High,Alto,72.96,72.96353862220805,False,True
16,Female,7.53,9.28,5.99,93.31,2.44,12.9,5.37,High,Alto,81.53,81.5276491754453,False,True
16,Male,5.24,1.7,8.92,79.43,3.96,7.5,2.26,Low,Medio,43.52,43.52,False,False
20,Male,1.85,2.09,8.94,69.7,4.36,5.94,4.09,Medium,Bajo,74.47,74.46761425004254,False,True
21,Other,2.01,9.89,7.01,86.96,3.17,4.8,2.79,Medium,Bajo,100.0,106.27571102291984,True,True
18,Male,3.73,5.39,7.55,89.07,3.61,6.34,2.61,Medium,Medio,78.64,78.64,False,False
24,Male,7.18,3.14,8.76,78.57,1.32,9.95,2.77,Low,Alto,40.44,40.44,False,False
20,Female,1.2,7.93,6.25,69.2,3.71,4.7,3.5,Medium,Bajo,100.0,100.0,False,False
23,Male,6.61,3.38,4.68,82.29,3.02,11.84,5.23,Low,Alto,30.56,30.56,False,False
16,Female,2.33,7.54,7.34,70.15,1.11,7.13,4.8,Medium,Bajo,87.65,87.65,False,False
20,Female,6.25,8.25,8.5,97.6,4.75,9.72,3.47,Low,Alto,100.0,104.4782459478344,True,True
18,Male,7.36,8.06,7.49,85.16,2.56,9.77,2.41,Low,Alto,79.99,79.98816052310234,False,True
16,Male,3.42,3.47,8.02,71.68,3.97,8.69,5.27,Medium,Medio,59.69,59.69,False,False
19,Male,2.92,4.61,6.11,68.63,2.63,8.27,5.35,Medium,Medio,70.39,70.3880198608261,False,True
20,Female,6.42,4.72,4.48,88.67,4.66,9.69,3.27,Low,Alto,41.4,41.4,False,False
22,Female,4.24,5.42,4.84,88.31,0.71,8.72,4.48,Medium,Medio,59.88,59.88,False,False
16,Male,5.48,2.51,8.91,83.89,2.73,8.33,2.85,Low,Alto,51.12,51.12,False,False
18,Male,4.98,5.07,6.47,84.57,0.13,6.73,1.75,Medium,Medio,53.01,53.01,False,False
17,Female,1.22,5.6,4.06,84.15,0.99,3.83,2.61,Medium,Bajo,75.61,75.61,False,False
24,Female,6.76,5.79,8.78,74.4,1.41,11.17,4.41,Low,Alto,59.18,59.18,False,False
21,Male,1.57,8.38,6.49,97.5,2.36,6.42,4.85,Medium,Bajo,100.0,100.0,False,False
18,Male,7.46,5.66,8.18,79.17,4.1,12.72,5.26,Low,Alto,45.22,45.22,False,False
23,Male,2.0,3.08,6.74,60.81,2.33,3.09,1.09,Medium,Bajo,62.82,62.82,False,False
23,Female,5.87,6.97,4.51,73.93,2.81,9.3,3.43,Low,Alto,51.23,51.23,False,False
17,Other,2.28,8.18,7.08,65.21,4.62,4.65,2.37,Medium,Bajo,83.47,83.47,False,False
21,Male,2.54,3.87,8.99,74.54,3.78,6.96,4.42,Medium,Bajo,66.96,66.96,False,False
22,Female,2.48,6.81,4.17,84.33,0.25,4.71,2.23,Medium,Bajo,77.07,77.07,False,False
17,Male,5.98,2.32,8.21,60.91,0.88,9.81,3.83,Low,Alto,36.24,36.24,False,False
17,Male,4.45,4.08,5.18,94.81,0.19,9.01,4.56,Medium,Medio,56.44,56.44,False,False
16,Male,7.06,9.18,5.97,84.41,0.35,11.91,4.85,High,Alto,70.8,70.80274440327398,False,True
23,Female,2.46,9.2,5.86,71.81,1.69,4.81,2.35,High,Bajo,94.34,94.34447456224008,False,True
16,Female,5.54,6.18,8.49,72.45,3.64,6.98,1.44,Low,Alto,62.33,62.33,False,False
24,Female,6.02,7.32,6.52,78.63,1.22,8.11,2.09,Low,Alto,73.87,73.87454030472726,False,True
21,Male,1.21,8.69,6.24,69.92,1.96,5.21,4.0,Medium,Bajo,100.0,107.24716422696136,True,True
22,Male,3.2,9.63,8.09,60.17,1.97,4.4,1.2,Medium,Medio,88.0,88.0,False,False
22,Male,3.86,5.41,4.24,61.06,2.95,5.65,1.79,Medium,Medio,41.01,41.01,False,False
18,Female,2.85,6.05,4.43,74.31,4.46,8.83,5.98,Medium,Medio,73.93,73.93,False,False
17,Male,2.58,4.74,4.11,64.97,4.92,5.49,2.91,Medium,Bajo,59.07,59.07,False,False
24,Female,5.49,1.65,7.44,60.89,3.02,8.97,3.48,Low,Alto,27.82,27.82,False,False
23,Male,1.73,4.81,6.63,94.37,2.53,2.79,1.06,Medium,Bajo,82.97,82.97,False,False
22,Male,5.68,8.12,8.38,70.97,3.41,9.64,3.96,Low,Alto,84.51,84.50682558011331,False,True
24,Male,7.48,8.24,6.49,80.12,3.34,10.11,2.63,Low,Alto,68.62,68.61906311714304,False,True
19,Male,4.52,9.03,5.11,67.18,2.62,8.17,3.65,High,Medio,73.02,73.02,False,False
19,Male,4.89,1.46,8.03,61.87,3.68,8.52,3.63,Medium,Medio,32.07,32.07,False,False
16,Male,0.55,5.74,5.47,89.79,2.46,6.39,5.84,Medium,Bajo,84.89,84.89,False,False
23,Female,6.92,1.97,8.68,65.0,4.98,9.26,2.34,Low,Alto,48.53,48.53101538539005,False,True
18,Female,2.28,2.81,5.25,61.03,0.24,6.13,3.85,Medium,Bajo,51.93,51.93,False,False
22,Male,4.92,9.1,4.84,83.49,2.22,7.83,2.91,High,Medio,77.56,77.56,False,False
17,Male,7.83,5.47,6.47,60.54,1.99,10.94,3.11,Low,Alto,39.66,39.66026183552589,False,True
17,Male,4.76,7.83,4.25,77.45,3.85,6.04,1.28,High,Medio,62.5,62.5,False,False
22,Male,5.8,1.58,4.18,71.55,0.95,10.24,4.44,Low,Alto,17.69,17.69,False,False
21,Male,3.56,4.75,6.48,72.78,2.17,5.54,1.98,Medium,Medio,64.78,64.78,False,False
18,Female,0.48,7.07,5.08,60.16,3.49,3.82,3.34,High,Bajo,86.06,86.06,False,False
24,Male,6.38,2.2,4.05,98.57,3.02,9.55,3.17,Low,Alto,32.9,32.9,False,False
21,Male,0.28,3.93,5.48,80.68,2.73,3.62,3.34,Medium,Bajo,70.26,70.26,False,False
21,Male,5.61,1.58,6.39,82.9,2.17,8.49,2.88,Low,Alto,41.97,41.96980279756957,False,True
16,Male,0.18,6.86,5.97,86.64,3.76,2.39,2.21,Medium,Bajo,91.14,91.14,False,False
19,Female,6.9,9.74,4.68,91.9,3.23,10.14,3.24,High,Alto,81.32,81.31590848817952,False,True
21,Male,1.26,8.44,6.9,84.32,4.37,2.49,1.23,Medium,Bajo,100.0,100.0,False,False
21,Male,4.11,9.77,7.55,90.49,3.66,6.32,2.21,Medium,Medio,99.62,99.62,False,False
20,Female,4.78,8.61,7.38,77.95,0.7,9.7,4.92,Medium,Medio,79.36,79.36,False,False
16,Male,3.66,8.7,5.97,74.85,3.1,8.87,5.21,High,Medio,80.11,80.11,False,False
23,Female,2.73,6.19,4.69,92.93,0.22,7.31,4.58,Medium,Bajo,79.15,79.15405590116468,False,True
20,Female,3.74,5.66,6.5,94.61,1.94,7.9,4.16,Medium,Medio,75.08,75.08,False,False
20,Male,2.49,4.66,8.45,65.51,2.06,7.55,5.06,Medium,Bajo,77.72,77.72000012707593,False,True
22,Female,3.5,8.36,6.34,81.71,4.27,5.14,1.64,Medium,Medio,99.85,99.85,False,False
19,Male,2.87,2.64,4.98,87.35,0.9,6.5,3.63,Medium,Medio,54.18,54.18,False,False
21,Female,4.53,1.51,4.47,63.34,3.22,6.11,1.58,Medium,Medio,43.75,43.75033814886476,False,True
19,Male,1.9,9.53,8.72,97.18,0.96,6.79,4.89,Medium,Bajo,100.0,100.0,False,False
18,Male,7.91,1.03,7.72,80.8,4.74,11.51,3.6,Low,Alto,18.93,18.93,False,False
22,Female,4.01,9.79,5.56,85.82,2.65,9.06,5.05,High,Medio,90.46,90.46,False,False
23,Female,1.55,7.56,5.48,67.13,3.54,6.55,5.0,High,Bajo,84.06,84.06,False,False
19,Other,3.82,3.96,8.48,70.58,3.23,7.15,3.33,Medium,Medio,60.91,60.91,False,False
17,Female,6.93,7.28,4.89,64.84,1.52,10.41,3.48,High,Alto,56.92,56.92052959397775,False,True
18,Male,0.17,8.36,6.68,70.56,4.51,1.31,1.14,Medium,Bajo,99.26,99.26,False,False
16,Male,5.44,3.21,7.57,79.7,3.14,9.06,3.62,Low,Medio,44.86,44.86,False,False
23,Male,4.38,7.94,5.98,93.35,2.55,8.77,4.39,High,Medio,80.19,80.19,False,False
18,Male,1.36,8.24,4.2,81.35,2.64,3.53,2.17,High,Bajo,94.12,94.12,False,False
22,Male,6.54,3.24,5.14,69.78,4.45,12.47,5.93,Low,Alto,27.61,27.61,False,False
20,Female,2.95,1.38,8.51,61.78,0.3,8.82,5.87,Medium,Medio,49.53,49.53,False,False
20,Male,2.35,2.84,6.62,84.88,1.95,4.76,2.41,Medium,Bajo,61.51,61.51,False,False
22,Male,6.63,2.81,8.08,76.81,4.21,11.19,4.56,Low,Alto,26.0,26.0,False,False
24,Male,5.11,1.59,6.78,99.37,0.19,6.26,1.15,Low,Medio,43.46,43.46,False,False
20,Female,7.06,7.39,8.55,91.19,3.2,11.52,4.46,Low,Alto,78.12,78.11775480039478,False,True
16,Female,5.04,4.42,8.55,92.33,2.02,9.16,4.12,Low,Medio,67.61,67.61,False,False
16,Female,5.93,8.96,6.41,60.49,1.02,11.04,5.11,Low,Alto,76.05,76.05493862387472,False,True
17,Male,6.69,3.27,5.59,91.11,3.06,9.21,2.52,Low,Alto,45.79,45.79481183316601,False,True
21,Female,0.44,5.08,7.01,67.78,4.16,5.83,5.39,Medium,Bajo,82.06,82.06,False,False
24,Male,6.21,6.75,7.37,83.43,2.34,11.5,5.29,Low,Alto,72.66,72.66,False,False
23,Female,4.91,8.9,6.49,77.9,0.73,9.26,4.35,Medium,Medio,71.05,71.05,False,False
20,Female,0.56,5.72,8.11,82.86,1.53,3.92,3.36,Medium,Bajo,90.15,90.15,False,False
16,Male,4.07,4.36,4.92,65.34,4.91,8.16,4.09,Medium,Medio,38.82,38.82,False,False
22,Female,0.66,8.8,5.67,78.28,0.56,5.31,4.65,High,Bajo,100.0,100.0,False,False
20,Female,5.89,3.79,7.43,61.48,0.8,11.77,5.88,Low,Alto,41.48,41.48,False,False
21,Male,4.37,1.71,5.23,61.64,4.95,5.98,1.61,Medium,Medio,29.05,29.05,False,False
22,Female,7.63,5.01,6.2,86.31,4.41,10.2,2.57,Low,Alto,39.94,39.94,False,False
18,Male,1.47,8.07,8.82,98.07,3.54,6.37,4.9,Medium,Bajo,100.0,100.0,False,False
18,Male,4.85,1.28,7.13,91.1,0.75,7.9,3.05,Medium,Medio,51.41,51.41,False,False
20,Male,1.69,6.27,8.75,78.77,1.2,6.05,4.36,Medium,Bajo,95.63,95.63,False,False
21,Male,4.91,6.35,7.61,62.23,0.9,6.58,1.67,Medium,Medio,65.83,65.83,False,False
24,Female,5.78,9.36,7.62,61.8,3.15,10.33,4.55,Low,Alto,83.61,83.61092876584584,False,True
20,Male,5.78,3.58,6.96,66.32,1.99,10.15,4.37,Low,Alto,46.04,46.04,False,False
16,Female,6.52,3.51,4.71,99.03,0.24,10.45,3.93,Low,Alto,30.3,30.3,False,False
19,Male,6.83,4.96,6.6,75.95,1.46,11.66,4.83,Low,Alto,47.39,47.39,False,False
20,Other,0.62,4.21,5.26,93.74,4.3,6.02,5.4,Medium,Bajo,70.85,70.85,False,False
20,Female,2.75,7.63,8.99,88.21,3.98,7.9,5.15,Medium,Bajo,96.53,96.53,False,False
22,Female,5.5,6.78,5.33,84.22,3.22,7.14,1.64,Low,Alto,65.87,65.87,False,False
19,Male,3.99,7.83,5.15,97.91,0.43,8.71,4.72,High,Medio,79.67,79.67,False,False
16,Male,1.53,8.38,7.12,69.22,4.41,4.78,3.25,Medium,Bajo,100.0,100.0,False,False
20,Male,4.42,9.31,6.55,78.2,2.67,7.09,2.67,Medium,Medio,90.1,90.1,False,False
22,Female,3.26,4.88,4.11,94.59,2.47,8.66,5.4,Medium,Medio,60.58,60.58,False,False
21,Female,3.12,9.86,4.65,82.07,4.67,6.92,3.8,High,Medio,92.52,92.52,False,False
20,Male,6.48,2.94,8.06,69.86,0.04,9.99,3.51,Low,Alto,35.43,35.43,False,False
19,Male,3.26,7.43,6.42,68.36,2.78,8.18,4.92,Medium,Medio,78.9,78.9,False,False
17,Female,0.21,5.81,4.73,90.12,3.96,3.98,3.77,Medium,Bajo,82.99,82.99,False,False
19,Male,0.46,8.35,6.33,60.51,0.32,5.75,5.29,Medium,Bajo,88.17,88.17,False,False
18,Female,6.85,5.29,5.27,96.57,1.79,8.36,1.51,Low,Alto,48.14,48.14,False,False
16,Female,7.68,8.06,5.12,60.74,4.89,12.56,4.88,High,Alto,54.77,54.76843732590896,False,True
23,Female,5.35,9.1,8.54,85.24,1.06,7.33,1.98,Low,Medio,90.77,90.76591705382256,False,True
20,Male,2.91,7.59,5.81,84.19,2.66,5.04,2.13,High,Medio,80.38,80.38,False,False
19,Male,7.51,7.98,4.23,83.14,3.73,9.41,1.9,High,Alto,53.25,53.24849641996617,False,True
23,Female,5.3,1.6,8.85,78.97,1.95,7.49,2.19,Low,Medio,42.07,42.07,False,False
22,Female,6.75,2.84,7.97,94.1,2.04,11.41,4.66,Low,Alto,37.3,37.3,False,False
17,Male,6.13,9.77,5.27,86.37,0.32,10.41,4.28,High,Alto,85.35,85.34850533317113,False,True
16,Male,3.03,7.24,6.04,91.27,0.95,5.18,2.15,Medium,Medio,89.74,89.74,False,False
19,Female,3.83,6.05,8.31,64.62,4.4,6.18,2.35,Medium,Medio,70.0,70.0,False,False
23,Female,1.49,4.3,5.79,62.0,4.09,2.99,1.5,Medium,Bajo,63.15,63.15,False,False
17,Female,2.34,1.4,6.84,61.14,1.52,5.41,3.07,Medium,Bajo,46.88,46.88,False,False
18,Other,6.23,4.32,6.67,65.89,1.91,9.12,2.89,Low,Alto,47.92,47.92,False,False
16,Male,7.15,5.49,6.01,86.68,2.2,8.88,1.73,Low,Alto,55.52,55.52,False,False
16,Male,5.8,2.9,7.2,79.76,1.73,10.97,5.17,Low,Alto,38.82,38.82,False,False
18,Female,3.72,2.56,6.37,90.09,3.27,8.98,5.26,Medium,Medio,42.14,42.14,False,False
20,Female,0.69,5.58,4.11,67.67,0.06,2.24,1.55,Medium,Bajo,61.64,61.64,False,False
18,Male,0.46,6.27,8.07,74.68,4.4,2.79,2.33,Medium,Bajo,82.77,82.77,False,False
16,Male,2.99,3.16,4.57,95.54,1.5,7.67,4.68,Medium,Medio,57.65,57.65,False,False
16,Female,3.71,6.29,6.32,97.43,4.36,9.06,5.35,Medium,Medio,78.44,78.44,False,False
23,Male,4.87,9.1,6.9,96.87,2.27,6.23,1.36,Medium,Medio,90.85,90.85,False,False
17,Male,0.05,5.26,7.53,92.73,3.88,5.56,5.51,Medium,Bajo,100.0,101.01240878714766,True,True
18,Female,7.92,8.72,6.05,87.53,4.13,9.23,1.31,Low,Alto,77.49,77.49275493733883,False,True
17,Female,2.91,9.35,7.68,96.55,1.51,7.08,4.17,Medium,Medio,100.0,100.0,False,False
18,Female,6.78,1.83,4.66,88.57,3.2,7.89,1.11,Low,Alto,24.56,24.56,False,False
22,Male,4.28,1.86,7.27,98.16,3.04,9.92,5.64,Medium,Medio,44.61,44.61,False,False
16,Female,1.04,5.28,8.13,60.99,2.38,3.81,2.77,Medium,Bajo,82.83,82.83,False,False
23,Female,6.38,6.29,8.45,96.87,2.35,10.62,4.24,Low,Alto,75.3,75.3,False,False
17,Female,5.68,4.83,6.9,82.23,1.53,7.6,1.92,Low,Alto,51.43,51.43,False,False
18,Female,4.22,3.94,5.56,64.47,1.55,6.83,2.61,Medium,Medio,53.41,53.41,False,False
24,Male,4.12,6.77,4.82,68.6,2.74,8.86,4.74,Medium,Medio,64.37,64.37,False,False
22,Male,0.7,1.02,5.73,94.09,0.16,6.56,5.86,Medium,Bajo,60.01,60.01,False,False
19,Male,5.25,9.71,6.7,80.24,4.67,11.21,5.96,Low,Medio,88.12,88.12121322787581,False,True
20,Male,7.29,3.09,4.98,99.31,3.25,12.34,5.05,Low,Alto,32.7,32.7,False,False
17,Female,0.75,9.25,8.76,64.7,2.22,5.99,5.24,Medium,Bajo,100.0,100.0,False,False
23,Female,2.11,1.98,8.49,76.5,0.31,7.96,5.85,Medium,Bajo,63.81,63.81,False,False
19,Female,7.22,3.14,4.16,73.27,3.15,8.42,1.2,Low,Alto,18.52,18.52,False,False
24,Female,2.27,3.11,6.81,80.65,0.09,4.12,1.85,Medium,Bajo,69.21,69.21,False,False
20,Male,5.2,9.91,7.89,85.34,3.4,6.49,1.29,Low,Medio,100.0,112.16977415221528,True,True
24,Male,4.28,1.04,5.23,86.47,0.36,7.79,3.51,Medium,Medio,26.56,26.56,False,False
19,Male,4.77,6.76,6.62,60.05,3.28,10.56,5.79,Medium,Medio,60.17,60.17,False,False
20,Male,3.33,8.83,6.03,63.56,2.03,7.24,3.91,Medium,Medio,80.84,80.84,False,False
24,Male,2.4,7.05,4.98,61.4,3.31,6.18,3.78,High,Bajo,76.66,76.66,False,False
23,Female,0.39,4.26,7.07,94.58,0.69,5.52,5.13,Medium,Bajo,79.25,79.25,False,False
18,Other,5.58,9.02,8.4,72.53,0.59,11.59,6.01,Low,Alto,87.02,87.02205718422184,False,True
16,Male,5.97,9.04,5.83,74.68,1.24,10.46,4.49,High,Alto,69.74,69.74328788570688,False,True
18,Male,5.37,4.91,6.76,78.01,2.06,10.85,5.48,Low,Medio,58.65,58.65,False,False
19,Female,5.15,6.16,5.64,93.97,1.27,7.03,1.88,Low,Medio,53.97,53.97,False,False
17,Male,1.95,9.71,8.38,60.57,0.41,5.47,3.52,Medium,Bajo,100.0,100.0,False,False
16,Female,0.18,9.84,8.32,64.74,1.63,3.0,2.82,Medium,Bajo,100.0,100.0,False,False
22,Female,6.47,5.05,4.89,87.41,3.53,9.13,2.66,Low,Alto,40.93,40.93,False,False
23,Female,3.93,8.63,8.5,98.56,2.92,6.0,2.07,Medium,Medio,93.92,93.92,False,False
22,Male,2.45,3.72,4.76,85.71,4.82,7.92,5.47,Medium,Bajo,54.81,54.81,False,False
20,Female,0.82,4.35,4.48,70.44,2.18,4.07,3.25,Medium,Bajo,62.55,62.55,False,False
16,Male,0.5,2.48,7.26,80.79,1.66,4.15,3.65,Medium,Bajo,66.77,66.77,False,False
22,Female,2.79,2.88,5.93,99.0,3.47,5.17,2.38,Medium,Bajo,53.65,53.65,False,False
22,Male,6.44,6.91,6.65,81.12,2.06,12.25,5.81,Low,Alto,57.68,57.68,False,False
24,Male,7.35,5.6,7.26,74.94,3.09,11.41,4.06,Low,Alto,45.79,45.79,False,False
18,Female,7.17,3.08,4.26,75.34,4.73,8.17,1.0,Low,Alto,22.06,22.06,False,False
24,Female,7.36,4.63,5.46,98.68,2.5,9.7,2.34,Low,Alto,29.08,29.08,False,False
16,Female,7.26,4.36,6.3,88.76,2.49,13.26,6.0,Low,Alto,36.47,36.47,False,False
16,Female,4.22,9.89,5.33,87.49,3.88,10.09,5.87,High,Medio,79.3,79.3,False,False
19,Female,1.76,8.68,4.24,69.28,3.78,5.48,3.72,High,Bajo,87.61,87.61,False,False
24,Male,6.38,4.49,4.43,82.38,2.58,10.2,3.82,Low,Alto,34.99,34.99,False,False
21,Female,1.71,9.23,8.01,74.27,0.32,7.22,5.51,Medium,Bajo,100.0,100.0,False,False
18,Female,2.14,4.08,8.56,69.61,4.9,6.68,4.54,Medium,Bajo,78.21,78.21,False,False
16,Female,1.87,7.01,4.76,95.82,1.89,7.53,5.66,High,Bajo,84.62,84.62,False,False
19,Female,4.12,9.7,5.25,75.33,1.58,7.52,3.4,High,Medio,86.54,86.54,False,False
24,Male,2.57,4.51,7.26,71.31,4.91,8.45,5.88,Medium,Bajo,72.53,72.53,False,False
18,Female,1.23,7.12,8.77,97.27,4.36,4.93,3.7,Medium,Bajo,100.0,107.06897784285844,True,True
24,Male,3.63,3.66,5.5,67.89,1.65,7.85,4.22,Medium,Medio,54.36,54.36,False,False
22,Male,6.99,3.4,8.28,89.82,1.54,8.4,1.41,Low,Alto,44.18,44.18,False,False
19,Female,4.56,6.17,6.53,86.11,3.6,8.62,4.06,Medium,Medio,68.13,68.13,False,False
18,Male,6.31,8.81,7.88,96.82,1.67,11.87,5.56,Low,Alto,93.2,93.20214596741016,False,True
20,Female,1.57,5.08,4.68,93.28,1.26,4.77,3.2,Medium,Bajo,70.35,70.35,False,False
20,Male,1.34,9.44,8.87,88.21,4.9,4.85,3.51,Medium,Bajo,100.0,100.0,False,False
18,Male,4.6,9.23,6.2,72.58,2.83,7.57,2.97,Medium,Medio,77.99,77.99,False,False
24,Female,3.71,3.28,8.76,79.82,3.81,9.56,5.85,Medium,Medio,64.52,64.52,False,False
19,Female,5.28,4.62,6.29,97.78,3.57,8.66,3.38,Low,Medio,55.92,55.92,False,False
20,Female,6.36,6.79,6.65,60.93,3.78,7.99,1.63,Low,Alto,54.98,54.98,False,False
19,Female,6.01,5.66,8.02,91.77,4.52,7.15,1.14,Low,Alto,70.06,70.06,False,False
20,Female,7.54,1.86,7.61,70.07,2.5,12.4,4.86,Low,Alto,21.85,21.85,False,False
22,Male,3.19,9.94,7.1,67.4,3.77,6.93,3.74,Medium,Medio,100.0,100.0,False,False
24,Male,1.65,7.77,6.08,69.29,3.98,2.66,1.01,Medium,Bajo,87.37,87.37,False,False
22,Male,4.41,4.94,7.96,62.39,4.73,7.32,2.91,Medium,Medio,68.84,68.84,False,False
20,Female,0.89,6.56,8.74,99.68,3.57,6.46,5.57,Medium,Bajo,97.48,97.48,False,False
22,Female,2.31,1.79,4.05,94.79,4.46,8.05,5.74,Medium,Bajo,42.09,42.09,False,False
20,Male,1.66,5.46,6.94,80.84,0.48,2.93,1.27,Medium,Bajo,84.12,84.12,False,False
18,Female,3.17,9.38,8.33,88.6,0.63,4.79,1.62,Medium,Medio,100.0,100.0,False,False
22,Female,0.89,9.07,7.27,82.26,0.79,1.91,1.02,Medium,Bajo,98.59,98.59,False,False
17,Male,0.25,4.04,8.0,92.46,0.72,5.59,5.34,Medium,Bajo,78.09,78.09,False,False
24,Male,5.25,5.78,8.48,93.79,0.44,6.6,1.35,Low,Medio,63.63,63.63310311255715,False,True
16,Female,4.88,7.28,7.75,69.31,0.61,6.42,1.54,Medium,Medio,67.16,67.16,False,False
21,Female,5.67,4.06,7.59,78.39,4.98,7.81,2.14,Low,Alto,47.94,47.94,False,False
22,Female,5.28,1.58,8.82,85.39,1.36,10.87,5.59,Low,Medio,53.56,53.56,False,False
23,Male,0.91,5.55,8.32,99.14,2.39,5.35,4.44,Medium,Bajo,98.15,98.15,False,False
24,Other,2.33,6.41,8.08,87.31,4.11,6.41,4.08,Medium,Bajo,91.48,91.48,False,False
17,Male,1.04,1.05,4.43,95.91,0.59,5.96,4.92,Medium,Bajo,66.5,66.5,False,False
17,Male,6.74,1.86,5.2,93.84,1.59,11.21,4.47,Low,Alto,16.15,16.15,False,False
20,Other,5.98,2.87,6.78,83.28,0.8,10.71,4.73,Low,Alto,39.74,39.74,False,False
20,Male,1.61,4.13,7.55,95.75,0.31,2.98,1.37,Medium,Bajo,94.8,94.8,False,False
21,Female,2.73,5.87,5.52,75.1,4.8,6.68,3.95,Medium,Bajo,68.27,68.27,False,False
18,Male,7.73,3.64,4.47,75.17,4.29,12.5,4.77,Low,Alto,15.15,15.15,False,False
23,Female,4.75,3.49,5.56,91.24,4.4,8.58,3.83,Medium,Medio,53.93,53.93,False,False
16,Female,6.39,8.79,7.82,65.38,4.34,7.47,1.08,Low,Alto,79.15,79.15443551761663,False,True
21,Male,2.12,2.31,8.39,72.23,0.77,4.18,2.06,Medium,Bajo,69.21,69.21,False,False
19,Female,1.68,5.46,8.56,84.34,3.92,7.49,5.81,Medium,Bajo,97.1,97.1,False,False
16,Male,6.27,9.58,5.89,76.8,3.64,10.79,4.52,High,Alto,84.2,84.2048807656223,False,True
22,Female,5.49,6.63,5.86,97.63,4.63,9.93,4.44,Low,Alto,71.68,71.68,False,False
24,Male,5.45,7.45,6.03,98.34,1.1,9.75,4.3,Low,Medio,82.29,82.2905747090448,False,True
19,Male,4.42,4.88,5.88,80.1,2.07,6.06,1.64,Medium,Medio,58.91,58.91,False,False
19,Male,4.51,1.18,7.33,81.56,1.47,5.53,1.02,Medium,Medio,44.64,44.64,False,False
21,Male,5.89,6.82,5.79,88.99,1.29,9.09,3.2,Low,Alto,60.24,60.24,False,False
18,Female,2.16,6.69,4.1,78.29,3.26,5.38,3.22,Medium,Bajo,81.23,81.23,False,False
21,Male,2.82,1.99,6.2,67.6,0.82,7.88,5.06,Medium,Medio,47.9,47.9,False,False
22,Male,6.97,5.16,5.12,89.88,2.32,8.88,1.91,Low,Alto,43.05,43.05,False,False
18,Male,2.47,9.24,4.14,89.51,3.23,4.85,2.38,High,Bajo,84.51,84.51,False,False
22,Male,4.37,2.85,6.35,69.8,0.65,5.76,1.39,Medium,Medio,41.95,41.95,False,False
18,Female,5.62,5.15,5.03,93.32,1.28,8.62,3.0,Low,Alto,53.18,53.18,False,False
17,Other,8.0,5.15,6.26,84.55,4.84,10.28,2.28,Low,Alto,40.39,40.39,False,False
19,Male,3.48,8.3,5.39,69.45,3.98,5.79,2.31,High,Medio,86.28,86.28,False,False
23,Female,3.42,8.42,7.02,86.08,3.38,5.69,2.27,Medium,Medio,86.47,86.47,False,False
24,Female,6.59,7.66,8.75,69.34,4.28,8.9,2.31,Low,Alto,78.05,78.05368000881292,False,True
22,Male,6.44,4.29,6.74,70.61,0.07,9.04,2.6,Low,Alto,35.05,35.05,False,False
16,Female,5.85,1.65,7.23,93.92,0.03,9.53,3.68,Low,Alto,41.17,41.17,False,False
18,Female,3.71,4.15,8.6,97.18,0.77,6.9,3.19,Medium,Medio,88.46,88.46493540595333,False,True
24,Female,2.59,7.12,5.87,70.28,2.48,3.91,1.32,High,Bajo,78.16,78.16,False,False
16,Female,4.87,7.32,4.83,97.12,2.85,8.0,3.13,High,Medio,71.17,71.17,False,False
24,Male,7.01,9.69,5.41,69.55,0.57,12.24,5.23,High,Alto,75.13,75.12566223462531,False,True
23,Female,7.07,5.08,6.01,64.69,0.36,8.57,1.5,Low,Alto,33.98,33.98,False,False
16,Female,0.87,6.69,7.23,62.33,4.14,6.59,5.72,Medium,Bajo,80.03,80.03,False,False
21,Female,3.43,5.85,4.02,69.68,2.32,5.97,2.54,Medium,Medio,64.68,64.68,False,False
20,Female,3.72,2.36,8.27,75.41,4.96,4.79,1.07,Medium,Medio,63.07,63.073548115314935,False,True
21,Male,7.82,5.15,4.38,97.1,1.15,10.09,2.27,Low,Alto,31.07,31.07,False,False
20,Other,5.42,5.9,8.5,69.69,3.24,6.77,1.35,Low,Medio,80.1,80.1,False,False
21,Female,3.26,9.56,8.75,74.62,4.02,7.09,3.83,Medium,Medio,100.0,100.0,False,False
20,Male,0.21,4.3,8.95,89.37,4.36,2.79,2.58,Medium,Bajo,79.66,79.66,False,False
20,Male,4.52,9.82,8.05,72.08,1.53,9.55,5.03,Medium,Medio,96.8,96.8,False,False
19,Female,0.77,5.88,4.71,87.37,0.97,5.43,4.66,Medium,Bajo,69.77,69.77,False,False
18,Male,6.68,3.18,7.53,77.28,1.13,10.02,3.34,Low,Alto,40.18,40.18,False,False
18,Male,6.02,2.72,5.02,67.86,3.33,9.82,3.8,Low,Alto,29.41,29.41,False,False
19,Male,3.68,2.28,8.49,89.36,2.61,7.72,4.04,Medium,Medio,67.23,67.23,False,False
24,Male,3.43,5.08,5.58,61.08,2.99,5.78,2.35,Medium,Medio,53.41,53.41,False,False
17,Male,7.18,1.2,5.63,71.69,0.1,8.88,1.7,Low,Alto,11.28,11.28,False,False
24,Male,2.31,5.01,8.59,74.25,1.95,5.19,2.88,Medium,Bajo,79.33,79.33,False,False
16,Male,1.99,9.9,4.07,78.33,1.55,3.46,1.47,High,Bajo,100.0,100.0,False,False
16,Female,7.51,7.03,4.97,87.19,4.32,10.08,2.57,High,Alto,55.62,55.61577247306304,False,True
20,Female,6.47,7.84,6.11,78.38,3.88,10.23,3.76,Low,Alto,71.53,71.52674068711406,False,True
21,Male,6.57,2.07,7.5,83.77,2.15,10.27,3.7,Low,Alto,39.96,39.96,False,False
21,Male,1.56,5.26,7.24,83.83,3.15,3.16,1.6,Medium,Bajo,85.66,85.66,False,False
18,Female,1.15,3.58,7.35,74.93,0.24,2.19,1.04,Medium,Bajo,83.21,83.21,False,False
22,Male,0.21,9.05,8.4,97.36,3.19,1.65,1.44,Medium,Bajo,100.0,100.0,False,False
24,Male,1.9,2.63,4.61,98.23,0.49,3.08,1.18,Medium,Bajo,67.93,67.93,False,False
23,Male,6.19,5.13,6.61,83.27,3.57,9.19,3.0,Low,Alto,48.92,48.92,False,False
21,Female,1.92,6.29,7.63,62.87,2.87,4.87,2.95,Medium,Bajo,89.78,89.78,False,False
23,Female,5.83,5.63,7.18,79.65,1.5,8.04,2.21,Low,Alto,64.03,64.03,False,False
20,Female,2.02,8.47,6.24,67.38,1.85,4.1,2.08,Medium,Bajo,84.84,84.84,False,False
23,Female,3.16,3.08,4.09,79.33,0.45,6.14,2.98,Medium,Medio,52.13,52.13,False,False
19,Female,7.87,4.4,4.3,67.54,1.61,9.3,1.43,Low,Alto,27.49,27.48567673755596,False,True
23,Male,1.96,8.13,4.59,88.15,4.83,4.03,2.07,High,Bajo,100.0,100.0,False,False
17,Female,3.01,5.75,5.72,63.22,2.43,6.04,3.03,Medium,Medio,64.58,64.58,False,False
20,Male,2.41,4.62,4.59,98.13,2.37,3.88,1.47,Medium,Bajo,69.5,69.5,False,False
24,Female,0.88,1.26,6.13,67.82,3.15,6.08,5.2,Medium,Bajo,49.99,49.99,False,False
19,Female,3.92,7.78,4.89,86.43,2.42,8.3,4.38,High,Medio,87.85,87.84510869305112,False,True
21,Female,3.03,9.75,7.9,96.68,1.78,5.95,2.92,Medium,Medio,97.64,97.64,False,False
16,Male,5.56,6.58,8.36,69.92,0.7,7.31,1.75,Low,Alto,60.62,60.62,False,False
24,Male,6.54,8.71,5.95,97.37,3.15,8.51,1.97,High,Alto,83.74,83.73617330094483,False,True
16,Female,4.35,5.65,6.56,75.55,3.74,5.95,1.6,Medium,Medio,64.79,64.79,False,False
20,Female,0.26,3.09,8.77,98.42,4.62,2.06,1.8,Medium,Bajo,72.86,72.86,False,False
19,Female,4.95,1.13,6.68,98.85,0.02,8.06,3.11,Medium,Medio,37.96,37.96,False,False
18,Male,0.44,6.88,8.98,67.52,0.33,2.67,2.23,Medium,Bajo,94.91,94.91,False,False
21,Female,4.93,5.44,4.71,93.24,4.5,10.35,5.42,Medium,Medio,55.13,55.13,False,False
17,Female,5.48,8.04,8.31,67.74,3.16,11.28,5.8,Low,Alto,95.0,95.0002909165002,False,True
18,Female,1.58,7.25,6.49,69.06,4.79,6.04,4.46,Medium,Bajo,97.49,97.49,False,False
20,Female,6.55,9.89,4.11,63.37,2.15,11.59,5.04,High,Alto,59.67,59.67023462540532,False,True
24,Female,7.29,5.59,8.86,66.26,2.08,9.57,2.28,Low,Alto,56.71,56.71017531018326,False,True
17,Female,6.5,4.84,8.83,85.29,1.72,10.83,4.33,Low,Alto,57.37,57.37,False,False
23,Female,2.44,3.58,5.92,77.97,0.71,3.73,1.29,Medium,Bajo,53.52,53.52,False,False
17,Other,4.69,5.29,8.77,91.64,1.89,10.49,5.8,Medium,Medio,80.26,80.26,False,False
20,Male,7.32,8.86,4.71,73.28,0.07,11.67,4.35,High,Alto,69.97,69.9715172799615,False,True
22,Male,2.57,1.38,7.4,98.74,2.55,5.15,2.58,Medium,Bajo,63.51,63.51,False,False
23,Female,6.56,9.8,4.96,61.99,4.24,11.43,4.87,High,Alto,67.15,67.14660399561133,False,True
16,Female,0.08,9.94,5.23,62.52,1.61,1.16,1.08,High,Bajo,95.38,95.38,False,False
21,Female,0.03,6.38,7.9,88.05,0.47,2.91,2.88,Medium,Bajo,93.44,93.44,False,False
16,Female,6.08,3.98,5.89,95.5,4.87,11.56,5.48,Low,Alto,45.56,45.56,False,False
17,Male,6.09,3.01,4.04,91.82,0.64,8.41,2.32,Low,Alto,29.58,29.58,False,False
16,Female,6.31,3.49,6.07,79.59,2.64,10.65,4.34,Low,Alto,41.92,41.92,False,False
20,Female,7.44,1.45,5.14,70.79,4.05,10.24,2.8,Low,Alto,23.24,23.24,False,False
24,Male,0.94,5.28,7.42,60.54,1.26,3.9,2.96,Medium,Bajo,80.61,80.61,False,False
21,Male,1.86,1.52,4.97,80.38,4.21,6.59,4.73,Medium,Bajo,43.3,43.3,False,False
16,Female,7.23,7.47,8.21,79.03,2.79,12.78,5.55,Low,Alto,75.13,75.12712682042016,False,True
16,Male,1.42,4.35,5.34,73.77,1.66,3.25,1.83,Medium,Bajo,65.27,65.27,False,False
17,Female,5.46,2.79,5.97,83.12,4.33,7.84,2.38,Low,Medio,47.27,47.26991472313569,False,True
24,Male,4.24,5.9,5.49,89.15,3.11,7.68,3.44,Medium,Medio,66.47,66.47,False,False
18,Female,0.67,9.76,7.22,88.04,3.08,4.74,4.07,Medium,Bajo,100.0,100.0,False,False
16,Female,2.28,7.26,4.51,70.53,2.52,5.62,3.34,High,Bajo,70.7,70.7,False,False
20,Female,4.16,5.43,6.39,83.41,1.37,9.19,5.03,Medium,Medio,68.8,68.8,False,False
22,Male,6.82,7.99,5.67,65.95,1.52,11.66,4.84,High,Alto,54.48,54.48220060669546,False,True
21,Female,5.66,7.64,8.42,64.86,0.44,8.69,3.03,Low,Alto,80.71,80.71091769299122,False,True
16,Male,4.98,9.03,4.37,91.43,1.22,6.18,1.2,High,Medio,72.35,72.35,False,False
20,Male,3.97,2.84,8.15,87.75,1.39,5.94,1.97,Medium,Medio,61.54,61.54,False,False
20,Other,2.39,8.73,4.84,90.72,0.29,5.82,3.43,High,Bajo,93.35,93.3485808810224,False,True
21,Female,0.95,3.71,4.44,66.1,0.55,6.59,5.64,Medium,Bajo,59.16,59.16,False,False
18,Female,3.27,9.47,5.01,96.58,1.35,7.11,3.84,High,Medio,100.0,100.0,False,False
20,Male,0.23,3.53,4.51,65.32,3.39,3.88,3.65,Medium,Bajo,63.5,63.50126464045791,False,True
22,Male,1.69,9.34,6.6,94.8,0.92,6.31,4.62,Medium,Bajo,100.0,100.0,False,False
20,Male,3.46,9.67,8.94,74.1,2.61,5.22,1.76,Medium,Medio,100.0,100.0,False,False
20,Female,3.35,2.31,4.17,64.22,2.54,5.08,1.73,Medium,Medio,38.6,38.6,False,False
20,Female,0.35,9.77,6.31,71.47,4.17,3.08,2.73,Medium,Bajo,97.98,97.98,False,False
18,Female,4.71,1.77,5.93,67.26,3.05,10.68,5.97,Medium,Medio,39.61,39.61,False,False
16,Female,4.4,2.97,5.7,79.63,4.58,9.78,5.38,Medium,Medio,50.09,50.09,False,False
20,Male,0.62,5.0,5.66,97.99,3.14,5.02,4.4,Medium,Bajo,87.47,87.47,False,False
24,Male,6.69,8.8,7.51,73.11,0.13,10.51,3.82,Low,Alto,92.52,92.5246279711659,False,True
16,Male,0.8,5.4,4.09,84.48,1.91,4.57,3.77,Medium,Bajo,82.11,82.11,False,False
18,Male,6.84,5.95,7.87,95.67,3.5,9.36,2.52,Low,Alto,50.74,50.74,False,False
19,Male,0.0,7.25,5.26,85.2,2.38,4.37,4.37,High,Bajo,97.72,97.72,False,False
16,Female,7.06,9.71,5.92,74.49,2.1,10.15,3.09,High,Alto,72.97,72.97289917257869,False,True
16,Male,0.16,8.05,6.1,99.63,3.36,1.76,1.6,Medium,Bajo,99.74,99.74,False,False
23,Female,6.06,3.02,5.52,67.5,1.43,8.14,2.08,Low,Alto,27.04,27.04,False,False
17,Male,2.89,3.73,4.47,80.93,4.54,6.93,4.04,Medium,Medio,66.53,66.53052453310427,False,True
23,Other,5.91,1.88,4.57,91.87,2.07,10.38,4.47,Low,Alto,32.39,32.39,False,False
22,Female,3.21,6.8,5.49,60.03,3.16,4.69,1.48,Medium,Medio,73.0,72.99880801021058,False,True
17,Female,0.57,2.63,8.11,88.08,4.91,5.61,5.04,Medium,Bajo,75.15,75.15,False,False
21,Male,6.14,3.32,4.67,70.66,3.93,11.26,5.12,Low,Alto,43.19,43.19,False,False
21,Female,0.57,8.99,7.71,66.79,2.66,5.19,4.62,Medium,Bajo,100.0,100.0,False,False
18,Female,7.38,3.94,5.44,70.97,4.3,11.8,4.42,Low,Alto,24.62,24.62,False,False
17,Male,0.41,6.1,8.42,98.67,2.8,2.57,2.16,Medium,Bajo,100.0,100.0,False,False
16,Male,3.83,4.58,6.14,95.68,2.21,9.43,5.6,Medium,Medio,57.88,57.88,False,False
21,Male,5.78,1.67,4.86,68.55,4.37,8.12,2.34,Low,Alto,23.46,23.46,False,False
20,Female,3.15,4.27,8.93,64.68,0.14,5.06,1.91,Medium,Medio,57.49,57.49,False,False
24,Female,1.74,4.67,4.88,74.57,2.04,5.93,4.19,Medium,Bajo,63.42,63.42,False,False
16,Female,6.07,9.06,6.84,83.69,1.71,8.89,2.82,Low,Alto,84.18,84.17602926350791,False,True
22,Male,6.27,3.92,6.85,94.69,3.57,11.94,5.67,Low,Alto,43.54,43.54,False,False
20,Male,7.38,4.41,5.86,98.64,0.06,10.68,3.3,Low,Alto,33.16,33.16,False,False
20,Female,3.01,8.05,8.76,90.05,3.3,4.83,1.82,Medium,Medio,100.0,100.0,False,False
17,Male,4.05,7.83,8.22,83.96,1.73,9.84,5.79,Medium,Medio,95.75,95.75,False,False
18,Female,2.91,8.18,8.15,65.69,0.49,6.49,3.58,Medium,Medio,100.0,100.0,False,False
22,Female,2.06,9.58,8.87,62.96,4.9,5.65,3.59,Medium,Bajo,100.0,100.0,False,False
21,Male,6.01,8.16,6.29,83.84,1.06,8.94,2.93,Low,Alto,84.86,84.85605763016744,False,True
17,Female,2.72,4.67,4.49,81.56,1.75,7.9,5.18,Medium,Bajo,67.52,67.52,False,False
21,Male,3.43,8.39,7.83,93.84,1.04,5.87,2.44,Medium,Medio,97.71,97.71,False,False
17,Female,3.23,5.58,5.9,72.9,3.31,4.3,1.07,Medium,Medio,70.88,70.88,False,False
17,Male,5.7,3.5,4.95,61.59,3.91,9.19,3.49,Low,Alto,34.36,34.36,False,False
17,Female,7.34,3.73,6.42,76.95,4.3,12.97,5.63,Low,Alto,33.67,33.67,False,False
18,Male,5.33,3.01,8.63,98.77,1.55,7.7,2.37,Low,Medio,53.92,53.92,False,False
17,Male,3.77,2.3,4.86,91.82,2.62,6.1,2.33,Medium,Medio,42.77,42.77067476536303,False,True
19,Female,6.23,2.66,8.24,61.35,3.32,10.92,4.69,Low,Alto,43.98,43.97683657422223,False,True
24,Male,5.13,1.57,6.09,94.99,3.15,10.01,4.88,Low,Medio,35.2,35.2,False,False
21,Female,0.48,9.0,4.68,78.87,3.58,3.66,3.18,High,Bajo,94.33,94.33,False,False
16,Male,0.77,9.38,8.24,74.59,3.85,5.94,5.17,Medium,Bajo,100.0,100.0,False,False
23,Female,0.3,6.28,8.85,73.87,0.49,2.16,1.86,Medium,Bajo,100.0,100.0,False,False
22,Male,3.65,8.56,5.46,83.81,0.84,6.49,2.84,High,Medio,85.15,85.15,False,False
18,Female,6.61,2.65,5.52,81.22,3.67,9.63,3.02,Low,Alto,29.54,29.537818650966003,False,True
16,Male,2.5,9.12,5.95,86.27,2.38,5.06,2.56,High,Bajo,94.55,94.55,False,False
20,Male,3.07,5.56,8.07,82.95,2.14,5.16,2.09,Medium,Medio,75.9,75.9,False,False
19,Male,7.28,1.6,4.05,65.76,2.28,9.97,2.69,Low,Alto,6.86,6.86,False,False
23,Female,6.7,2.27,5.12,70.29,1.86,7.79,1.09,Low,Alto,18.17,18.17,False,False
16,Male,5.32,3.78,7.53,93.64,2.96,9.84,4.52,Low,Medio,60.86,60.86,False,False
16,Female,2.13,1.39,6.03,86.53,1.62,6.55,4.42,Medium,Bajo,47.96,47.96,False,False
19,Female,0.94,3.78,5.65,77.94,3.18,4.19,3.25,Medium,Bajo,77.76,77.76,False,False
23,Male,0.13,1.54,8.36,67.3,1.01,2.74,2.61,Medium,Bajo,55.41,55.41,False,False
20,Female,0.86,3.12,8.59,60.31,3.79,4.03,3.17,Medium,Bajo,71.11,71.11,False,False
17,Male,2.34,3.39,8.74,72.48,3.91,8.02,5.68,Medium,Bajo,61.83,61.83,False,False
21,Male,4.41,9.95,5.36,62.19,2.89,8.43,4.02,High,Medio,86.51,86.51,False,False
20,Female,0.51,3.12,8.56,79.29,1.85,5.17,4.66,Medium,Bajo,76.25,76.25,False,False
17,Female,1.09,3.15,7.68,92.87,0.07,3.24,2.15,Medium,Bajo,81.23,81.23,False,False
18,Female,1.45,7.18,4.77,71.42,0.61,2.92,1.47,High,Bajo,80.61,80.61,False,False
24,Male,5.06,8.73,7.05,93.91,0.4,6.48,1.42,Low,Medio,100.0,101.04093068234889,True,True
22,Male,4.93,4.48,4.13,88.18,0.05,8.29,3.36,Medium,Medio,51.18,51.18,False,False
22,Male,4.41,8.88,7.54,65.01,3.61,8.99,4.58,Medium,Medio,89.31,89.30741638792,False,True
21,Female,2.0,4.06,7.67,85.78,4.78,6.87,4.87,Medium,Bajo,80.03,80.03,False,False
23,Female,2.97,2.77,7.95,66.07,0.06,7.57,4.6,Medium,Medio,53.55,53.55,False,False
19,Female,0.77,3.97,4.86,86.19,0.56,6.33,5.56,Medium,Bajo,62.92,62.92,False,False
23,Male,1.81,6.48,7.14,65.71,4.3,3.07,1.26,Medium,Bajo,84.21,84.21,False,False
19,Male,7.18,4.3,4.89,75.7,3.44,12.46,5.28,Low,Alto,28.22,28.22,False,False
23,Male,7.63,6.87,8.5,82.66,2.02,12.14,4.51,Low,Alto,80.68,80.68287643578981,False,True
24,Male,5.18,3.13,7.38,62.01,4.96,7.06,1.88,Low,Medio,43.1,43.1,False,False
18,Male,7.33,7.31,4.48,66.13,2.87,11.74,4.41,High,Alto,44.41,44.41031785517972,False,True
18,Female,5.14,4.13,4.94,72.82,3.35,8.7,3.56,Low,Medio,46.87,46.87,False,False
17,Female,0.27,5.1,7.32,78.49,3.27,3.07,2.8,Medium,Bajo,88.59,88.59,False,False
18,Female,7.97,6.02,6.38,94.34,1.11,10.21,2.24,Low,Alto,49.51,49.51,False,False
18,Male,0.79,7.18,7.68,67.49,2.44,4.11,3.32,Medium,Bajo,96.17,96.17,False,False
20,Male,5.46,3.15,5.4,73.9,1.08,7.66,2.2,Low,Medio,24.64,24.64,False,False
20,Female,2.02,8.52,7.29,79.03,2.55,3.43,1.41,Medium,Bajo,93.25,93.25,False,False
17,Male,3.14,7.5,4.88,71.83,0.15,8.37,5.23,High,Medio,76.89,76.88534550896554,False,True
21,Female,5.17,3.11,6.72,85.03,1.91,9.13,3.96,Low,Medio,38.68,38.68,False,False
20,Female,3.49,9.77,8.79,70.26,1.86,6.31,2.82,Medium,Medio,100.0,100.0,False,False
21,Male,2.0,6.98,7.14,90.89,1.46,5.23,3.23,Medium,Bajo,100.0,100.0,False,False
16,Female,2.68,5.07,4.25,80.21,0.4,8.0,5.32,Medium,Bajo,70.1,70.10109932514526,False,True
20,Male,2.73,2.42,8.94,63.45,3.85,5.33,2.6,Medium,Bajo,68.13,68.13040692113319,False,True
24,Female,7.67,5.8,4.78,85.08,2.1,10.57,2.9,Low,Alto,35.16,35.16,False,False
17,Female,6.39,2.48,7.59,82.77,4.07,11.22,4.83,Low,Alto,43.61,43.61,False,False
16,Male,3.67,4.87,6.66,73.54,4.18,5.67,2.0,Medium,Medio,71.04,71.04179350629198,False,True
24,Male,1.6,4.68,5.47,60.45,1.07,5.9,4.3,Medium,Bajo,66.44,66.44,False,False
24,Female,6.49,7.48,4.89,68.03,2.11,9.66,3.17,High,Alto,62.38,62.38011353837222,False,True
24,Female,1.26,2.73,4.89,76.23,3.6,4.76,3.5,Medium,Bajo,60.07,60.07,False,False
21,Male,1.68,8.4,8.29,68.0,2.5,6.61,4.93,Medium,Bajo,100.0,100.0,False,False
23,Female,2.93,3.94,8.36,83.1,4.28,8.9,5.97,Medium,Medio,75.45,75.45,False,False
16,Male,7.04,5.0,6.33,88.49,2.86,12.2,5.16,Low,Alto,63.31,63.31,False,False
19,Male,1.05,7.95,4.52,94.24,3.15,2.85,1.8,High,Bajo,100.0,100.0,False,False
16,Male,0.98,6.63,8.42,85.88,3.94,3.1,2.12,Medium,Bajo,98.03,98.03,False,False
23,Male,3.95,3.77,6.44,87.56,0.61,7.0,3.05,Medium,Medio,54.25,54.25,False,False
16,Male,2.21,4.48,6.19,84.34,2.92,6.81,4.6,Medium,Bajo,59.1,59.1,False,False
18,Other,4.55,3.75,6.04,99.42,0.43,8.1,3.55,Medium,Medio,63.5,63.5,False,False
19,Male,3.61,6.35,5.83,70.44,1.3,9.12,5.51,Medium,Medio,74.43,74.43,False,False
23,Male,3.48,3.99,6.63,70.65,1.06,4.72,1.24,Medium,Medio,55.53,55.53,False,False
21,Male,0.9,7.53,7.02,65.05,2.84,3.19,2.29,Medium,Bajo,90.63,90.63,False,False
22,Female,1.13,6.22,6.33,79.43,4.22,3.23,2.1,Medium,Bajo,90.11,90.11,False,False
23,Female,6.57,2.31,8.48,63.85,0.66,11.29,4.72,Low,Alto,36.22,36.22,False,False
17,Male,7.09,3.79,5.59,70.81,3.84,10.41,3.32,Low,Alto,44.96,44.96475423600024,False,True
23,Male,1.88,2.99,6.89,79.31,0.72,2.96,1.08,Medium,Bajo,62.62,62.62,False,False
18,Male,0.91,4.51,5.5,98.3,0.95,5.78,4.87,Medium,Bajo,80.18,80.18,False,False
22,Male,0.43,5.64,7.77,98.55,4.58,3.24,2.81,Medium,Bajo,95.02,95.02,False,False
18,Male,4.87,5.56,4.51,89.75,0.05,7.17,2.3,Medium,Medio,54.28,54.28,False,False
22,Male,5.72,7.79,4.94,75.57,0.99,7.63,1.91,High,Alto,76.38,76.38071453885672,False,True
17,Male,2.98,2.7,8.01,94.61,1.08,8.71,5.73,Medium,Medio,65.78,65.78,False,False
21,Female,5.44,9.52,4.92,95.02,1.41,11.15,5.71,High,Medio,90.43,90.42625091219584,False,True
18,Male,5.7,4.09,7.13,96.41,1.82,7.08,1.38,Low,Alto,56.33,56.33,False,False
18,Female,7.48,3.7,8.85,85.6,0.52,9.64,2.16,Low,Alto,40.08,40.08,False,False
24,Female,0.52,7.17,6.61,68.07,2.34,4.75,4.23,Medium,Bajo,92.4,92.4,False,False
22,Female,1.54,8.25,4.94,63.64,2.0,5.89,4.35,High,Bajo,97.37,97.36755881512325,False,True
20,Male,0.55,4.41,5.6,96.59,3.12,3.64,3.09,Medium,Bajo,85.47,85.47,False,False
22,Male,6.94,7.72,8.12,62.22,4.34,10.78,3.84,Low,Alto,70.25,70.24934880652862,False,True
24,Male,6.34,8.95,5.76,71.84,1.49,10.85,4.51,High,Alto,73.05,73.05305241888387,False,True
16,Female,4.6,7.9,7.62,79.48,2.73,10.35,5.75,Medium,Medio,83.54,83.54,False,False
22,Male,0.67,1.31,7.89,60.88,1.86,5.3,4.63,Medium,Bajo,61.53,61.53,False,False
21,Female,2.19,8.45,6.51,96.28,0.2,3.74,1.55,Medium,Bajo,91.27,91.27,False,False
24,Female,2.38,7.97,7.92,71.48,4.11,6.97,4.59,Medium,Bajo,99.94,99.94,False,False
16,Male,4.49,7.02,5.58,61.14,3.17,5.83,1.34,High,Medio,65.46,65.46,False,False
19,Female,2.06,7.84,6.58,99.74,0.01,5.57,3.51,Medium,Bajo,97.22,97.22,False,False
24,Male,0.58,9.81,7.43,72.46,1.25,4.21,3.63,Medium,Bajo,100.0,109.30571550263484,True,True
19,Male,5.85,4.88,4.84,95.07,1.54,10.74,4.89,Low,Alto,50.6,50.6,False,False
18,Male,2.39,1.61,5.37,78.14,4.06,3.45,1.06,Medium,Bajo,42.77,42.77,False,False
24,Male,3.62,5.15,7.26,86.53,3.8,8.99,5.37,Medium,Medio,62.18,62.18,False,False
17,Female,1.02,1.42,7.28,69.64,1.98,5.34,4.32,Medium,Bajo,65.8,65.80361398516699,False,True
19,Male,6.42,3.65,6.47,80.12,0.79,7.58,1.16,Low,Alto,37.92,37.92,False,False
21,Male,4.52,6.28,7.98,70.31,1.93,6.32,1.8,Medium,Medio,74.54,74.54,False,False
17,Female,7.21,3.79,6.41,98.04,4.05,8.41,1.2,Low,Alto,37.98,37.98,False,False
23,Female,3.96,7.17,8.41,62.44,2.26,8.79,4.83,Medium,Medio,73.91,73.91,False,False
23,Male,7.34,8.18,7.48,70.99,0.58,9.38,2.04,Low,Alto,63.99,63.98963809238701,False,True
16,Female,7.13,4.78,5.57,95.72,0.19,8.36,1.23,Low,Alto,41.7,41.7,False,False
18,Female,4.61,9.1,5.98,79.2,1.67,6.3,1.69,High,Medio,85.71,85.71,False,False
24,Male,7.47,1.72,7.34,84.0,0.74,11.27,3.8,Low,Alto,28.11,28.11,False,False
20,Male,2.58,8.56,8.47,86.07,3.73,6.06,3.48,Medium,Bajo,95.96,95.96,False,False
21,Male,2.93,8.46,4.89,62.84,1.39,5.16,2.23,High,Medio,86.39,86.3925211678864,False,True
19,Female,0.36,3.9,6.57,60.71,4.39,6.07,5.71,Medium,Bajo,71.33,71.33,False,False
17,Female,4.71,3.69,4.59,97.51,3.09,9.98,5.27,Medium,Medio,44.94,44.94,False,False
23,Female,5.78,3.75,5.4,70.86,1.97,8.35,2.57,Low,Alto,46.57,46.57,False,False
21,Female,6.19,8.3,7.43,75.21,3.05,9.56,3.37,Low,Alto,73.92,73.92048186023831,False,True
20,Male,1.2,8.48,4.39,87.28,1.48,4.78,3.58,High,Bajo,100.0,100.0,False,False
24,Male,3.55,3.97,7.31,69.45,0.71,8.33,4.78,Medium,Medio,63.97,63.97,False,False
16,Male,1.41,6.33,8.5,89.32,4.82,4.55,3.14,Medium,Bajo,96.99,96.99,False,False
20,Female,5.3,2.25,8.85,78.33,2.82,9.03,3.73,Low,Medio,48.08,48.08,False,False
21,Female,1.26,5.22,5.08,94.26,0.04,4.32,3.06,Medium,Bajo,94.87,94.87186469891468,False,True
20,Male,6.66,9.21,7.13,71.14,1.55,12.04,5.38,Low,Alto,84.73,84.73095197262086,False,True
21,Female,1.85,2.43,8.63,68.15,0.8,5.63,3.78,Medium,Bajo,70.4,70.4,False,False
21,Male,2.33,9.53,4.46,93.27,1.29,7.47,5.14,High,Bajo,88.36,88.36,False,False
22,Male,6.81,8.42,6.07,73.05,0.28,8.08,1.27,Low,Alto,72.39,72.38503386250412,False,True
19,Male,3.67,9.75,8.6,76.47,1.23,9.19,5.52,Medium,Medio,99.76,99.76,False,False
23,Male,0.19,2.62,5.01,91.75,3.42,5.29,5.1,Medium,Bajo,65.74,65.74,False,False
22,Male,3.96,2.92,8.67,85.42,4.1,9.05,5.09,Medium,Medio,57.84,57.84,False,False
24,Male,0.68,1.15,6.64,77.67,1.74,2.38,1.7,Medium,Bajo,57.24,57.24,False,False
22,Male,7.88,7.52,4.5,70.0,2.61,10.2,2.32,High,Alto,45.44,45.44068265234367,False,True
18,Male,4.7,6.8,6.25,90.57,0.21,10.6,5.9,Medium,Medio,59.4,59.4,False,False
18,Female,2.05,2.6,5.63,67.22,0.45,7.8,5.75,Medium,Bajo,52.86,52.86,False,False
23,Male,4.51,8.12,5.41,97.13,2.76,6.64,2.13,High,Medio,86.65,86.65,False,False
20,Other,0.61,3.69,6.71,66.01,4.2,3.77,3.16,Medium,Bajo,69.03,69.03228024504236,False,True
19,Male,6.4,2.21,6.42,92.2,0.44,8.18,1.78,Low,Alto,31.0,31.0,False,False
23,Male,7.4,4.8,6.41,76.97,2.09,9.71,2.31,Low,Alto,51.53,51.53483496713002,False,True
21,Male,7.0,1.82,4.44,67.44,4.85,8.92,1.92,Low,Alto,14.65,14.65,False,False
17,Male,2.73,3.37,8.01,76.1,3.69,4.13,1.4,Medium,Bajo,70.67,70.66508614136731,False,True
19,Female,2.61,4.34,6.41,68.86,0.99,6.51,3.9,Medium,Bajo,65.38,65.38,False,False
19,Male,0.28,8.67,8.1,65.44,1.43,2.48,2.2,Medium,Bajo,100.0,100.0,False,False
21,Female,5.21,8.13,8.12,69.57,4.74,11.17,5.96,Low,Medio,100.0,107.63555223728798,True,True
21,Female,4.28,4.98,5.59,94.7,1.1,7.86,3.58,Medium,Medio,67.38,67.38,False,False
16,Female,3.67,7.52,4.02,64.24,2.2,6.47,2.8,High,Medio,74.95,74.95,False,False
23,Female,7.26,6.12,8.56,98.9,1.78,12.83,5.57,Low,Alto,61.97,61.97,False,False
21,Female,1.34,4.07,7.8,60.2,2.45,5.44,4.1,Medium,Bajo,69.21,69.21,False,False
18,Male,0.08,7.53,4.54,86.33,1.18,1.72,1.64,High,Bajo,91.71,91.71,False,False
24,Female,0.59,7.15,7.51,94.26,3.34,4.08,3.49,Medium,Bajo,100.0,100.0,False,False
17,Male,1.79,6.57,4.1,97.36,1.17,5.0,3.21,Medium,Bajo,91.72,91.72,False,False
23,Male,0.27,6.56,4.14,65.76,3.01,5.1,4.83,Medium,Bajo,66.93,66.93,False,False
18,Male,4.02,7.15,6.63,87.93,1.79,8.49,4.47,Medium,Medio,80.74,80.74,False,False
20,Female,2.51,4.46,4.48,64.29,1.26,5.36,2.85,Medium,Bajo,48.02,48.02,False,False
21,Female,1.44,8.82,8.82,74.1,3.48,4.79,3.35,Medium,Bajo,100.0,100.0,False,False
21,Male,6.0,2.46,8.47,89.28,4.83,9.59,3.59,Low,Alto,48.96,48.96,False,False
19,Female,1.64,8.95,7.25,73.84,4.35,4.75,3.11,Medium,Bajo,100.0,100.0,False,False
18,Male,5.5,4.08,4.32,72.53,0.43,7.04,1.54,Low,Alto,38.83,38.83,False,False
19,Male,2.79,2.13,5.62,64.64,2.27,8.32,5.53,Medium,Bajo,39.59,39.59,False,False
16,Male,4.09,6.4,5.86,62.66,3.47,8.45,4.36,Medium,Medio,67.09,67.09,False,False
19,Male,7.47,4.38,6.4,64.61,2.81,10.82,3.35,Low,Alto,26.18,26.18,False,False
16,Male,0.3,8.34,4.84,95.02,3.63,4.15,3.85,High,Bajo,96.12,96.12,False,False
16,Female,4.0,4.88,6.89,60.45,4.88,6.07,2.07,Medium,Medio,59.43,59.43,False,False
21,Female,6.84,7.02,6.18,87.71,1.71,10.49,3.65,Low,Alto,64.21,64.20655124113735,False,True
20,Male,4.7,3.77,8.74,90.74,3.85,9.43,4.73,Medium,Medio,76.37,76.37253510905738,False,True
19,Female,2.21,2.89,8.68,82.72,0.47,5.88,3.67,Medium,Bajo,74.07,74.07,False,False
18,Female,3.18,4.49,6.83,89.23,4.35,6.58,3.4,Medium,Medio,74.83,74.83,False,False
16,Female,5.44,6.46,7.22,86.09,3.89,8.75,3.31,Low,Medio,81.46,81.45693261182441,False,True
21,Female,7.13,6.91,4.69,78.22,2.6,11.94,4.81,Low,Alto,44.89,44.89,False,False
17,Male,0.33,6.2,5.12,75.31,4.11,5.1,4.77,Medium,Bajo,73.76,73.76,False,False
23,Female,0.57,9.89,8.5,97.65,3.33,5.32,4.75,Medium,Bajo,100.0,109.810609885052,True,True
20,Female,2.6,7.22,7.5,98.88,2.76,4.83,2.23,Medium,Bajo,100.0,100.0,False,False
22,Male,1.86,9.38,4.95,86.05,4.73,5.95,4.09,High,Bajo,100.0,100.0,False,False
17,Male,2.12,2.06,6.85,67.89,0.65,7.01,4.89,Medium,Bajo,60.65,60.65,False,False
23,Female,1.77,1.55,8.67,77.92,4.96,5.58,3.81,Medium,Bajo,64.72,64.72,False,False
17,Male,1.57,3.8,5.73,79.86,0.77,6.46,4.89,Medium,Bajo,79.18,79.18,False,False
19,Other,1.04,2.23,4.93,90.32,2.4,6.31,5.27,Medium,Bajo,62.23,62.23,False,False
16,Male,7.47,5.73,8.71,86.71,1.16,9.34,1.87,Low,Alto,56.12,56.12,False,False
20,Female,1.15,5.67,6.31,80.59,1.36,3.68,2.53,Medium,Bajo,90.1,90.1,False,False
24,Male,1.64,6.18,6.09,87.21,3.16,5.65,4.01,Medium,Bajo,94.71,94.71,False,False
16,Female,1.97,7.71,5.34,60.96,0.17,4.42,2.45,High,Bajo,88.08,88.08,False,False
24,Female,6.69,8.73,7.58,91.07,4.7,13.17,6.48,Low,Alto,100.0,100.19453843732995,True,True
23,Male,6.0,8.83,8.17,68.47,1.4,8.02,2.02,Low,Alto,89.38,89.37972250981585,False,True
21,Female,6.32,2.07,6.01,86.26,1.36,9.1,2.78,Low,Alto,29.55,29.55,False,False
22,Male,0.84,4.05,4.15,64.56,4.32,6.81,5.97,Medium,Bajo,57.13,57.13,False,False
18,Male,6.69,3.3,6.23,64.58,3.82,8.64,1.95,Low,Alto,23.74,23.74,False,False
16,Male,3.27,2.59,4.9,61.43,3.36,6.51,3.24,Medium,Medio,27.75,27.75,False,False
20,Female,2.1,5.9,4.71,96.41,0.73,4.67,2.57,Medium,Bajo,82.28,82.28,False,False
17,Male,4.61,5.98,5.97,84.18,3.85,9.66,5.05,Medium,Medio,64.05,64.05,False,False
20,Male,6.58,3.05,4.5,74.48,1.8,9.1,2.52,Low,Alto,28.6,28.6,False,False
23,Male,6.23,7.41,8.79,91.51,4.97,8.04,1.81,Low,Alto,93.44,93.4418630473577,False,True
24,Female,7.12,7.6,4.24,85.04,3.36,12.79,5.67,High,Alto,63.46,63.45502248867128,False,True
17,Female,7.43,1.19,6.01,84.8,4.18,10.02,2.59,Low,Alto,20.84,20.84,False,False
18,Male,1.9,4.56,4.81,79.48,3.67,6.61,4.71,Medium,Bajo,75.56,75.56,False,False
18,Male,3.39,9.01,7.44,60.32,2.97,5.84,2.45,Medium,Medio,84.67,84.67,False,False
16,Female,0.12,5.68,4.39,70.34,3.58,2.01,1.89,Medium,Bajo,80.32,80.32,False,False
23,Male,7.03,4.13,6.73,64.36,2.99,12.04,5.01,Low,Alto,38.05,38.05,False,False
21,Female,1.24,3.28,7.87,86.5,0.26,2.52,1.28,Medium,Bajo,74.97,74.97,False,False
23,Female,6.89,3.19,8.75,69.94,1.73,9.55,2.66,Low,Alto,35.71,35.71,False,False
24,Female,2.64,1.9,7.49,78.01,1.58,7.54,4.9,Medium,Bajo,59.19,59.18798816746931,False,True
20,Male,2.95,8.36,4.5,74.14,3.57,6.51,3.56,High,Medio,83.41,83.41,False,False
18,Female,0.31,1.78,4.44,65.73,2.88,4.76,4.45,Medium,Bajo,46.93,46.93,False,False
20,Female,2.62,3.63,7.66,98.33,3.05,3.95,1.33,Medium,Bajo,60.97,60.97,False,False
20,Female,7.11,1.41,5.08,97.34,4.23,11.86,4.75,Low,Alto,17.29,17.29,False,False
20,Male,0.2,8.03,6.24,63.38,2.63,2.06,1.86,Medium,Bajo,90.07,90.07,False,False
18,Male,3.25,1.35,8.88,93.09,1.09,8.29,5.04,Medium,Medio,60.36,60.36,False,False
19,Male,0.25,3.77,8.1,79.53,0.06,4.07,3.82,Medium,Bajo,70.93,70.93,False,False
24,Female,2.97,6.16,8.23,90.95,0.8,7.67,4.7,Medium,Medio,87.51,87.51,False,False
24,Female,1.38,4.69,8.3,66.05,0.15,3.44,2.06,Medium,Bajo,90.42,90.42,False,False
17,Male,2.02,3.54,7.1,65.29,1.19,5.0,2.98,Medium,Bajo,64.42,64.42,False,False
23,Male,7.02,3.48,7.72,95.63,3.17,12.03,5.01,Low,Alto,53.31,53.30625203912849,False,True
23,Male,3.49,8.18,5.79,95.91,0.76,9.04,5.55,High,Medio,95.79,95.79,False,False
22,Female,2.19,9.77,8.99,78.64,0.41,4.32,2.13,Medium,Bajo,100.0,100.0,False,False
23,Female,4.71,4.13,5.4,94.81,4.85,9.68,4.97,Medium,Medio,53.75,53.75,False,False
18,Male,1.14,1.35,6.95,86.7,4.98,2.68,1.54,Medium,Bajo,66.2,66.2,False,False
21,Male,2.08,1.33,5.41,67.4,3.19,5.21,3.13,Medium,Bajo,39.42,39.42,False,False
16,Male,4.37,7.83,4.56,73.16,0.54,10.06,5.69,High,Medio,65.42,65.42,False,False
22,Female,1.9,5.97,6.84,65.44,4.11,7.63,5.73,Medium,Bajo,72.38,72.38,False,False
16,Female,5.43,8.05,5.77,90.96,2.7,7.91,2.48,High,Medio,91.58,91.58278429455189,False,True
24,Female,3.93,7.28,6.92,99.41,0.91,5.89,1.96,Medium,Medio,89.75,89.75,False,False
16,Male,6.18,9.17,6.79,81.86,2.88,7.93,1.75,Low,Alto,79.9,79.90021781286356,False,True
16,Female,7.5,8.87,6.63,86.23,0.2,10.99,3.49,Low,Alto,77.27,77.27314657157552,False,True
22,Male,0.93,8.09,4.62,89.84,4.86,2.39,1.46,High,Bajo,88.14,88.14,False,False
17,Female,2.68,5.28,6.2,68.97,4.13,5.46,2.78,Medium,Bajo,68.74,68.74,False,False
20,Male,2.56,3.77,8.06,73.44,1.3,3.65,1.09,Medium,Bajo,69.01,69.01,False,False
23,Female,1.21,5.56,5.58,76.49,2.09,3.51,2.3,Medium,Bajo,78.73,78.73,False,False
23,Female,6.48,5.52,6.22,83.78,1.98,11.98,5.5,Low,Alto,46.08,46.08,False,False
18,Female,6.08,6.49,6.47,94.02,4.31,9.31,3.23,Low,Alto,69.09,69.09,False,False
22,Female,3.88,2.67,8.31,70.17,1.77,5.25,1.37,Medium,Medio,55.45,55.45,False,False
18,Male,4.3,6.9,7.28,78.84,0.24,8.53,4.23,Medium,Medio,84.75,84.75,False,False
21,Male,0.48,5.11,4.5,90.06,1.07,6.26,5.78,Medium,Bajo,78.57,78.56891139604457,False,True
21,Female,4.44,6.58,8.33,63.5,1.08,7.76,3.32,Medium,Medio,70.77,70.77,False,False
18,Male,6.33,3.16,8.16,80.52,4.75,10.45,4.12,Low,Alto,43.68,43.68,False,False
22,Male,4.59,4.91,7.77,65.78,4.62,10.19,5.6,Medium,Medio,66.12,66.12,False,False
18,Male,2.12,2.89,6.33,81.57,1.5,5.22,3.1,Medium,Bajo,57.01,57.01,False,False
23,Female,5.34,8.88,7.79,90.71,0.01,9.66,4.32,Low,Medio,100.0,111.02209619766047,True,True
19,Male,2.89,5.39,6.39,69.48,2.58,6.09,3.2,Medium,Medio,70.63,70.63,False,False
16,Male,4.36,3.02,7.68,93.98,3.99,10.17,5.81,Medium,Medio,65.97,65.97,False,False
19,Male,3.9,1.37,8.4,73.39,1.34,7.42,3.52,Medium,Medio,50.92,50.92,False,False
22,Male,3.05,7.08,8.45,67.63,2.2,8.48,5.43,Medium,Medio,76.93,76.93,False,False
19,Female,5.75,2.93,6.27,78.61,0.86,9.29,3.54,Low,Alto,33.6,33.6,False,False
21,Other,6.43,9.02,7.55,95.04,1.64,11.41,4.98,Low,Alto,85.47,85.4718747079851,False,True
24,Female,0.04,5.8,4.51,62.76,3.79,2.97,2.93,Medium,Bajo,69.39,69.39,False,False
16,Male,7.47,3.6,4.51,73.1,2.14,13.06,5.59,Low,Alto,27.36,27.36,False,False
20,Female,4.09,6.92,6.74,86.13,2.24,8.32,4.23,Medium,Medio,76.45,76.45,False,False
22,Female,5.61,3.48,7.26,74.3,3.95,6.71,1.1,Low,Alto,45.81,45.81,False,False
16,Male,6.84,8.38,4.76,62.83,3.81,7.92,1.08,High,Alto,57.97,57.969388232639616,False,True
19,Female,3.74,3.77,6.36,73.28,0.94,8.12,4.38,Medium,Medio,58.27,58.27,False,False
21,Female,6.68,9.89,4.47,92.84,2.08,8.25,1.57,High,Alto,76.81,76.80640137935809,False,True
17,Female,1.42,6.45,7.01,98.72,4.24,6.0,4.58,Medium,Bajo,100.0,104.44803790650823,True,True
20,Female,1.27,8.6,8.28,61.59,2.28,3.88,2.61,Medium,Bajo,100.0,100.0,False,False
16,Male,5.26,1.66,7.69,82.77,3.31,8.95,3.69,Low,Medio,41.07,41.07,False,False
21,Male,6.96,4.13,5.89,64.21,1.53,8.83,1.87,Low,Alto,28.05,28.05,False,False
21,Female,6.91,7.4,8.69,87.22,0.3,9.37,2.46,Low,Alto,75.02,75.01895932574789,False,True
19,Male,5.15,6.9,7.31,60.32,0.82,8.33,3.18,Low,Medio,70.02,70.02,False,False
23,Male,4.2,2.75,8.08,60.59,2.01,8.53,4.33,Medium,Medio,49.2,49.2,False,False
19,Female,2.65,4.21,7.35,91.08,1.77,4.43,1.78,Medium,Bajo,79.0,79.0,False,False
23,Female,7.84,3.37,8.95,62.98,4.48,10.25,2.41,Low,Alto,33.41,33.41,False,False
23,Male,2.56,6.52,8.11,72.21,2.73,4.59,2.03,Medium,Bajo,87.6,87.6,False,False
20,Female,5.95,4.1,6.6,98.32,3.14,11.26,5.31,Low,Alto,57.12,57.12,False,False
19,Female,4.26,3.78,5.83,99.41,3.44,8.5,4.24,Medium,Medio,80.55,80.5512030847191,False,True
17,Female,4.87,2.87,7.41,66.46,2.66,8.21,3.34,Medium,Medio,51.82,51.82,False,False
18,Male,3.15,4.68,6.95,82.44,3.85,8.88,5.73,Medium,Medio,73.86,73.86,False,False
18,Male,7.72,2.76,7.15,82.37,3.92,12.4,4.68,Low,Alto,28.43,28.43,False,False
19,Male,4.57,9.66,5.72,78.1,1.76,10.23,5.66,High,Medio,91.02,91.02,False,False
19,Male,7.5,2.39,6.14,96.99,0.42,11.49,3.99,Low,Alto,23.19,23.19,False,False
20,Male,0.06,9.22,6.79,90.16,4.93,1.75,1.69,Medium,Bajo,100.0,100.0,False,False
19,Male,4.58,4.86,8.2,90.58,3.21,8.96,4.38,Medium,Medio,75.92,75.92,False,False
23,Male,5.74,4.4,7.81,70.78,3.54,7.75,2.01,Low,Alto,56.13,56.13,False,False
21,Female,5.96,3.08,4.59,77.37,3.78,8.69,2.73,Low,Alto,35.67,35.66583457959992,False,True
21,Male,7.24,6.72,5.23,79.5,3.06,10.79,3.55,Low,Alto,48.41,48.41,False,False
23,Female,0.04,7.17,4.13,71.96,2.35,1.83,1.79,High,Bajo,79.47,79.47,False,False
22,Female,0.0,5.21,4.04,63.79,4.92,1.1,1.1,Medium,Bajo,62.72,62.72,False,False
23,Male,3.78,1.5,5.12,65.05,3.64,6.42,2.64,Medium,Medio,41.55,41.55,False,False
17,Female,0.23,9.27,8.0,67.23,4.23,5.35,5.12,Medium,Bajo,100.0,100.0,False,False
24,Female,6.86,8.64,7.5,68.15,2.2,8.88,2.02,Low,Alto,76.45,76.45287211421343,False,True
16,Male,1.78,4.88,5.96,69.69,4.52,3.33,1.55,Medium,Bajo,72.17,72.17,False,False
23,Female,3.78,6.52,6.82,70.22,3.66,8.81,5.03,Medium,Medio,69.29,69.29,False,False
19,Male,0.49,5.05,7.53,78.23,3.73,3.02,2.53,Medium,Bajo,79.58,79.58,False,False
19,Female,4.18,3.9,8.76,80.38,0.43,9.87,5.69,Medium,Medio,56.84,56.84,False,False
20,Male,3.04,1.7,8.56,72.36,3.09,5.94,2.9,Medium,Medio,47.79,47.79,False,False
23,Female,0.36,5.1,4.29,96.29,1.68,5.34,4.98,Medium,Bajo,75.25,75.25,False,False
20,Male,2.68,8.37,5.24,82.13,3.35,4.97,2.29,High,Bajo,89.33,89.33,False,False
23,Female,3.13,1.15,4.25,91.5,2.84,4.44,1.31,Medium,Medio,31.89,31.89,False,False
16,Male,7.92,6.24,7.08,96.97,0.56,13.33,5.41,Low,Alto,51.18,51.18,False,False
24,Female,1.66,8.93,7.55,66.53,2.65,7.3,5.64,Medium,Bajo,100.0,100.0,False,False
21,Female,4.36,2.96,5.54,77.11,2.26,8.9,4.54,Medium,Medio,42.49,42.49,False,False
18,Male,7.9,2.65,8.27,77.33,3.88,12.75,4.85,Low,Alto,22.82,22.82,False,False
23,Female,6.34,7.95,6.26,74.18,2.51,7.38,1.04,Low,Alto,73.87,73.86543772211473,False,True
24,Male,7.95,3.3,8.99,60.36,2.41,12.72,4.77,Low,Alto,31.63,31.63,False,False
21,Female,7.75,2.73,4.0,92.64,3.6,11.11,3.36,Low,Alto,23.83,23.82505369747551,False,True
22,Female,3.92,4.4,4.55,64.46,3.34,7.18,3.26,Medium,Medio,53.18,53.18,False,False
16,Female,5.57,4.53,5.51,99.82,4.96,9.27,3.7,Low,Alto,55.22,55.22,False,False
20,Female,0.88,8.87,4.13,90.92,1.76,3.24,2.36,High,Bajo,100.0,100.0,False,False
20,Male,3.53,6.57,7.91,83.2,3.44,8.01,4.48,Medium,Medio,74.35,74.35,False,False
19,Male,6.47,4.65,4.26,66.18,0.84,8.95,2.48,Low,Alto,24.82,24.82,False,False
21,Male,4.04,5.81,7.74,80.62,4.02,7.83,3.79,Medium,Medio,71.67,71.67,False,False
22,Female,5.62,9.59,4.26,70.44,3.93,7.3,1.68,High,Alto,83.8,83.79793508418288,False,True
24,Male,5.97,2.02,5.26,70.09,3.63,10.35,4.38,Low,Alto,32.88,32.88,False,False
16,Female,2.03,2.87,8.21,93.18,0.6,3.98,1.95,Medium,Bajo,82.41,82.41129974554681,False,True
21,Female,6.34,8.74,7.92,75.23,4.94,8.86,2.52,Low,Alto,91.25,91.25440478535728,False,True
22,Male,3.68,9.62,6.07,78.03,4.71,4.8,1.12,Medium,Medio,99.06,99.06,False,False
18,Female,1.68,2.59,8.85,93.72,1.85,3.29,1.61,Medium,Bajo,81.16,81.16,False,False
23,Male,6.92,2.31,7.13,63.51,2.89,9.08,2.16,Low,Alto,23.98,23.98,False,False
20,Male,3.34,4.79,6.08,83.78,4.44,5.45,2.11,Medium,Medio,62.08,62.08,False,False
24,Female,6.0,1.45,8.01,83.13,2.47,8.64,2.64,Low,Alto,39.06,39.06,False,False
20,Male,4.38,6.89,5.48,77.01,3.0,5.65,1.27,Medium,Medio,70.64,70.64,False,False
24,Male,3.05,1.7,5.33,93.19,3.02,8.73,5.68,Medium,Medio,58.87,58.865300170598914,False,True
19,Female,6.48,1.52,7.28,97.72,3.25,8.08,1.6,Low,Alto,38.6,38.6,False,False
24,Male,4.68,5.37,5.95,78.61,2.88,9.19,4.51,Medium,Medio,74.23,74.23277184362836,False,True
20,Other,3.12,9.62,4.68,78.25,2.03,6.8,3.68,High,Medio,84.75,84.75,False,False
24,Other,0.88,4.84,4.33,80.08,2.7,4.64,3.76,Medium,Bajo,79.92,79.92,False,False
18,Male,7.16,4.21,7.94,88.92,4.36,8.69,1.53,Low,Alto,54.38,54.38,False,False
19,Male,0.28,9.98,7.38,86.72,4.32,2.5,2.22,Medium,Bajo,100.0,100.0,False,False
24,Female,6.91,5.79,6.06,68.91,3.86,11.81,4.9,Low,Alto,49.51,49.50759146593076,False,True
21,Male,2.88,4.38,8.48,62.56,2.07,6.2,3.32,Medium,Medio,75.29,75.28501012797848,False,True
17,Male,5.11,4.47,6.05,97.97,3.93,8.4,3.29,Low,Medio,57.83,57.83,False,False
22,Female,7.38,2.75,7.55,70.44,1.94,11.11,3.73,Low,Alto,29.15,29.15,False,False
17,Male,1.21,5.61,8.55,85.54,3.32,4.38,3.17,Medium,Bajo,100.0,100.0,False,False
17,Female,4.54,4.95,8.2,93.14,2.84,9.57,5.03,Medium,Medio,70.27,70.27,False,False
16,Male,6.12,3.44,6.56,72.01,1.5,10.86,4.74,Low,Alto,42.81,42.81,False,False
18,Male,6.06,2.44,7.4,85.42,2.26,8.65,2.59,Low,Alto,38.29,38.29,False,False
21,Male,4.21,3.8,6.07,64.32,4.15,9.27,5.06,Medium,Medio,49.34,49.34,False,False
23,Other,5.0,5.58,7.24,98.8,4.56,8.59,3.59,Medium,Medio,73.33,73.33,False,False
24,Female,6.06,1.52,5.29,62.33,1.03,10.2,4.14,Low,Alto,19.75,19.75,False,False
22,Female,6.73,2.38,6.17,77.53,2.28,12.06,5.33,Low,Alto,23.92,23.92,False,False
19,Male,6.09,9.53,5.05,81.47,2.17,9.47,3.38,High,Alto,80.35,80.35492307143629,False,True
21,Male,2.83,5.89,4.19,91.62,2.45,7.61,4.78,Medium,Medio,75.39,75.39,False,False
20,Male,7.97,1.57,6.94,64.85,4.88,12.11,4.14,Low,Alto,14.12,14.12,False,False
23,Female,3.48,7.24,8.32,77.63,2.59,6.61,3.13,Medium,Medio,100.0,103.45746799523263,True,True
16,Female,0.2,1.56,4.13,71.99,4.15,5.15,4.95,Medium,Bajo,58.67,58.67472718768224,False,True
16,Female,2.9,7.65,4.98,72.48,3.32,4.43,1.53,High,Medio,76.28,76.28,False,False
21,Male,1.02,7.75,6.3,91.15,0.54,4.93,3.91,Medium,Bajo,100.0,100.0,False,False
17,Female,0.97,6.86,7.33,60.22,3.48,2.2,1.23,Medium,Bajo,88.4,88.4,False,False
20,Male,2.25,7.59,4.86,89.96,3.24,4.03,1.78,High,Bajo,84.65,84.65,False,False
16,Other,0.43,1.79,4.28,92.42,3.79,4.42,3.99,Medium,Bajo,68.27,68.27,False,False
22,Male,5.51,7.54,6.6,96.05,0.37,8.05,2.54,Low,Alto,99.72,99.72088761560212,False,True
16,Female,0.59,2.23,8.09,85.08,1.21,2.9,2.31,Medium,Bajo,73.61,73.61,False,False
19,Male,1.63,4.06,4.18,73.34,3.85,7.41,5.78,Medium,Bajo,59.67,59.67,False,False
24,Male,0.74,9.48,5.75,77.09,1.85,3.57,2.83,High,Bajo,99.34,99.34,False,False
16,Female,0.51,5.53,7.32,98.79,4.55,4.33,3.82,Medium,Bajo,88.66,88.66,False,False
19,Male,2.14,9.71,4.65,95.25,2.59,5.81,3.67,High,Bajo,100.0,100.0,False,False
21,Male,4.58,1.8,5.18,78.54,0.01,5.89,1.31,Medium,Medio,37.4,37.4,False,False
21,Female,7.72,5.3,6.68,97.72,3.49,12.09,4.37,Low,Alto,43.37,43.37,False,False
23,Female,7.0,1.56,8.77,92.92,2.57,10.56,3.56,Low,Alto,51.92,51.91783108345125,False,True
16,Female,7.01,6.67,5.44,96.04,1.59,9.92,2.91,Low,Alto,58.64,58.63836249357057,False,True
22,Male,1.41,1.71,6.44,87.32,0.1,2.74,1.33,Medium,Bajo,73.19,73.19,False,False
16,Female,2.12,2.58,6.0,94.31,0.99,4.59,2.47,Medium,Bajo,67.45,67.45,False,False
22,Female,0.61,3.33,8.49,95.67,0.81,6.03,5.42,Medium,Bajo,84.91,84.91,False,False
18,Male,6.23,7.74,4.36,63.68,2.91,8.1,1.87,High,Alto,61.47,61.46903751707893,False,True
23,Female,0.56,2.48,6.83,98.61,3.85,2.66,2.1,Medium,Bajo,88.14,88.13538767705647,False,True
18,Male,4.45,8.62,8.23,73.34,1.17,6.48,2.03,Medium,Medio,97.73,97.73,False,False
16,Male,1.98,2.19,8.94,77.6,3.49,7.43,5.45,Medium,Bajo,72.79,72.79,False,False
23,Male,1.95,1.32,7.49,91.68,4.5,6.45,4.5,Medium,Bajo,71.18,71.18,False,False
18,Male,7.93,4.56,5.9,86.6,3.11,13.34,5.41,Low,Alto,32.77,32.77,False,False
17,Female,6.05,9.81,6.06,95.72,3.88,11.62,5.57,Low,Alto,100.0,102.17504784722018,True,True
16,Female,6.7,1.99,5.76,76.02,1.02,12.34,5.64,Low,Alto,18.36,18.36,False,False
18,Female,4.58,1.92,7.02,74.93,0.37,8.01,3.43,Medium,Medio,47.42,47.42,False,False
17,Female,6.97,7.76,7.7,61.27,1.83,10.35,3.38,Low,Alto,69.11,69.11215503337397,False,True
17,Male,5.16,3.81,8.1,78.51,3.55,10.3,5.14,Low,Medio,49.52,49.52,False,False
21,Female,7.57,7.46,6.08,88.96,3.43,10.23,2.66,Low,Alto,54.58,54.5766592758857,False,True
16,Female,2.25,2.8,7.58,72.05,4.78,3.36,1.11,Medium,Bajo,62.05,62.05,False,False
17,Male,4.76,5.14,8.58,78.51,3.15,7.42,2.66,Medium,Medio,63.52,63.52,False,False
21,Female,5.52,3.39,8.6,68.78,2.06,10.1,4.58,Low,Alto,52.24,52.24469526224957,False,True
18,Other,3.14,5.06,7.52,90.91,3.99,4.76,1.62,Medium,Medio,82.77,82.76626414604591,False,True
19,Female,7.04,7.92,7.18,62.42,0.77,11.96,4.92,Low,Alto,62.52,62.51605247006818,False,True
16,Female,7.84,7.86,6.66,88.22,4.07,12.92,5.08,Low,Alto,56.35,56.35232805367256,False,True
23,Male,3.95,5.64,4.92,75.16,1.83,5.45,1.5,Medium,Medio,53.65,53.65,False,False
22,Male,3.13,9.36,4.62,61.66,0.77,4.62,1.49,High,Medio,77.81,77.81,False,False
22,Male,3.78,3.37,6.43,94.14,0.81,5.77,1.99,Medium,Medio,64.49,64.49,False,False
18,Female,6.82,3.16,4.8,79.51,4.92,9.6,2.78,Low,Alto,47.81,47.80901757862212,False,True
18,Female,5.16,6.52,6.88,83.97,3.12,8.82,3.66,Low,Medio,75.69,75.69,False,False
17,Other,0.36,6.59,7.23,89.28,0.87,3.79,3.43,Medium,Bajo,93.03,93.03,False,False
16,Male,4.34,1.42,6.63,86.2,1.34,9.61,5.27,Medium,Medio,44.9,44.9,False,False
22,Male,0.14,6.47,4.18,89.23,1.86,1.85,1.71,Medium,Bajo,82.2,82.2,False,False
22,Female,6.23,4.37,4.29,90.49,0.28,10.72,4.49,Low,Alto,38.71,38.71,False,False
17,Female,2.63,7.73,4.57,83.57,0.54,6.37,3.74,High,Bajo,81.75,81.75,False,False
22,Male,3.78,8.27,4.77,74.63,3.81,8.46,4.68,High,Medio,77.78,77.78,False,False
23,Female,6.39,5.97,8.95,69.73,3.93,9.1,2.71,Low,Alto,51.5,51.5,False,False
16,Female,0.37,1.02,5.72,96.12,4.94,3.73,3.36,Medium,Bajo,54.29,54.29,False,False
24,Female,1.27,6.73,5.46,98.8,0.34,2.41,1.14,Medium,Bajo,93.78,93.78,False,False
22,Female,3.18,7.74,4.26,74.31,4.45,4.76,1.58,High,Medio,86.35,86.35,False,False
18,Male,1.84,3.24,7.18,64.49,1.59,4.71,2.87,Medium,Bajo,70.7,70.7,False,False
23,Other,2.7,5.18,7.26,68.9,1.64,6.11,3.41,Medium,Bajo,77.43,77.43,False,False
22,Female,7.99,9.69,4.88,86.83,0.64,9.42,1.43,High,Alto,78.18,78.18298312588541,False,True
23,Male,6.6,3.68,8.6,66.92,4.93,11.72,5.12,Low,Alto,49.84,49.84,False,False
21,Male,7.07,3.01,8.0,91.2,4.9,12.8,5.73,Low,Alto,41.24,41.24,False,False
24,Female,7.5,2.9,5.15,96.92,4.32,11.48,3.98,Low,Alto,30.13,30.13,False,False
20,Male,2.73,6.03,6.43,98.55,0.45,4.0,1.27,Medium,Bajo,83.32,83.32,False,False
18,Male,2.38,9.55,6.29,60.37,4.21,7.07,4.69,Medium,Bajo,95.99,95.99,False,False
18,Female,1.87,6.48,5.74,98.33,3.17,3.96,2.09,Medium,Bajo,88.85,88.85,False,False
16,Male,6.64,3.73,8.09,89.61,0.64,11.31,4.67,Low,Alto,56.55,56.55,False,False
23,Female,5.44,6.75,4.55,63.36,1.31,8.61,3.17,Low,Medio,49.92,49.92,False,False
17,Male,1.89,6.62,6.08,76.61,3.45,3.16,1.27,Medium,Bajo,82.08,82.08,False,False
18,Female,3.02,6.37,6.14,88.0,4.02,5.41,2.39,Medium,Medio,79.49,79.49,False,False
23,Male,4.05,2.43,6.34,98.27,4.24,7.19,3.14,Medium,Medio,62.49,62.49,False,False
23,Male,4.23,6.71,8.31,66.57,2.72,8.91,4.68,Medium,Medio,72.66,72.66,False,False
19,Male,7.11,4.87,5.09,65.11,2.67,8.78,1.67,Low,Alto,30.29,30.29,False,False
19,Female,3.04,1.17,4.51,78.89,3.42,5.48,2.44,Medium,Medio,39.41,39.41,False,False
20,Female,7.27,5.86,7.09,98.72,3.89,8.69,1.42,Low,Alto,47.31,47.31,False,False
21,Male,3.53,9.9,4.87,98.86,0.85,7.61,4.08,High,Medio,88.4,88.4,False,False
20,Female,5.97,4.15,4.37,69.12,3.7,9.34,3.37,Low,Alto,39.57,39.57,False,False
22,Female,7.36,9.58,6.06,72.77,1.71,13.09,5.73,Low,Alto,71.69,71.69241666345292,False,True
17,Other,7.26,1.87,5.1,96.32,1.92,11.96,4.7,Low,Alto,16.09,16.09,False,False
22,Male,0.46,7.59,5.81,89.39,0.39,5.35,4.89,High,Bajo,98.98,98.9839242766319,False,True
22,Female,1.65,2.03,5.3,98.89,2.94,3.47,1.82,Medium,Bajo,61.01,61.01,False,False
16,Male,3.82,3.46,4.46,95.73,0.47,6.15,2.33,Medium,Medio,52.43,52.43,False,False
22,Male,3.45,6.14,6.8,68.6,4.57,7.02,3.57,Medium,Medio,79.48,79.47566584894383,False,True
20,Other,5.13,6.34,4.14,90.39,3.1,6.2,1.07,Low,Medio,47.74,47.74,False,False
18,Female,7.14,7.53,8.33,61.94,4.95,12.91,5.77,Low,Alto,72.16,72.16168041890619,False,True
18,Male,0.9,6.54,5.71,92.71,1.23,5.79,4.89,Medium,Bajo,88.55,88.55,False,False
19,Male,3.61,6.34,7.48,84.06,3.4,4.9,1.29,Medium,Medio,76.27,76.27,False,False
17,Female,1.54,9.21,8.05,98.24,4.82,6.79,5.25,Medium,Bajo,100.0,100.0,False,False
17,Female,7.15,5.07,5.4,98.4,1.49,8.17,1.02,Low,Alto,38.13,38.13,False,False
16,Male,7.72,3.03,7.74,62.03,0.48,9.29,1.57,Low,Alto,23.28,23.28,False,False
20,Female,3.83,2.46,8.16,66.42,3.17,5.11,1.28,Medium,Medio,46.25,46.25,False,False
19,Male,0.83,4.6,5.21,79.37,1.83,4.23,3.4,Medium,Bajo,74.46,74.46,False,False
17,Male,6.28,7.41,8.96,95.18,1.37,11.2,4.92,Low,Alto,89.12,89.11573720651262,False,True
18,Female,5.58,1.38,4.1,92.58,4.97,7.47,1.89,Low,Alto,37.46,37.45601457706731,False,True
22,Male,2.84,2.16,5.09,98.57,3.77,7.7,4.86,Medium,Medio,52.37,52.37,False,False
22,Male,7.1,1.96,7.9,84.72,2.43,9.02,1.92,Low,Alto,24.56,24.56,False,False
19,Female,7.81,6.27,4.97,70.26,0.25,13.76,5.95,Low,Alto,32.64,32.64,False,False
20,Female,4.46,3.19,7.49,61.0,0.96,9.73,5.27,Medium,Medio,49.72,49.72,False,False
20,Male,4.53,2.5,8.28,68.92,1.49,9.22,4.69,Medium,Medio,46.64,46.64,False,False
21,Female,2.38,6.33,8.8,87.01,2.44,6.34,3.96,Medium,Bajo,89.67,89.67,False,False
24,Female,4.68,7.85,6.37,97.05,2.49,6.89,2.21,Medium,Medio,75.84,75.84,False,False
17,Male,3.52,3.99,8.86,72.84,0.12,5.12,1.6,Medium,Medio,64.31,64.31,False,False
20,Female,2.42,6.2,6.06,95.03,4.72,5.72,3.3,Medium,Bajo,75.09,75.09,False,False
18,Male,0.54,1.88,5.09,75.8,2.71,3.55,3.01,Medium,Bajo,54.97,54.97,False,False
19,Male,2.02,9.42,6.57,72.33,0.1,6.39,4.37,Medium,Bajo,99.01,99.01,False,False
21,Female,1.58,4.03,7.25,80.35,3.51,3.43,1.85,Medium,Bajo,78.79,78.79,False,False
23,Other,4.34,9.98,6.29,77.69,0.36,8.15,3.81,Medium,Medio,88.46,88.46,False,False
16,Male,4.81,9.81,6.83,96.55,3.61,9.28,4.47,Medium,Medio,91.09,91.09,False,False
23,Male,4.87,8.01,6.08,78.73,3.51,7.36,2.49,Medium,Medio,73.02,73.02,False,False
22,Female,3.11,1.18,6.62,71.09,4.92,8.01,4.9,Medium,Medio,41.79,41.79,False,False
16,Male,3.37,5.89,8.76,93.7,1.71,6.53,3.16,Medium,Medio,86.88,86.88,False,False
17,Male,6.67,1.78,6.5,99.95,0.72,8.48,1.81,Low,Alto,41.38,41.38,False,False
18,Male,3.81,9.06,5.27,85.93,0.46,5.78,1.97,High,Medio,85.4,85.4,False,False
16,Female,7.63,7.84,7.53,70.02,0.36,10.29,2.66,Low,Alto,59.15,59.14525840213293,False,True
24,Male,3.52,9.75,5.69,69.55,4.05,5.31,1.79,High,Medio,87.67,87.67,False,False
23,Male,5.2,6.48,8.08,62.31,3.59,9.01,3.81,Low,Medio,63.72,63.72,False,False
17,Female,0.4,5.7,4.28,63.09,4.88,6.15,5.75,Medium,Bajo,67.26,67.26,False,False
24,Female,5.23,5.67,5.66,96.6,1.55,10.71,5.48,Low,Medio,66.97,66.96671223711466,False,True
22,Female,6.81,4.48,4.47,63.86,4.02,9.43,2.62,Low,Alto,37.41,37.40572590195784,False,True
24,Male,7.54,5.22,4.43,79.37,0.47,12.86,5.32,Low,Alto,34.8,34.8,False,False
21,Female,7.98,6.72,7.29,87.92,4.52,13.75,5.77,Low,Alto,60.77,60.77043702320368,False,True
21,Male,2.26,9.4,5.93,94.01,0.26,4.73,2.47,High,Bajo,100.0,100.0,False,False
19,Male,4.6,6.36,8.36,66.85,3.94,10.13,5.53,Medium,Medio,70.1,70.1,False,False
17,Female,3.61,8.71,6.58,77.51,1.54,9.6,5.99,Medium,Medio,80.28,80.28,False,False
22,Male,4.51,8.77,5.48,70.06,0.91,9.5,4.99,High,Medio,86.25,86.25,False,False
20,Male,1.26,5.67,7.6,70.23,3.52,4.21,2.95,Medium,Bajo,76.37,76.37,False,False
21,Male,6.85,4.13,7.12,72.15,4.48,10.89,4.04,Low,Alto,37.34,37.34,False,False
17,Male,7.28,6.76,8.0,83.48,3.82,10.1,2.82,Low,Alto,51.19,51.19,False,False
20,Male,3.6,5.01,7.22,60.66,1.57,9.58,5.98,Medium,Medio,74.84,74.83632666406236,False,True
19,Other,2.24,1.73,4.84,76.35,1.77,3.58,1.34,Medium,Bajo,41.16,41.16,False,False
24,Male,1.13,4.4,7.35,67.47,0.95,6.6,5.47,Medium,Bajo,84.3,84.3,False,False
21,Male,5.47,9.95,5.96,98.68,4.12,6.84,1.37,High,Alto,100.0,99.99514458537568,False,True
17,Male,2.5,1.44,6.32,83.31,0.54,3.71,1.21,Medium,Bajo,67.02,67.02117237709824,False,True
16,Female,7.23,7.22,8.55,94.72,4.52,12.98,5.75,Low,Alto,74.13,74.12860887135716,False,True
20,Female,5.37,8.57,5.8,67.83,3.01,10.71,5.34,High,Medio,89.34,89.33748398847271,False,True
24,Male,5.17,6.84,7.06,92.4,2.94,7.98,2.81,Low,Medio,68.06,68.06,False,False
21,Female,4.48,6.13,5.82,76.59,4.19,10.27,5.79,Medium,Medio,69.0,69.0,False,False
22,Male,0.37,7.37,4.47,67.11,3.34,5.68,5.31,High,Bajo,81.11,81.11,False,False
20,Male,7.46,4.86,6.27,90.45,1.52,12.97,5.51,Low,Alto,41.81,41.81,False,False
21,Male,5.02,1.82,6.99,90.48,1.75,9.0,3.98,Low,Medio,48.17,48.17,False,False
20,Male,7.73,9.39,5.87,99.84,0.87,13.74,6.01,Low,Alto,84.1,84.09663563832972,False,True
24,Male,4.3,4.89,5.95,91.24,2.32,9.35,5.05,Medium,Medio,58.73,58.73,False,False
21,Female,5.68,6.99,8.1,65.81,0.55,11.38,5.7,Low,Alto,64.56,64.56,False,False
23,Male,0.45,5.78,4.15,72.9,3.27,2.86,2.41,Medium,Bajo,67.26,67.26,False,False
17,Female,5.05,1.49,5.48,78.07,0.85,8.71,3.66,Low,Medio,35.16,35.16,False,False
24,Male,5.93,9.27,7.8,65.07,4.32,11.46,5.53,Low,Alto,86.58,86.58191783436553,False,True
20,Male,6.23,8.13,8.6,91.52,3.5,10.13,3.9,Low,Alto,87.67,87.66638063005834,False,True
22,Male,6.16,2.34,6.06,81.07,4.46,11.17,5.01,Low,Alto,33.04,33.04,False,False
16,Female,1.81,9.83,8.44,97.78,0.44,7.68,5.87,Medium,Bajo,100.0,107.21567995913912,True,True
20,Male,7.8,7.63,4.99,83.57,3.99,12.82,5.02,High,Alto,60.69,60.68911539561161,False,True
17,Female,7.96,5.25,5.11,80.92,4.4,10.54,2.58,Low,Alto,42.98,42.97939902410722,False,True
21,Male,0.6,6.5,8.23,62.86,0.22,2.19,1.59,Medium,Bajo,93.46,93.46,False,False
16,Male,7.49,1.96,8.52,65.97,5.0,9.85,2.36,Low,Alto,22.56,22.56,False,False
18,Male,2.32,6.04,5.11,93.98,1.5,6.63,4.31,Medium,Bajo,81.36,81.36,False,False
20,Male,5.51,1.66,4.3,99.63,1.06,6.56,1.05,Low,Alto,33.7,33.7,False,False
19,Male,2.7,5.9,4.45,76.61,2.07,4.65,1.95,Medium,Bajo,61.23,61.23,False,False
18,Male,7.74,5.97,5.31,92.4,0.04,10.37,2.63,Low,Alto,40.48,40.48,False,False
20,Female,0.81,8.87,7.81,85.1,4.43,6.19,5.38,Medium,Bajo,100.0,106.0673636142916,True,True
23,Male,3.98,7.53,6.55,98.36,1.34,5.24,1.26,Medium,Medio,92.49,92.49,False,False
19,Female,3.42,3.25,6.28,69.53,2.61,4.67,1.25,Medium,Medio,50.73,50.73,False,False
16,Male,2.61,9.0,6.92,81.79,3.12,6.37,3.76,Medium,Bajo,100.0,108.2185052955182,True,True
22,Female,5.16,6.16,8.45,76.35,3.96,7.05,1.89,Low,Medio,76.73,76.73,False,False
23,Female,1.05,6.46,4.45,81.67,1.25,3.26,2.21,Medium,Bajo,79.3,79.3,False,False
18,Male,5.73,2.52,7.47,70.75,3.59,7.65,1.92,Low,Alto,40.19,40.19,False,False
21,Male,7.16,7.96,7.88,79.91,0.59,11.75,4.59,Low,Alto,94.69,94.69156922472176,False,True
17,Female,6.44,9.38,5.07,84.99,3.52,7.72,1.28,High,Alto,75.68,75.6799363668916,False,True
22,Female,6.87,7.96,8.17,63.25,4.6,12.58,5.71,Low,Alto,75.03,75.03134505425542,False,True
23,Male,2.88,9.47,7.49,89.72,0.43,4.5,1.62,Medium,Medio,100.0,100.0,False,False
21,Male,2.6,3.72,4.07,88.26,0.58,8.36,5.76,Medium,Bajo,58.51,58.51,False,False
21,Female,4.14,8.75,5.16,95.22,2.79,9.03,4.89,High,Medio,85.65,85.65,False,False
20,Male,0.37,5.4,7.03,77.03,0.23,5.51,5.14,Medium,Bajo,85.91,85.91,False,False
23,Female,7.56,2.48,6.51,62.47,0.94,9.42,1.86,Low,Alto,24.39,24.39,False,False
16,Male,1.15,7.02,6.64,78.46,0.95,5.5,4.35,Medium,Bajo,95.02,95.02,False,False
19,Male,7.22,7.16,5.16,65.5,2.41,12.31,5.09,High,Alto,58.61,58.61184873780006,False,True
19,Female,0.67,3.58,7.38,85.9,1.24,4.46,3.79,Medium,Bajo,78.65,78.65,False,False
18,Female,6.58,1.25,5.33,61.89,2.38,10.34,3.76,Low,Alto,29.16,29.155526402746,False,True
18,Male,1.22,2.8,5.95,74.96,2.61,3.02,1.8,Medium,Bajo,68.39,68.39,False,False
19,Male,0.31,4.6,5.84,63.31,3.65,3.38,3.07,Medium,Bajo,74.8,74.8,False,False
16,Female,5.76,2.51,7.36,60.13,4.73,7.51,1.75,Low,Alto,27.03,27.03,False,False
17,Female,2.24,2.75,4.45,98.42,2.52,8.1,5.86,Medium,Bajo,56.22,56.22,False,False
24,Male,5.72,4.52,5.03,99.85,1.78,10.14,4.42,Low,Alto,43.77,43.77,False,False
17,Female,4.44,9.66,5.0,82.22,1.29,5.68,1.24,High,Medio,83.99,83.99,False,False
20,Female,0.87,7.88,4.54,69.56,3.17,4.25,3.38,High,Bajo,91.82,91.82,False,False
24,Female,7.46,3.88,5.04,96.44,4.71,11.65,4.19,Low,Alto,25.16,25.16,False,False
24,Female,3.62,9.56,7.04,96.92,3.82,5.1,1.48,Medium,Medio,100.0,100.0,False,False
23,Male,5.88,6.81,7.66,94.18,1.03,10.2,4.32,Low,Alto,71.21,71.21,False,False
16,Female,4.01,5.1,7.3,81.77,4.47,5.9,1.89,Medium,Medio,72.73,72.73,False,False
16,Female,4.83,5.21,6.38,62.99,3.68,7.87,3.04,Medium,Medio,59.59,59.59,False,False
24,Male,2.42,4.7,4.26,63.54,0.64,6.55,4.13,Medium,Bajo,66.75,66.75,False,False
23,Male,1.6,3.1,8.8,95.86,3.56,4.43,2.83,Medium,Bajo,86.42,86.42,False,False
24,Male,4.34,4.48,4.84,95.03,1.45,7.24,2.9,Medium,Medio,52.31,52.31,False,False
22,Female,3.52,5.75,7.34,77.38,2.46,8.74,5.22,Medium,Medio,78.93,78.93,False,False
18,Male,3.12,5.75,8.56,73.13,1.5,5.67,2.55,Medium,Medio,66.3,66.3,False,False
18,Female,5.38,7.86,7.49,85.76,0.42,9.66,4.28,Low,Medio,80.56,80.56356282670748,False,True
17,Female,5.52,4.23,5.09,92.28,3.84,10.77,5.25,Low,Alto,44.58,44.58,False,False
20,Female,0.37,7.45,5.58,89.27,4.14,2.13,1.76,High,Bajo,82.83,82.83,False,False
18,Female,2.71,6.2,4.15,84.62,1.16,3.94,1.23,Medium,Bajo,78.68,78.68,False,False
21,Other,3.29,9.66,7.06,69.26,1.2,8.42,5.13,Medium,Medio,100.0,100.0,False,False
17,Male,0.78,4.47,7.06,70.5,2.15,4.54,3.76,Medium,Bajo,77.09,77.09,False,False
18,Female,1.89,9.11,7.63,88.96,4.06,7.03,5.14,Medium,Bajo,100.0,100.0,False,False
20,Male,0.41,8.39,4.05,92.1,0.39,2.48,2.07,High,Bajo,95.48,95.48,False,False
16,Female,7.97,6.74,8.09,64.65,4.04,13.13,5.16,Low,Alto,51.51,51.51,False,False
16,Male,5.89,6.89,7.69,67.49,4.61,7.37,1.48,Low,Alto,70.07,70.07,False,False
24,Other,0.7,1.76,4.7,87.22,2.81,6.12,5.42,Medium,Bajo,47.12,47.12,False,False
22,Female,0.16,9.55,5.74,75.56,0.3,5.27,5.11,High,Bajo,100.0,100.0,False,False
16,Female,5.75,1.96,7.19,82.53,1.35,9.59,3.84,Low,Alto,43.35,43.35,False,False
23,Male,3.51,6.07,6.48,84.59,0.56,7.55,4.04,Medium,Medio,71.61,71.61,False,False
18,Male,6.29,3.97,4.58,91.05,1.3,9.02,2.73,Low,Alto,36.75,36.75,False,False
23,Female,7.39,4.87,4.44,92.23,4.06,9.4,2.01,Low,Alto,30.59,30.59,False,False
20,Male,4.79,6.49,7.91,71.2,0.28,8.07,3.28,Medium,Medio,72.53,72.53,False,False
16,Female,1.5,9.18,4.78,81.65,1.42,5.79,4.29,High,Bajo,100.0,100.0,False,False
22,Male,6.26,5.12,4.86,64.94,2.58,12.25,5.99,Low,Alto,39.3,39.3,False,False
20,Female,6.85,8.85,7.3,93.68,4.37,12.74,5.89,Low,Alto,81.55,81.54933795554894,False,True
21,Male,4.64,6.34,7.06,93.82,1.25,7.81,3.17,Medium,Medio,81.3,81.3,False,False
21,Female,5.46,2.44,7.02,71.98,3.89,10.18,4.72,Low,Medio,35.89,35.89,False,False
23,Female,2.7,2.71,6.4,66.42,2.92,4.24,1.54,Medium,Bajo,55.68,55.68,False,False
24,Male,3.05,7.44,6.84,62.8,3.38,6.13,3.08,Medium,Medio,91.6,91.59888154329444,False,True
17,Male,5.88,1.45,7.01,83.0,4.31,9.0,3.12,Low,Alto,24.57,24.57,False,False
24,Male,7.42,5.32,8.84,63.66,0.13,13.41,5.99,Low,Alto,47.63,47.63,False,False
24,Female,5.03,2.33,5.11,87.22,2.65,7.99,2.96,Low,Medio,44.29,44.29,False,False
22,Female,6.32,4.9,5.07,87.13,3.74,7.74,1.42,Low,Alto,43.97,43.97,False,False
16,Female,1.37,7.75,4.29,84.56,4.42,2.71,1.34,High,Bajo,95.32,95.32,False,False
22,Female,1.7,5.13,7.29,95.06,0.66,6.19,4.49,Medium,Bajo,85.63,85.63,False,False
20,Male,4.26,2.47,6.75,75.13,1.71,6.71,2.45,Medium,Medio,52.04,52.04,False,False
21,Male,1.41,3.27,4.56,96.09,0.39,6.75,5.34,Medium,Bajo,62.65,62.65,False,False
22,Male,5.08,4.31,5.82,61.48,4.17,8.49,3.41,Low,Medio,44.58,44.58,False,False
20,Male,2.33,1.63,4.89,64.51,4.29,4.98,2.65,Medium,Bajo,47.75,47.75,False,False
22,Other,6.33,6.26,5.66,76.49,2.42,11.13,4.8,Low,Alto,57.19,57.19,False,False
24,Female,6.46,6.47,8.76,83.76,0.1,9.55,3.09,Low,Alto,59.65,59.65,False,False
18,Male,3.71,1.56,7.42,61.3,0.51,8.4,4.69,Medium,Medio,42.07,42.07,False,False
23,Female,1.45,4.62,4.04,82.7,3.12,6.02,4.57,Medium,Bajo,67.2,67.2,False,False
17,Female,5.17,4.73,5.26,72.3,4.91,9.79,4.62,Low,Medio,53.5,53.5,False,False
22,Male,7.94,4.0,4.05,95.49,4.19,13.23,5.29,Low,Alto,23.73,23.73,False,False
17,Male,4.98,6.02,7.57,81.33,3.99,10.22,5.24,Medium,Medio,69.31,69.31,False,False
19,Male,0.29,4.11,6.35,83.52,2.09,4.61,4.32,Medium,Bajo,77.21,77.21,False,False
22,Female,0.14,4.75,8.97,97.82,4.93,5.92,5.78,Medium,Bajo,87.55,87.55,False,False
18,Other,2.56,8.18,7.67,90.57,4.12,3.66,1.1,Medium,Bajo,100.0,100.0,False,False
17,Female,1.57,2.46,6.59,77.53,1.68,7.22,5.65,Medium,Bajo,60.39,60.39,False,False
22,Male,6.5,6.57,8.02,79.08,3.74,8.24,1.74,Low,Alto,59.63,59.63,False,False
16,Male,6.76,5.55,7.52,85.92,2.16,8.82,2.06,Low,Alto,51.79,51.79,False,False
23,Female,2.07,3.75,5.22,68.01,3.3,7.16,5.09,Medium,Bajo,60.25,60.25,False,False
18,Female,2.61,7.55,6.65,63.55,4.85,5.61,3.0,Medium,Bajo,78.57,78.57,False,False
17,Female,1.89,5.96,6.78,72.45,1.23,5.02,3.13,Medium,Bajo,88.71,88.71083239353973,False,True
18,Female,7.27,5.3,6.26,91.14,3.98,9.58,2.31,Low,Alto,46.6,46.6,False,False
20,Male,4.02,7.01,4.9,70.29,2.95,6.14,2.12,High,Medio,73.55,73.55,False,False
23,Female,5.25,8.22,5.12,65.23,4.75,6.78,1.53,High,Medio,81.62,81.61570432256728,False,True
22,Female,3.32,9.75,5.41,68.76,0.67,5.3,1.98,High,Medio,94.32,94.32,False,False
22,Male,5.05,6.66,4.05,87.16,3.6,8.88,3.83,Low,Medio,48.99,48.99,False,False
22,Female,3.09,8.87,8.58,84.56,0.19,7.62,4.53,Medium,Medio,100.0,100.0,False,False
23,Male,2.72,1.01,7.43,87.53,1.23,7.41,4.69,Medium,Bajo,48.78,48.78,False,False
16,Male,5.08,5.77,7.45,72.88,1.6,7.93,2.85,Low,Medio,60.34,60.34,False,False
19,Male,4.73,2.93,6.86,96.03,2.16,10.34,5.61,Medium,Medio,68.75,68.74660069135095,False,True
21,Male,2.35,1.85,7.45,78.07,4.83,4.99,2.64,Medium,Bajo,57.97,57.97,False,False
24,Male,1.19,5.79,8.91,80.55,0.34,2.75,1.56,Medium,Bajo,93.2,93.2,False,False
17,Male,2.95,7.72,5.93,97.95,0.84,8.68,5.73,High,Medio,92.9,92.904455481107,False,True
16,Female,3.32,4.71,7.56,99.17,1.02,7.02,3.7,Medium,Medio,69.24,69.24,False,False
17,Male,5.03,7.03,5.8,86.46,2.12,10.89,5.86,High,Medio,88.73,88.73324417570574,False,True
22,Male,7.32,5.41,8.27,97.79,0.3,10.29,2.97,Low,Alto,53.59,53.59,False,False
18,Male,0.29,4.93,8.29,81.66,4.83,5.08,4.79,Medium,Bajo,90.27,90.27,False,False
17,Female,1.95,3.61,8.51,72.29,2.8,3.5,1.55,Medium,Bajo,85.54,85.54,False,False
22,Male,1.55,4.44,4.03,72.6,4.07,6.82,5.27,Medium,Bajo,59.41,59.41,False,False
17,Male,4.02,4.15,5.49,82.36,3.86,5.87,1.85,Medium,Medio,58.43,58.43,False,False
18,Female,3.44,6.82,4.67,84.2,3.3,4.78,1.34,Medium,Medio,64.43,64.43,False,False
22,Female,5.83,2.04,6.27,77.58,4.52,7.32,1.49,Low,Alto,34.61,34.61,False,False
19,Female,1.94,1.83,6.48,95.35,4.51,5.73,3.79,Medium,Bajo,59.23,59.23,False,False
16,Female,4.76,6.94,5.28,77.07,0.64,7.22,2.46,Medium,Medio,58.38,58.38,False,False
20,Male,7.07,5.92,7.62,70.94,4.51,12.87,5.8,Low,Alto,67.54,67.54163031237745,False,True
24,Female,7.29,4.87,5.35,60.32,2.62,12.55,5.26,Low,Alto,40.09,40.09,False,False
23,Male,7.67,2.37,8.27,98.82,1.34,12.69,5.02,Low,Alto,30.92,30.92,False,False
24,Male,6.19,4.7,4.89,92.97,3.04,11.24,5.05,Low,Alto,54.36,54.36,False,False
24,Male,7.25,8.11,5.84,84.62,1.4,12.7,5.45,High,Alto,63.49,63.48689553342393,False,True
22,Female,1.88,9.01,7.11,93.22,2.4,7.21,5.33,Medium,Bajo,100.0,100.0,False,False
19,Male,1.58,7.32,7.03,92.41,4.08,7.22,5.64,Medium,Bajo,100.0,100.0,False,False
20,Female,0.05,1.54,4.39,97.27,0.16,5.72,5.67,Medium,Bajo,68.3,68.2956929762645,False,True
16,Female,5.65,7.03,8.23,75.44,0.92,8.14,2.49,Low,Alto,87.66,87.6595224598915,False,True
16,Male,7.5,3.17,6.99,82.19,4.78,9.6,2.1,Low,Alto,22.11,22.11,False,False
18,Female,1.5,3.84,8.35,63.95,2.23,5.72,4.22,Medium,Bajo,71.24,71.24,False,False
23,Female,5.1,2.76,8.34,98.61,1.52,6.72,1.62,Low,Medio,61.15,61.15,False,False
17,Female,5.97,7.98,6.73,99.41,4.62,8.03,2.06,Low,Alto,81.11,81.11052813966327,False,True
19,Male,7.42,6.84,8.55,91.56,4.56,12.28,4.86,Low,Alto,67.38,67.38,False,False
17,Female,5.17,6.51,8.24,78.16,0.22,9.42,4.25,Low,Medio,70.14,70.14,False,False
20,Male,7.58,6.84,8.58,79.86,1.81,12.01,4.43,Low,Alto,62.15,62.15063364626516,False,True
24,Female,2.76,3.13,8.25,77.41,4.56,8.51,5.75,Medium,Bajo,59.24,59.24,False,False
16,Female,2.8,5.0,8.11,71.73,0.9,7.14,4.34,Medium,Bajo,76.86,76.86,False,False
20,Male,4.34,6.7,6.35,81.11,2.89,7.49,3.15,Medium,Medio,74.36,74.36,False,False
24,Female,3.07,6.73,5.06,62.14,1.6,5.47,2.4,Medium,Medio,86.29,86.28924522753624,False,True
16,Female,0.01,8.13,8.55,99.68,3.68,2.7,2.69,Medium,Bajo,100.0,100.0,False,False
24,Female,5.85,3.58,7.61,76.96,0.79,8.24,2.39,Low,Alto,45.71,45.71,False,False
23,Male,6.01,7.93,5.41,97.09,2.98,7.18,1.17,High,Alto,84.49,84.48751588699547,False,True
19,Male,5.98,4.96,5.7,88.97,0.0,8.29,2.31,Low,Alto,54.94,54.93546187649417,False,True
20,Other,2.76,7.03,7.43,71.6,1.26,7.94,5.18,Medium,Bajo,82.79,82.79,False,False
20,Female,4.18,5.1,6.39,68.88,0.81,8.82,4.64,Medium,Medio,62.11,62.11,False,False
21,Female,2.88,9.54,4.41,99.83,1.05,6.99,4.11,High,Medio,90.58,90.58,False,False
22,Male,0.13,2.61,4.71,90.89,4.3,5.64,5.51,Medium,Bajo,63.91,63.91,False,False
23,Male,4.5,7.08,7.73,69.99,4.57,6.82,2.32,Medium,Medio,75.33,75.33,False,False
23,Female,0.99,6.19,5.64,62.7,3.78,4.88,3.89,Medium,Bajo,82.22,82.22,False,False
17,Female,0.64,2.55,6.54,87.88,2.95,1.8,1.16,Medium,Bajo,64.71,64.71,False,False
24,Male,6.04,1.59,7.83,72.12,1.15,11.5,5.46,Low,Alto,29.61,29.61,False,False
22,Female,0.08,8.19,7.76,68.85,1.37,3.32,3.24,Medium,Bajo,100.0,100.0,False,False
19,Female,7.67,2.42,4.84,89.4,1.55,9.56,1.89,Low,Alto,22.47,22.47,False,False
19,Male,4.12,2.68,4.49,87.17,3.89,6.32,2.2,Medium,Medio,48.9,48.9,False,False
23,Male,7.34,9.16,6.5,79.26,1.26,13.1,5.76,Low,Alto,84.31,84.30932537333511,False,True
19,Male,0.46,7.46,7.71,97.71,4.87,2.0,1.54,Medium,Bajo,100.0,100.0,False,False
21,Female,4.67,3.25,4.75,87.19,3.98,10.3,5.63,Medium,Medio,39.67,39.67,False,False
20,Male,2.79,6.32,5.86,95.74,5.0,5.66,2.87,Medium,Bajo,76.02,76.02,False,False
18,Male,6.75,5.81,8.35,67.62,2.3,9.01,2.26,Low,Alto,50.59,50.59,False,False
17,Female,2.89,8.6,8.72,71.87,2.95,5.55,2.66,Medium,Medio,100.0,100.0,False,False
24,Male,2.08,7.56,6.27,64.18,1.4,5.12,3.04,Medium,Bajo,83.57,83.57,False,False
24,Male,6.86,8.49,4.4,72.18,3.02,10.6,3.74,High,Alto,71.79,71.78858928881948,False,True
16,Male,3.0,2.9,5.29,98.87,4.87,6.93,3.93,Medium,Medio,61.94,61.94,False,False
18,Female,0.13,6.76,5.16,98.51,0.15,3.37,3.24,Medium,Bajo,98.67,98.67,False,False
23,Female,3.12,1.36,5.19,90.42,1.45,6.35,3.23,Medium,Medio,49.03,49.03,False,False
21,Male,5.24,1.62,6.47,80.84,1.41,7.67,2.43,Low,Medio,36.93,36.93,False,False
20,Female,2.03,7.42,6.92,91.23,4.91,4.95,2.92,Medium,Bajo,94.4,94.40371487524844,False,True
20,Female,3.46,1.22,4.61,82.14,0.66,6.8,3.34,Medium,Medio,53.56,53.5605254495483,False,True
21,Male,0.45,6.22,8.45,60.14,4.06,4.44,3.99,Medium,Bajo,93.88,93.88,False,False
22,Male,4.7,8.56,7.1,80.06,1.37,6.35,1.65,Medium,Medio,85.52,85.52,False,False
16,Male,6.05,4.42,6.99,83.96,4.3,10.87,4.82,Low,Alto,50.97,50.97,False,False
24,Male,3.31,1.4,8.94,70.63,2.44,7.71,4.4,Medium,Medio,44.4,44.4,False,False
18,Female,3.36,7.42,7.14,68.13,1.21,5.85,2.49,Medium,Medio,83.31,83.31,False,False
19,Female,0.71,9.37,8.64,70.95,3.55,4.01,3.3,Medium,Bajo,100.0,100.0,False,False
16,Male,1.62,7.45,5.43,84.95,4.21,7.35,5.73,High,Bajo,84.58,84.58,False,False
18,Male,1.24,6.21,5.2,65.84,2.35,2.34,1.1,Medium,Bajo,77.63,77.63,False,False
17,Male,3.85,3.07,6.58,88.81,3.57,8.91,5.06,Medium,Medio,57.48,57.48,False,False
17,Female,4.23,1.14,6.54,76.91,0.91,7.79,3.56,Medium,Medio,40.54,40.54,False,False
16,Male,7.59,7.25,5.13,74.13,4.69,11.68,4.09,High,Alto,53.12,53.12422586092062,False,True
23,Female,0.59,3.08,7.5,92.29,0.48,5.01,4.42,Medium,Bajo,68.45,68.45,False,False
18,Male,4.8,8.72,4.15,80.24,1.11,8.08,3.28,High,Medio,77.36,77.35818458772589,False,True
18,Female,4.21,5.2,7.45,75.14,1.44,6.17,1.96,Medium,Medio,69.12,69.12,False,False
21,Female,4.13,5.78,6.29,95.13,0.76,9.68,5.55,Medium,Medio,67.63,67.63,False,False
23,Male,6.99,7.79,7.45,74.73,2.03,11.69,4.7,Low,Alto,68.87,68.86794196330607,False,True
24,Female,1.64,8.01,6.39,94.36,2.29,5.44,3.8,Medium,Bajo,100.0,100.0,False,False
24,Other,0.33,6.78,8.89,80.17,2.59,3.57,3.24,Medium,Bajo,95.81,95.81,False,False
19,Male,5.38,9.45,5.67,68.32,0.2,8.88,3.5,High,Medio,75.07,75.07355400699501,False,True
20,Female,2.76,9.84,8.91,84.51,1.1,7.88,5.12,Medium,Bajo,100.0,100.0,False,False
17,Male,0.14,9.52,4.32,71.41,4.04,1.2,1.06,High,Bajo,86.98,86.98,False,False
24,Female,2.01,8.42,7.42,65.89,4.05,7.34,5.33,Medium,Bajo,95.92,95.92,False,False
23,Male,2.47,7.35,6.27,63.46,1.65,3.7,1.23,Medium,Bajo,79.35,79.35,False,False
18,Female,4.93,6.97,8.11,69.67,2.31,9.01,4.08,Medium,Medio,81.3,81.3012645181445,False,True
24,Female,1.38,1.93,7.95,89.46,0.92,4.05,2.67,Medium,Bajo,71.53,71.52765816975264,False,True
18,Female,3.3,3.44,8.0,93.52,4.11,7.69,4.39,Medium,Medio,67.05,67.05,False,False
24,Female,3.86,1.05,4.47,94.47,4.78,5.29,1.43,Medium,Medio,32.96,32.96,False,False
17,Female,3.67,2.24,8.11,70.81,1.46,7.45,3.78,Medium,Medio,67.3,67.3,False,False
24,Male,7.79,4.95,5.07,86.44,3.91,13.07,5.28,Low,Alto,28.41,28.41,False,False
23,Female,0.36,2.32,4.13,69.21,1.76,3.83,3.47,Medium,Bajo,55.96,55.96,False,False
24,Female,7.61,9.11,5.09,84.91,0.01,9.03,1.42,High,Alto,76.52,76.51838975758899,False,True
20,Female,4.66,8.25,6.4,95.49,3.0,5.85,1.19,Medium,Medio,84.84,84.84,False,False
17,Female,6.37,1.64,7.71,61.64,2.05,10.48,4.11,Low,Alto,27.06,27.06,False,False
23,Female,3.44,3.24,5.09,99.41,3.79,4.79,1.35,Medium,Medio,56.04,56.04,False,False
21,Female,3.63,8.37,4.57,93.08,3.74,4.99,1.36,High,Medio,81.61,81.61,False,False
23,Male,7.03,8.23,7.23,90.47,4.73,10.16,3.13,Low,Alto,75.44,75.44389397833868,False,True
20,Male,6.44,8.54,8.01,87.65,2.19,9.22,2.78,Low,Alto,94.62,94.62368883314664,False,True
17,Male,1.91,9.98,7.0,90.81,2.41,3.93,2.02,Medium,Bajo,100.0,108.067656311251,True,True
21,Male,1.59,9.79,7.46,99.78,2.0,4.99,3.4,Medium,Bajo,100.0,100.0,False,False
20,Female,3.97,4.69,6.81,90.81,1.48,6.37,2.4,Medium,Medio,62.65,62.65,False,False
20,Male,7.2,3.25,7.91,74.06,3.19,9.3,2.1,Low,Alto,35.36,35.36,False,False
16,Male,2.58,7.83,8.88,84.56,4.14,6.15,3.57,Medium,Bajo,98.1,98.1,False,False
17,Other,5.22,3.69,6.72,73.48,0.79,7.67,2.45,Low,Medio,54.92,54.92,False,False
23,Male,5.67,8.26,6.08,98.8,4.91,7.07,1.4,Low,Alto,91.5,91.50252958123971,False,True
18,Male,6.23,5.81,8.3,96.01,3.42,10.64,4.41,Low,Alto,63.49,63.49,False,False
18,Male,4.51,8.15,8.85,82.7,3.9,8.44,3.93,Medium,Medio,97.68,97.68,False,False
23,Male,3.22,3.48,4.65,91.25,4.99,5.28,2.06,Medium,Medio,57.4,57.4,False,False
23,Female,7.74,5.57,6.89,96.39,2.52,11.65,3.91,Low,Alto,43.19,43.19,False,False
17,Female,4.89,6.08,7.96,69.74,0.36,10.67,5.78,Medium,Medio,67.02,67.02,False,False
23,Female,5.83,9.49,6.67,83.18,3.95,11.61,5.78,Low,Alto,93.9,93.90115561105384,False,True
16,Male,2.76,3.4,6.05,79.27,4.35,6.42,3.66,Medium,Bajo,55.53,55.53,False,False
21,Female,5.36,9.43,7.28,90.86,0.81,6.85,1.49,Low,Medio,89.98,89.98359083334593,False,True
23,Male,2.06,8.24,5.35,75.16,0.12,5.35,3.29,High,Bajo,89.73,89.73,False,False
18,Male,1.96,7.58,5.75,88.36,0.68,3.09,1.13,High,Bajo,92.5,92.5,False,False
23,Male,5.72,8.08,8.96,76.12,1.62,8.8,3.08,Low,Alto,98.96,98.95894442920094,False,True
16,Male,4.17,6.45,7.18,64.44,4.62,9.72,5.55,Medium,Medio,68.69,68.69,False,False
24,Male,5.47,3.2,8.36,64.28,0.01,8.81,3.34,Low,Alto,51.6,51.59915449938544,False,True
24,Male,2.16,2.71,8.04,64.76,4.02,5.91,3.75,Medium,Bajo,66.1,66.1,False,False
20,Other,4.79,8.8,7.26,61.3,4.27,6.58,1.79,Medium,Medio,75.13,75.13,False,False
19,Male,3.55,7.53,8.2,81.32,4.06,4.63,1.08,Medium,Medio,90.15,90.15,False,False
21,Male,4.78,2.92,5.44,86.88,0.41,10.75,5.97,Medium,Medio,36.88,36.88,False,False
22,Male,2.33,6.54,7.19,65.07,3.4,5.02,2.69,Medium,Bajo,77.8,77.8,False,False
20,Female,5.72,5.03,6.95,84.47,4.77,8.12,2.4,Low,Alto,49.42,49.42,False,False
24,Male,6.45,2.43,7.11,83.91,0.6,10.31,3.86,Low,Alto,43.52,43.52,False,False
18,Female,2.08,5.79,4.84,65.88,0.16,6.81,4.73,Medium,Bajo,68.53,68.53,False,False
22,Other,2.4,3.53,5.39,76.16,4.37,4.66,2.26,Medium,Bajo,61.07,61.07438669394042,False,True
20,Male,5.29,1.87,5.43,90.21,3.22,8.91,3.62,Low,Medio,26.98,26.98,False,False
22,Male,5.56,5.2,7.01,60.67,3.23,8.22,2.66,Low,Alto,50.03,50.02769025889708,False,True
17,Male,5.63,6.31,8.86,65.88,4.82,9.03,3.4,Low,Alto,70.6,70.6,False,False
19,Female,5.46,1.42,8.77,99.83,3.85,7.27,1.81,Low,Medio,49.81,49.81,False,False
17,Male,3.14,4.62,5.14,89.34,1.99,6.69,3.55,Medium,Medio,56.75,56.75,False,False
22,Male,3.16,3.32,5.52,78.57,2.18,4.4,1.24,Medium,Medio,47.15,47.15,False,False
17,Male,2.04,1.28,4.18,85.19,0.72,7.24,5.2,Medium,Bajo,53.37,53.37,False,False
16,Female,1.25,2.13,5.99,93.85,1.52,5.39,4.14,Medium,Bajo,73.88,73.88,False,False
24,Male,5.54,2.25,8.17,93.69,2.23,11.25,5.71,Low,Alto,49.68,49.68,False,False
16,Male,0.75,2.65,8.58,72.99,1.31,4.75,4.0,Medium,Bajo,71.4,71.4,False,False
23,Female,7.5,8.23,5.18,79.65,4.58,9.41,1.91,High,Alto,61.04,61.035842600418775,False,True
17,Female,6.61,4.96,5.33,85.52,0.06,10.03,3.42,Low,Alto,36.46,36.46,False,False
23,Female,6.86,2.32,5.1,62.88,2.94,11.18,4.32,Low,Alto,21.55,21.55,False,False
18,Male,7.25,1.9,5.75,97.83,3.86,10.12,2.87,Low,Alto,23.73,23.73,False,False
21,Female,3.27,3.68,8.02,77.31,3.66,7.03,3.76,Medium,Medio,69.18,69.18,False,False
18,Female,6.77,8.18,7.23,74.83,3.22,8.58,1.81,Low,Alto,74.68,74.68289979729227,False,True
22,Male,1.26,4.28,7.93,96.28,2.05,6.15,4.89,Medium,Bajo,90.27,90.27,False,False
24,Female,0.17,2.44,6.92,64.73,4.59,5.72,5.55,Medium,Bajo,59.2,59.2,False,False
17,Male,6.28,4.64,5.29,61.57,1.64,8.85,2.57,Low,Alto,36.34,36.34,False,False
20,Female,0.6,6.0,5.14,87.4,3.75,5.57,4.97,Medium,Bajo,85.84,85.84,False,False
21,Male,7.91,1.27,4.05,75.4,4.63,9.37,1.46,Low,Alto,0.0,0.0,False,False
19,Female,5.4,6.65,7.9,90.58,0.64,7.63,2.23,Low,Medio,83.68,83.68,False,False
19,Male,6.03,4.56,8.24,62.74,4.74,9.34,3.31,Low,Alto,46.64,46.64,False,False
19,Female,1.97,1.09,7.84,75.35,3.88,4.9,2.93,Medium,Bajo,60.66,60.66,False,False
17,Male,5.39,7.07,4.37,69.41,3.08,9.49,4.1,High,Medio,71.72,71.71733430364611,False,True
19,Other,0.35,7.41,7.81,89.58,1.87,4.16,3.81,Medium,Bajo,100.0,100.0,False,False
16,Female,6.7,6.66,4.23,69.09,4.52,8.14,1.44,Low,Alto,45.26,45.26,False,False
21,Male,1.36,4.08,4.53,78.32,0.22,3.02,1.66,Medium,Bajo,69.27,69.27,False,False
16,Female,5.58,5.77,6.2,92.76,2.16,6.84,1.26,Low,Alto,61.23,61.23,False,False
21,Other,1.8,4.48,6.38,96.62,3.78,7.56,5.76,Medium,Bajo,88.34,88.34,False,False
16,Male,0.55,7.31,8.08,88.9,4.06,4.78,4.23,Medium,Bajo,100.0,100.0,False,False
21,Male,3.85,6.25,7.4,77.17,1.01,9.13,5.28,Medium,Medio,80.59,80.59,False,False
23,Female,1.35,1.74,4.77,82.88,0.24,5.06,3.71,Medium,Bajo,64.42,64.42,False,False
17,Male,5.84,6.79,5.13,87.59,4.01,7.81,1.97,Low,Alto,61.6,61.6,False,False
17,Male,1.9,7.19,5.43,95.0,2.11,6.03,4.13,High,Bajo,91.09,91.09,False,False
19,Male,2.74,4.34,4.62,95.54,0.72,6.27,3.53,Medium,Bajo,65.87,65.87,False,False
18,Male,4.54,8.88,5.44,97.24,0.43,7.58,3.04,High,Medio,85.15,85.15,False,False
19,Male,2.28,8.59,7.64,92.43,3.2,5.14,2.86,Medium,Bajo,100.0,100.0,False,False
22,Male,3.02,2.58,5.21,65.87,2.91,7.27,4.25,Medium,Medio,43.56,43.56,False,False
16,Female,6.29,8.82,7.89,89.91,4.27,10.61,4.32,Low,Alto,96.81,96.81046678967616,False,True
21,Female,1.43,4.97,6.35,92.58,0.16,3.19,1.76,Medium,Bajo,87.76,87.76,False,False
18,Male,0.66,7.51,5.61,95.11,4.34,5.74,5.08,High,Bajo,91.48,91.48,False,False
22,Female,2.63,8.33,6.06,96.99,4.44,6.81,4.18,Medium,Bajo,96.37,96.37,False,False
17,Female,3.4,5.55,7.55,80.37,2.23,7.08,3.68,Medium,Medio,83.19,83.19,False,False
17,Female,4.34,4.59,6.58,86.2,0.38,9.08,4.74,Medium,Medio,66.97,66.97108774381033,False,True
19,Male,2.98,9.24,4.04,60.38,4.73,4.75,1.77,High,Medio,86.27,86.27,False,False
16,Male,6.32,3.08,8.61,82.91,0.36,11.92,5.6,Low,Alto,41.64,41.64,False,False
18,Female,0.31,3.31,4.33,78.93,2.95,2.66,2.35,Medium,Bajo,62.32,62.32,False,False
24,Female,3.45,4.25,8.69,98.49,2.47,5.76,2.31,Medium,Medio,68.09,68.09,False,False
22,Female,3.06,8.74,4.14,96.07,4.18,8.13,5.07,High,Medio,90.31,90.31,False,False
22,Female,5.18,9.45,7.85,91.9,2.51,7.85,2.67,Low,Medio,100.0,105.49581242929956,True,True
19,Male,7.73,2.98,6.67,62.28,2.35,12.88,5.15,Low,Alto,11.54,11.54,False,False
17,Female,4.08,8.77,6.53,76.08,4.4,6.72,2.64,Medium,Medio,82.73,82.73,False,False
19,Male,7.9,3.32,4.36,87.84,4.82,11.65,3.75,Low,Alto,34.41,34.411590637893426,False,True
21,Male,2.42,9.74,5.19,61.19,2.75,4.57,2.15,High,Bajo,92.88,92.88,False,False
18,Female,0.25,6.38,7.89,69.43,2.27,4.91,4.66,Medium,Bajo,90.98,90.98,False,False
16,Male,1.33,1.06,8.46,95.5,4.16,3.16,1.83,Medium,Bajo,73.43,73.43,False,False
23,Male,3.16,1.31,6.65,65.19,4.16,8.66,5.5,Medium,Medio,47.83,47.83,False,False
20,Female,2.53,2.33,5.77,62.05,1.6,5.39,2.86,Medium,Bajo,55.24,55.24,False,False
20,Male,0.78,2.69,4.3,83.22,2.88,4.14,3.36,Medium,Bajo,55.47,55.47,False,False
19,Other,3.46,7.91,7.41,97.86,0.77,4.58,1.12,Medium,Medio,96.55,96.55,False,False
21,Other,2.7,3.0,5.39,93.38,3.18,8.58,5.88,Medium,Bajo,61.08,61.08,False,False
18,Female,0.98,9.72,4.28,98.99,4.17,6.05,5.07,High,Bajo,100.0,100.0,False,False
24,Male,2.37,6.73,7.33,90.14,0.94,5.61,3.24,Medium,Bajo,88.51,88.51,False,False
20,Male,7.09,7.23,6.43,77.49,1.62,12.69,5.6,Low,Alto,72.09,72.08775226068668,False,True
18,Male,2.42,2.96,4.06,97.86,2.24,8.08,5.66,Medium,Bajo,57.14,57.14,False,False
16,Male,5.71,9.03,4.55,77.07,4.23,9.38,3.67,High,Alto,68.93,68.93198578330572,False,True
21,Male,4.9,7.01,7.5,74.0,3.66,7.07,2.17,Medium,Medio,58.04,58.04,False,False
17,Other,3.42,8.78,4.32,77.93,1.58,6.86,3.44,High,Medio,85.46,85.46,False,False
18,Male,1.91,9.61,8.33,92.56,1.22,4.53,2.62,Medium,Bajo,100.0,100.0,False,False
16,Female,2.95,2.13,5.56,96.71,3.48,6.19,3.24,Medium,Medio,62.65,62.6459388433947,False,True
24,Male,4.74,1.87,4.44,74.31,2.4,10.3,5.56,Medium,Medio,32.67,32.67,False,False
23,Female,2.81,8.23,7.8,78.49,2.97,5.22,2.41,Medium,Medio,100.0,100.0,False,False
17,Female,1.72,8.8,6.62,95.93,3.24,6.91,5.19,Medium,Bajo,100.0,100.0,False,False
23,Male,0.93,6.25,5.53,61.88,2.79,6.61,5.68,Medium,Bajo,75.26,75.26,False,False
24,Male,7.04,4.29,6.03,91.35,3.07,12.07,5.03,Low,Alto,43.56,43.56,False,False
16,Female,3.52,6.87,4.11,78.17,4.44,7.16,3.64,Medium,Medio,64.89,64.89,False,False
20,Female,5.0,3.75,7.31,75.06,4.34,8.82,3.82,Medium,Medio,55.77,55.77,False,False
23,Female,3.92,3.15,5.83,77.88,0.75,9.02,5.1,Medium,Medio,54.43,54.43178165902162,False,True
17,Male,6.98,5.39,7.57,76.75,2.93,8.2,1.22,Low,Alto,49.68,49.68,False,False
19,Male,4.38,2.95,7.14,90.26,2.2,9.06,4.68,Medium,Medio,56.08,56.08,False,False
22,Female,3.85,5.35,7.26,97.12,1.43,7.49,3.64,Medium,Medio,69.91,69.91,False,False
18,Female,6.82,8.85,7.33,79.66,3.16,10.39,3.57,Low,Alto,77.42,77.42082051510255,False,True
20,Male,5.76,8.56,7.16,93.31,2.55,10.59,4.83,Low,Alto,77.13,77.12801939720653,False,True
23,Female,0.89,9.47,6.09,89.28,3.87,3.22,2.33,Medium,Bajo,100.0,100.0,False,False
18,Male,1.42,8.26,5.95,73.23,0.47,6.9,5.48,High,Bajo,100.0,100.0,False,False
19,Male,6.3,4.19,4.6,83.49,1.51,10.74,4.44,Low,Alto,46.96,46.96,False,False
24,Male,6.69,8.31,7.9,86.67,0.13,10.74,4.05,Low,Alto,87.53,87.52558276038593,False,True
22,Male,4.36,9.31,7.81,60.94,3.73,7.98,3.62,Medium,Medio,85.25,85.25,False,False
16,Female,4.44,9.52,5.23,75.84,4.56,6.5,2.06,High,Medio,82.05,82.05,False,False
19,Male,5.06,7.15,8.31,99.71,2.94,9.14,4.08,Low,Medio,88.06,88.06232014887388,False,True
19,Male,3.51,2.9,6.95,85.49,3.08,8.13,4.62,Medium,Medio,56.65,56.65,False,False
24,Female,5.44,1.36,6.39,73.37,0.23,6.5,1.06,Low,Medio,35.23,35.23,False,False
21,Female,0.87,2.32,4.09,70.0,2.52,3.7,2.83,Medium,Bajo,46.9,46.9,False,False
24,Female,7.59,9.57,5.84,68.38,2.63,12.85,5.26,High,Alto,80.53,80.52919159668373,False,True
21,Female,6.0,5.16,7.2,76.07,0.19,10.16,4.16,Low,Alto,53.88,53.88,False,False
21,Male,5.05,8.69,4.45,67.73,3.91,9.13,4.08,High,Medio,73.54,73.53934850100686,False,True
20,Female,2.53,5.19,6.3,65.41,1.39,4.67,2.14,Medium,Bajo,67.43,67.43,False,False
20,Female,1.29,6.95,8.97,74.56,3.62,5.45,4.16,Medium,Bajo,100.0,100.0,False,False
17,Female,3.27,1.22,7.58,84.28,2.01,8.2,4.93,Medium,Medio,55.98,55.98,False,False
23,Male,5.29,3.25,6.73,65.86,4.98,8.3,3.01,Low,Medio,45.62,45.62,False,False
23,Male,5.07,4.93,6.67,61.77,1.06,6.98,1.91,Low,Medio,50.38,50.38,False,False
16,Female,3.06,6.68,4.22,61.39,0.29,4.45,1.39,Medium,Medio,62.08,62.08,False,False
23,Male,4.91,2.54,8.79,70.7,4.9,8.44,3.53,Medium,Medio,65.24,65.23911967044475,False,True
20,Female,6.5,7.87,8.63,67.61,1.22,10.93,4.43,Low,Alto,79.2,79.19753752635751,False,True
17,Female,0.21,4.28,7.41,81.57,3.18,2.02,1.81,Medium,Bajo,79.14,79.14063118463787,False,True
17,Female,3.6,8.36,4.5,78.23,1.87,6.71,3.11,High,Medio,75.04,75.04,False,False
21,Female,6.07,1.88,5.04,72.99,3.2,9.91,3.84,Low,Alto,13.62,13.62,False,False
24,Female,4.37,7.12,4.92,93.34,2.98,6.15,1.78,High,Medio,71.37,71.36941320462881,False,True
16,Male,5.21,3.64,6.6,80.2,3.54,7.56,2.35,Low,Medio,51.63,51.63439596171614,False,True
21,Female,4.13,8.16,5.04,63.66,0.09,8.17,4.04,High,Medio,67.45,67.45,False,False
24,Female,7.93,4.62,7.48,71.83,4.18,12.56,4.63,Low,Alto,31.09,31.09,False,False
23,Male,0.44,6.99,6.73,98.93,2.39,4.62,4.18,Medium,Bajo,100.0,100.0,False,False
21,Male,3.93,9.41,4.09,99.08,2.59,8.5,4.57,High,Medio,91.33,91.33,False,False
18,Male,0.73,1.19,7.72,70.19,2.06,4.64,3.91,Medium,Bajo,52.01,52.01,False,False
23,Female,1.28,1.1,4.94,66.69,4.95,6.46,5.18,Medium,Bajo,57.93,57.93,False,False
24,Male,3.06,7.93,8.12,79.83,4.01,8.19,5.13,Medium,Medio,93.81,93.81,False,False
16,Female,1.24,6.82,5.78,79.26,1.56,6.22,4.98,Medium,Bajo,90.1,90.1,False,False
24,Male,7.71,3.64,5.69,76.41,3.92,11.59,3.88,Low,Alto,20.75,20.75,False,False
21,Male,7.57,5.45,4.06,81.17,2.18,13.54,5.97,Low,Alto,30.13,30.13,False,False
21,Female,2.69,1.38,8.94,69.29,4.35,3.89,1.2,Medium,Bajo,66.15,66.15,False,False
19,Male,5.12,2.73,7.06,64.6,0.15,7.1,1.98,Low,Medio,35.42,35.42,False,False
16,Female,4.27,4.82,6.11,82.82,1.78,9.31,5.04,Medium,Medio,61.9,61.9,False,False
23,Female,6.52,8.51,4.48,97.3,2.15,11.65,5.13,High,Alto,68.63,68.62935441236611,False,True
17,Female,5.02,5.32,7.5,65.51,3.72,10.11,5.09,Low,Medio,50.03,50.03,False,False
16,Male,0.0,6.28,5.41,88.19,0.91,5.36,5.36,Medium,Bajo,78.1,78.1,False,False
17,Female,5.88,8.52,8.6,77.52,1.43,9.22,3.34,Low,Alto,90.43,90.42716069114832,False,True
16,Female,5.97,3.78,8.75,71.76,3.62,11.63,5.66,Low,Alto,41.42,41.42,False,False
16,Female,4.08,7.31,7.68,94.12,0.38,6.13,2.05,Medium,Medio,80.16,80.16,False,False
24,Female,6.69,8.11,8.2,78.26,1.01,12.9,6.21,Low,Alto,85.64,85.6362444209363,False,True
16,Female,7.27,2.82,4.53,83.33,3.77,11.05,3.78,Low,Alto,24.34,24.34,False,False
19,Female,4.19,4.21,5.4,77.72,4.38,6.01,1.82,Medium,Medio,53.32,53.32,False,False
21,Female,4.86,9.82,5.27,63.25,3.64,9.54,4.68,High,Medio,80.31,80.30792739364614,False,True
22,Male,7.97,9.85,4.36,83.8,2.64,10.45,2.48,High,Alto,55.82,55.82318207579687,False,True
17,Male,2.39,3.01,8.86,76.75,0.5,4.49,2.1,Medium,Bajo,62.52,62.52,False,False
21,Male,2.6,1.6,4.3,63.47,4.14,4.46,1.86,Medium,Bajo,36.79,36.79,False,False
22,Male,1.46,3.44,8.28,83.83,0.62,2.61,1.15,Medium,Bajo,83.59,83.59,False,False
17,Male,7.17,4.58,7.84,60.39,1.93,11.99,4.82,Low,Alto,36.44,36.44,False,False
17,Male,5.96,4.97,5.88,68.34,0.25,9.39,3.43,Low,Alto,49.17,49.17,False,False
22,Female,0.85,6.57,4.09,91.24,3.55,6.74,5.89,Medium,Bajo,89.63,89.63,False,False
16,Male,7.85,9.1,4.03,61.52,2.52,11.05,3.2,High,Alto,52.71,52.71126444257314,False,True
23,Female,5.85,3.97,5.02,85.87,4.54,11.07,5.22,Low,Alto,35.1,35.1,False,False
18,Male,6.8,8.65,6.47,97.99,0.69,12.64,5.84,Low,Alto,77.87,77.87417087604358,False,True
21,Male,0.39,1.84,6.29,66.85,4.1,1.5,1.11,Medium,Bajo,62.54,62.54,False,False
24,Male,4.04,1.38,6.93,76.68,2.55,5.57,1.53,Medium,Medio,39.61,39.61,False,False
21,Male,5.59,5.54,7.86,83.02,1.83,8.33,2.74,Low,Alto,59.86,59.86,False,False
24,Female,4.34,1.54,5.89,78.02,3.22,9.69,5.35,Medium,Medio,43.82,43.82,False,False
22,Female,5.33,4.53,4.8,84.82,3.95,10.52,5.19,Low,Medio,48.91,48.912246009543054,False,True
24,Male,6.37,8.84,7.79,76.16,2.2,9.37,3.0,Low,Alto,89.97,89.96797390666643,False,True
17,Male,2.99,3.17,5.66,65.94,1.16,4.99,2.0,Medium,Medio,48.01,48.01,False,False
23,Male,6.79,7.35,5.43,63.56,4.58,11.8,5.01,High,Alto,59.6,59.60184849799595,False,True
23,Female,1.3,3.72,7.82,89.78,1.56,5.28,3.98,Medium,Bajo,97.89,97.89092164488488,False,True
17,Female,2.17,1.4,8.67,69.54,4.99,3.33,1.16,Medium,Bajo,55.14,55.14,False,False
19,Female,0.35,6.01,8.57,93.9,3.84,5.37,5.02,Medium,Bajo,98.7,98.7,False,False
22,Female,2.92,8.51,4.69,89.72,3.44,8.7,5.78,High,Medio,91.91,91.91,False,False
19,Female,3.04,4.69,6.52,61.98,0.06,4.25,1.21,Medium,Medio,55.8,55.8,False,False
19,Male,6.44,6.56,4.46,68.05,2.24,8.87,2.43,Low,Alto,56.2,56.195058153358666,False,True
21,Male,5.2,9.05,8.75,71.68,2.51,10.33,5.13,Low,Medio,93.23,93.23497729297634,False,True
21,Female,3.49,8.11,5.08,83.78,1.88,7.41,3.92,High,Medio,74.67,74.67,False,False
18,Female,5.22,2.74,4.99,92.39,0.75,11.17,5.95,Low,Medio,37.8,37.8,False,False
24,Female,0.42,7.6,8.44,62.41,1.84,6.0,5.58,Medium,Bajo,97.85,97.85,False,False
17,Female,1.44,5.52,8.84,69.98,0.37,3.33,1.89,Medium,Bajo,92.22,92.22,False,False
21,Male,5.02,7.71,7.49,75.05,1.45,9.39,4.37,Low,Medio,80.53,80.52882382702813,False,True
22,Female,5.13,5.45,4.61,67.34,0.42,9.4,4.27,Low,Medio,47.02,47.02,False,False
24,Female,6.19,2.15,6.43,81.81,3.76,7.74,1.55,Low,Alto,25.4,25.4,False,False
18,Male,3.22,6.13,8.08,79.12,3.36,4.67,1.45,Medium,Medio,77.74,77.74,False,False
18,Female,5.78,5.43,6.86,72.66,4.7,9.63,3.85,Low,Alto,54.46,54.46479994623444,False,True
22,Female,5.47,5.66,4.66,80.68,1.9,8.48,3.01,Low,Alto,50.82,50.82,False,False
19,Male,7.71,8.91,4.86,74.23,3.93,11.44,3.73,High,Alto,56.6,56.603513858340094,False,True
23,Male,1.72,9.05,8.32,73.73,2.94,3.91,2.19,Medium,Bajo,100.0,100.0,False,False
22,Male,4.41,5.08,6.64,70.62,3.23,8.19,3.78,Medium,Medio,61.62,61.62,False,False
20,Female,4.81,5.1,7.53,81.62,2.74,7.73,2.92,Medium,Medio,55.98,55.98,False,False
22,Male,7.99,5.64,5.87,77.76,3.9,13.43,5.44,Low,Alto,31.75,31.75,False,False
18,Female,1.61,5.68,6.66,67.85,0.21,4.14,2.53,Medium,Bajo,85.5,85.5,False,False
17,Female,4.19,9.55,8.89,60.52,0.4,9.54,5.35,Medium,Medio,95.09,95.09,False,False
21,Male,2.77,6.84,5.65,66.04,0.48,5.72,2.95,Medium,Bajo,66.38,66.38,False,False
17,Female,4.21,3.5,7.37,61.71,1.44,8.1,3.89,Medium,Medio,47.78,47.78,False,False
18,Other,1.86,5.78,4.86,77.26,2.96,4.29,2.43,Medium,Bajo,80.44,80.44,False,False
21,Male,0.38,6.65,4.61,69.0,3.23,5.43,5.05,Medium,Bajo,80.43,80.43,False,False
20,Male,4.58,6.76,7.92,76.82,3.56,9.8,5.22,Medium,Medio,78.56,78.56,False,False
23,Female,2.69,6.27,8.22,73.18,1.4,7.74,5.05,Medium,Bajo,82.23,82.23,False,False
24,Female,1.46,2.6,7.34,81.52,3.25,5.66,4.2,Medium,Bajo,66.6,66.6,False,False
18,Male,2.59,1.3,4.79,88.95,0.59,5.11,2.52,Medium,Bajo,38.93,38.93,False,False
18,Male,0.39,4.04,5.2,79.17,0.05,4.57,4.18,Medium,Bajo,73.05,73.05,False,False
18,Male,7.6,4.85,8.56,62.48,3.47,13.4,5.8,Low,Alto,49.9,49.9,False,False
21,Other,4.65,1.56,5.44,60.7,3.58,8.89,4.24,Medium,Medio,30.66,30.66,False,False
16,Male,6.52,8.33,8.09,68.53,3.11,12.3,5.78,Low,Alto,84.94,84.93536396051547,False,True
22,Female,3.38,4.1,5.43,77.0,1.29,5.9,2.52,Medium,Medio,53.0,53.0,False,False
16,Female,6.61,8.43,7.96,61.8,4.64,12.46,5.85,Low,Alto,83.27,83.27144285271568,False,True
20,Male,3.87,2.39,8.57,73.11,4.38,8.46,4.59,Medium,Medio,62.02,62.02468648511225,False,True
23,Female,4.59,1.51,4.22,95.48,2.58,9.69,5.1,Medium,Medio,36.84,36.84,False,False
19,Male,3.93,5.34,7.85,63.6,4.95,8.48,4.55,Medium,Medio,67.33,67.33,False,False
20,Female,5.87,2.7,4.85,97.94,1.49,9.27,3.4,Low,Alto,59.05,59.05444219165794,False,True
19,Male,4.53,9.44,5.08,94.27,2.46,8.96,4.43,High,Medio,89.96,89.96,False,False
19,Female,2.17,1.09,6.3,93.27,4.64,7.83,5.66,Medium,Bajo,59.82,59.82,False,False
23,Female,1.16,4.71,6.88,94.55,2.31,4.25,3.09,Medium,Bajo,88.0,88.0,False,False
17,Male,4.85,9.34,5.63,63.2,2.36,10.61,5.76,High,Medio,65.53,65.53,False,False
16,Male,3.91,4.46,6.88,66.05,0.4,5.16,1.25,Medium,Medio,60.87,60.87,False,False
18,Male,0.77,1.84,4.85,65.37,1.06,1.84,1.07,Medium,Bajo,54.18,54.18,False,False
24,Male,3.16,3.73,4.11,64.45,0.79,6.63,3.47,Medium,Medio,53.89,53.89,False,False
19,Female,4.12,5.48,6.86,73.11,2.83,9.36,5.24,Medium,Medio,65.19,65.19,False,False
20,Female,6.62,2.67,6.59,93.21,1.59,8.86,2.24,Low,Alto,29.1,29.1,False,False
17,Male,0.61,5.2,7.45,70.08,0.39,5.08,4.47,Medium,Bajo,79.62,79.62,False,False
19,Female,2.79,8.53,7.25,69.77,2.55,6.52,3.73,Medium,Bajo,84.54,84.54,False,False
17,Female,6.33,8.51,8.16,87.04,3.35,9.03,2.7,Low,Alto,95.62,95.62047694022296,False,True
17,Female,5.19,1.44,6.3,63.88,3.68,7.62,2.43,Low,Medio,31.63,31.63,False,False
19,Male,2.32,2.45,4.04,74.41,4.19,3.69,1.37,Medium,Bajo,43.55,43.55,False,False
21,Male,6.76,3.48,7.15,71.82,2.41,10.44,3.68,Low,Alto,39.58,39.58,False,False
22,Male,3.95,6.35,7.38,93.89,1.95,7.2,3.25,Medium,Medio,87.43,87.43,False,False
18,Female,3.99,4.25,6.61,80.58,3.42,6.44,2.45,Medium,Medio,64.09,64.09,False,False
18,Male,7.53,8.29,7.18,85.86,0.07,13.66,6.13,Low,Alto,79.98,79.98482054205815,False,True
21,Male,7.58,7.45,5.62,65.16,3.17,12.67,5.09,High,Alto,47.15,47.14545578188738,False,True
18,Male,2.87,1.9,4.74,97.16,2.03,6.49,3.62,Medium,Medio,54.65,54.65,False,False
17,Female,1.12,6.62,7.32,72.9,2.26,4.73,3.61,Medium,Bajo,86.2,86.2,False,False
23,Male,2.61,2.02,5.23,88.27,1.48,4.58,1.97,Medium,Bajo,60.56,60.56,False,False
20,Male,0.24,3.3,6.28,98.19,0.64,4.49,4.25,Medium,Bajo,77.78,77.78,False,False
16,Male,0.17,2.6,6.46,80.35,2.01,5.94,5.77,Medium,Bajo,63.54,63.54,False,False
18,Male,3.16,2.56,6.39,80.3,1.54,8.65,5.49,Medium,Medio,48.0,48.0,False,False
23,Female,7.53,6.55,6.99,64.69,4.8,8.95,1.42,Low,Alto,42.64,42.64,False,False
19,Male,6.97,6.07,4.15,75.61,4.72,8.24,1.27,Low,Alto,37.6,37.6,False,False
22,Male,4.09,2.58,8.95,94.1,3.22,9.9,5.81,Medium,Medio,64.05,64.05,False,False
17,Female,4.52,9.91,7.58,65.4,4.52,6.52,2.0,Medium,Medio,97.71,97.70506856663135,False,True
22,Male,0.05,4.8,6.13,96.7,3.76,3.8,3.75,Medium,Bajo,79.14,79.14,False,False
20,Male,1.72,1.87,4.96,86.69,1.73,3.09,1.37,Medium,Bajo,63.34,63.34,False,False
20,Female,0.2,2.09,4.4,76.84,3.02,5.42,5.22,Medium,Bajo,44.52,44.52,False,False
21,Male,6.04,6.26,7.36,81.86,1.1,7.63,1.59,Low,Alto,64.74,64.74,False,False
24,Male,1.17,9.81,5.58,66.02,3.44,5.39,4.22,High,Bajo,100.0,100.0,False,False
21,Male,6.95,6.15,5.15,68.7,0.22,8.23,1.28,Low,Alto,41.43,41.43,False,False
23,Female,5.15,9.54,5.9,71.46,4.16,6.93,1.78,High,Medio,87.62,87.62000317099327,False,True
22,Female,1.84,5.0,6.96,75.39,2.92,5.4,3.56,Medium,Bajo,77.13,77.13,False,False
24,Female,1.26,4.92,7.36,96.62,0.29,2.49,1.23,Medium,Bajo,86.27,86.27,False,False
19,Female,5.02,5.5,7.23,74.7,4.36,7.0,1.98,Low,Medio,60.39,60.39,False,False
17,Male,7.21,7.28,8.32,80.95,4.39,8.89,1.68,Low,Alto,72.29,72.29364247436102,False,True
22,Male,5.75,4.31,5.09,66.48,4.26,6.95,1.2,Low,Alto,37.4,37.4,False,False
21,Female,2.79,8.77,7.18,89.44,3.87,8.64,5.85,Medium,Bajo,100.0,100.0,False,False
16,Female,4.7,1.26,4.51,82.41,3.39,7.95,3.25,Medium,Medio,37.79,37.78900129136842,False,True
24,Male,2.49,4.96,6.74,77.6,1.98,7.78,5.29,Medium,Bajo,79.9,79.89916324211427,False,True
24,Female,7.99,5.6,6.92,97.89,0.68,10.78,2.79,Low,Alto,46.63,46.63,False,False
17,Male,5.99,6.46,5.08,95.63,1.44,7.2,1.21,Low,Alto,56.8,56.8,False,False
18,Male,4.92,3.48,5.96,86.38,1.74,9.4,4.48,Medium,Medio,53.33,53.33,False,False
20,Male,3.39,4.85,8.14,96.87,1.79,4.58,1.19,Medium,Medio,81.07,81.07,False,False
20,Male,4.95,5.36,4.74,82.59,2.83,8.71,3.76,Medium,Medio,53.9,53.9,False,False
16,Female,2.73,7.18,6.17,93.08,1.04,4.43,1.7,Medium,Bajo,81.0,81.0,False,False
23,Female,0.23,7.96,8.66,76.38,0.95,4.58,4.35,Medium,Bajo,100.0,106.65674997783668,True,True
23,Male,3.16,7.64,6.52,63.47,3.58,8.62,5.46,Medium,Medio,83.05,83.05,False,False
19,Male,7.44,4.07,7.63,99.77,0.04,13.22,5.78,Low,Alto,47.12,47.12,False,False
22,Female,4.98,9.94,8.08,66.63,0.75,8.65,3.67,Low,Medio,100.0,107.57247642001266,True,True
18,Male,0.67,8.64,5.02,70.06,2.17,4.33,3.66,High,Bajo,95.32,95.32,False,False
21,Female,7.08,3.34,5.09,66.52,0.75,8.27,1.19,Low,Alto,22.44,22.44,False,False
24,Male,2.15,2.76,7.79,73.5,4.8,7.0,4.85,Medium,Bajo,60.91,60.91,False,False
16,Female,1.95,3.83,7.77,71.57,3.35,7.73,5.78,Medium,Bajo,72.34,72.34,False,False
20,Male,2.38,5.07,4.3,84.04,2.16,5.57,3.19,Medium,Bajo,66.87,66.87,False,False
19,Male,4.62,8.66,5.61,99.86,0.56,9.59,4.97,High,Medio,89.33,89.33,False,False
23,Male,4.36,8.01,5.99,62.1,1.93,9.35,4.99,High,Medio,77.33,77.33,False,False
16,Male,3.93,8.66,8.15,91.14,3.25,8.86,4.93,Medium,Medio,89.42,89.42,False,False
24,Male,5.74,3.45,6.11,65.12,4.84,10.53,4.79,Low,Alto,41.79,41.79,False,False
21,Female,2.53,6.34,8.63,60.79,2.36,4.61,2.08,Medium,Bajo,81.27,81.27,False,False
19,Male,6.26,3.55,8.98,85.54,3.46,11.02,4.76,Low,Alto,55.3,55.3004521266118,False,True
24,Male,1.4,1.98,7.9,94.93,0.98,3.12,1.72,Medium,Bajo,81.3,81.30026281306888,False,True
20,Female,6.26,7.16,7.33,67.05,3.12,10.82,4.56,Low,Alto,79.19,79.19022842984805,False,True
20,Female,5.31,2.29,5.96,73.66,1.2,6.33,1.02,Low,Medio,38.13,38.13108894622554,False,True
20,Other,5.47,7.01,4.34,66.75,0.99,11.06,5.59,High,Alto,63.05,63.0507052766736,False,True
16,Female,3.85,6.83,6.87,96.26,2.55,8.99,5.14,Medium,Medio,74.12,74.12,False,False
16,Male,5.34,8.29,5.81,70.81,1.06,9.75,4.41,High,Medio,86.48,86.4830740427617,False,True
23,Female,0.64,2.26,5.75,77.79,3.61,2.11,1.47,Medium,Bajo,53.33,53.33,False,False
23,Female,6.81,8.05,7.44,95.79,4.69,11.93,5.12,Low,Alto,82.16,82.1621616942156,False,True
21,Female,0.44,9.99,6.32,82.11,1.97,5.82,5.38,Medium,Bajo,100.0,100.0,False,False
19,Male,1.19,8.66,7.76,97.31,1.61,5.63,4.44,Medium,Bajo,100.0,100.0,False,False
17,Male,4.61,7.77,5.99,97.06,0.88,10.49,5.88,High,Medio,69.9,69.9,False,False
17,Male,5.92,6.96,4.75,78.46,1.95,7.38,1.46,Low,Alto,48.49,48.49,False,False
24,Female,0.61,4.8,6.31,83.3,2.8,5.15,4.54,Medium,Bajo,77.7,77.7,False,False
20,Female,7.15,7.35,8.5,69.21,1.86,10.99,3.84,Low,Alto,70.05,70.04654466186726,False,True
19,Female,7.68,7.42,7.9,99.62,3.12,9.52,1.84,Low,Alto,82.05,82.05433389969585,False,True
16,Male,4.85,6.68,5.03,71.13,3.31,9.14,4.29,Medium,Medio,56.24,56.24,False,False
22,Female,3.85,8.17,5.96,91.33,0.49,8.85,5.0,High,Medio,83.76,83.76,False,False
18,Female,5.93,5.04,8.64,72.52,3.49,7.75,1.82,Low,Alto,51.67,51.67,False,False
21,Male,2.63,2.09,4.62,72.52,4.5,7.6,4.97,Medium,Bajo,41.86,41.86,False,False
20,Female,3.95,6.03,5.27,64.15,0.13,5.41,1.46,Medium,Medio,59.46,59.46,False,False
20,Male,7.33,3.39,5.31,82.4,2.76,11.29,3.96,Low,Alto,26.76,26.76,False,False
20,Female,7.65,4.46,6.85,69.79,3.02,12.64,4.99,Low,Alto,23.65,23.65,False,False
16,Female,7.42,1.16,6.05,65.94,3.55,9.15,1.73,Low,Alto,10.77,10.77,False,False
16,Female,2.1,4.45,4.4,69.07,1.93,5.96,3.86,Medium,Bajo,53.38,53.38,False,False
18,Female,1.86,8.28,7.15,70.04,4.09,4.98,3.12,Medium,Bajo,92.39,92.39,False,False
19,Female,2.38,5.88,4.5,80.16,2.7,6.42,4.04,Medium,Bajo,76.14,76.14,False,False
20,Female,3.53,1.09,7.03,75.44,2.04,6.65,3.12,Medium,Medio,47.68,47.68,False,False
17,Male,2.51,5.23,6.54,63.02,3.6,4.76,2.25,Medium,Bajo,71.25,71.25,False,False
23,Female,2.99,3.62,6.47,81.44,4.64,5.26,2.27,Medium,Medio,60.59,60.59,False,False
17,Male,4.97,5.3,4.34,91.51,4.06,10.29,5.32,Medium,Medio,51.55,51.55,False,False
24,Male,6.1,4.64,7.2,82.97,4.65,7.88,1.78,Low,Alto,58.84,58.84,False,False
17,Female,5.88,9.39,6.16,98.98,1.33,7.5,1.62,Low,Alto,95.7,95.6972858670614,False,True
24,Female,6.52,1.37,6.06,63.97,0.59,8.01,1.49,Low,Alto,13.86,13.86,False,False
22,Male,0.26,7.15,6.98,92.85,2.67,1.63,1.37,Medium,Bajo,93.44,93.44,False,False
23,Male,0.38,8.66,7.03,80.23,0.22,1.45,1.07,Medium,Bajo,100.0,100.0,False,False
17,Male,6.32,9.63,4.08,80.86,3.37,8.12,1.8,High,Alto,77.85,77.85108379376705,False,True
22,Male,4.26,2.6,4.63,80.76,1.2,6.22,1.96,Medium,Medio,45.93,45.93,False,False
21,Male,4.63,5.78,5.18,73.01,2.27,6.98,2.35,Medium,Medio,57.74,57.74,False,False
19,Female,0.42,1.39,7.39,72.98,3.28,2.04,1.62,Medium,Bajo,53.25,53.25,False,False
22,Male,2.04,5.49,6.88,85.27,2.42,3.51,1.47,Medium,Bajo,89.52,89.52,False,False
19,Male,5.11,2.13,7.79,61.79,1.18,8.82,3.71,Low,Medio,34.27,34.27,False,False
17,Male,6.84,8.5,7.66,83.55,4.4,11.46,4.62,Low,Alto,70.04,70.0364874940722,False,True
22,Other,7.34,2.02,8.27,88.98,3.82,11.49,4.15,Low,Alto,31.7,31.7,False,False
23,Male,4.0,5.62,5.88,74.25,3.01,7.78,3.78,Medium,Medio,65.84,65.84,False,False
17,Male,4.36,5.69,5.73,68.69,3.49,7.56,3.2,Medium,Medio,54.96,54.96,False,False
20,Male,6.24,9.12,7.64,68.54,2.08,10.83,4.59,Low,Alto,90.78,90.78323443472377,False,True
16,Female,4.3,6.89,5.19,63.27,1.88,9.81,5.51,Medium,Medio,60.78,60.78,False,False
22,Female,4.13,3.59,6.31,63.59,0.8,8.27,4.14,Medium,Medio,69.55,69.54978723104247,False,True
23,Male,7.24,3.17,4.97,66.67,4.02,8.54,1.3,Low,Alto,21.61,21.61,False,False
21,Male,6.32,2.15,8.57,60.77,1.91,10.17,3.85,Low,Alto,28.21,28.21,False,False
20,Male,7.27,7.81,6.04,70.65,3.46,10.89,3.62,Low,Alto,56.45,56.44821179014262,False,True
21,Female,1.75,7.22,5.06,72.26,1.5,5.01,3.26,High,Bajo,88.07,88.07,False,False
17,Female,4.2,6.49,7.46,99.81,3.98,8.04,3.84,Medium,Medio,77.45,77.45,False,False
16,Male,6.74,1.37,5.22,99.67,0.53,11.1,4.36,Low,Alto,23.62,23.62,False,False
22,Male,0.89,7.87,8.72,67.48,3.13,2.08,1.19,Medium,Bajo,100.0,100.0,False,False
22,Male,6.36,6.78,5.84,68.52,4.04,9.76,3.4,Low,Alto,55.72,55.72,False,False
17,Male,1.46,9.67,7.32,79.68,3.3,6.55,5.09,Medium,Bajo,100.0,100.0,False,False
17,Female,6.46,6.28,5.73,65.95,3.48,10.11,3.65,Low,Alto,57.47,57.47,False,False
16,Male,4.9,3.74,8.04,80.16,2.63,6.24,1.34,Medium,Medio,53.16,53.16,False,False
23,Male,1.55,4.43,8.48,75.98,2.8,6.43,4.88,Medium,Bajo,84.35,84.35,False,False
23,Male,3.79,2.58,7.94,72.98,0.33,9.5,5.71,Medium,Medio,52.86,52.86,False,False
16,Female,5.46,7.51,8.24,92.9,1.25,10.72,5.26,Low,Medio,85.62,85.62030008898354,False,True
23,Female,5.07,7.37,4.51,93.12,3.61,7.88,2.81,High,Medio,75.18,75.1809678456687,False,True
24,Male,3.42,2.81,8.62,99.52,4.73,7.09,3.67,Medium,Medio,66.27,66.27,False,False
19,Male,7.19,2.43,7.12,68.92,2.71,11.15,3.96,Low,Alto,21.89,21.89,False,False
16,Male,4.15,1.69,8.35,95.53,3.63,8.73,4.58,Medium,Medio,62.54,62.5421175763498,False,True
16,Female,4.05,9.21,7.42,81.51,3.42,8.38,4.33,Medium,Medio,99.27,99.27415635073766,False,True
18,Male,0.5,3.1,5.01,83.66,5.0,2.5,2.0,Medium,Bajo,64.65,64.65,False,False
20,Female,7.38,4.1,7.05,95.85,3.98,12.6,5.22,Low,Alto,36.68,36.68,False,False
20,Female,1.42,3.52,4.45,97.71,3.14,6.67,5.25,Medium,Bajo,74.93,74.93,False,False
24,Female,4.23,4.72,7.48,89.07,0.58,7.25,3.02,Medium,Medio,71.19,71.19,False,False
17,Male,6.43,7.43,6.05,73.91,1.81,8.08,1.65,Low,Alto,71.17,71.16960557712898,False,True
17,Female,1.72,8.84,4.76,79.59,1.25,5.76,4.04,High,Bajo,94.15,94.15,False,False
21,Female,4.22,2.64,8.9,84.6,4.27,7.01,2.79,Medium,Medio,59.7,59.7,False,False
24,Male,1.93,7.18,8.51,93.15,2.23,6.64,4.71,Medium,Bajo,100.0,100.0,False,False
16,Male,6.08,4.17,8.47,86.32,2.68,8.66,2.58,Low,Alto,54.95,54.95,False,False
24,Male,4.51,9.82,7.94,74.62,4.82,6.82,2.31,Medium,Medio,87.22,87.22,False,False
24,Male,6.85,3.69,7.46,76.72,4.18,12.19,5.34,Low,Alto,39.66,39.66,False,False
24,Male,7.16,1.06,7.28,62.02,3.95,11.24,4.08,Low,Alto,17.39,17.39,False,False
20,Female,5.19,5.64,4.53,96.97,0.71,6.62,1.43,Low,Medio,64.62,64.62,False,False
24,Male,5.8,2.36,8.5,63.52,0.11,10.25,4.45,Low,Alto,44.17,44.17283956154585,False,True
19,Female,4.39,1.4,8.41,83.2,0.63,9.15,4.76,Medium,Medio,42.68,42.68,False,False
17,Male,3.08,7.28,7.74,94.87,3.7,5.26,2.18,Medium,Medio,97.21,97.21,False,False
21,Other,5.18,7.59,8.64,76.83,2.05,11.02,5.84,Low,Medio,80.56,80.55556820012251,False,True
19,Male,7.27,5.15,6.77,92.01,0.59,10.13,2.86,Low,Alto,63.16,63.15608330204601,False,True
21,Female,3.33,7.09,6.24,92.15,3.7,9.03,5.7,Medium,Medio,88.91,88.91,False,False
18,Male,2.52,5.84,8.84,62.39,0.97,4.99,2.47,Medium,Bajo,84.02,84.02,False,False
21,Male,3.11,6.67,6.32,76.49,2.95,7.16,4.05,Medium,Medio,69.69,69.69,False,False
17,Female,3.48,6.37,7.21,87.64,3.71,7.07,3.59,Medium,Medio,79.57,79.57,False,False
17,Male,0.59,6.99,5.87,76.89,3.04,6.55,5.96,Medium,Bajo,87.32,87.32,False,False
24,Female,3.99,2.8,7.18,81.81,4.97,7.03,3.04,Medium,Medio,55.57,55.57,False,False
22,Female,3.95,3.42,7.6,83.78,2.17,5.85,1.9,Medium,Medio,63.12,63.12,False,False
18,Male,4.71,4.96,7.12,66.05,1.56,9.88,5.17,Medium,Medio,53.86,53.86,False,False
16,Female,2.9,5.02,6.57,76.48,1.01,4.11,1.21,Medium,Medio,74.77,74.77,False,False
23,Female,4.9,7.97,5.5,61.14,2.52,10.32,5.42,High,Medio,69.07,69.07,False,False
21,Male,7.03,4.31,7.22,65.99,4.26,8.58,1.55,Low,Alto,39.81,39.81,False,False
22,Female,7.64,2.46,8.54,80.49,4.73,11.5,3.86,Low,Alto,29.72,29.72,False,False
24,Female,4.67,3.26,4.03,82.94,4.86,9.24,4.57,Medium,Medio,42.32,42.32,False,False
20,Male,0.34,2.93,4.67,65.85,2.66,3.02,2.68,Medium,Bajo,44.9,44.9,False,False
16,Male,7.75,7.58,4.6,90.22,3.03,12.97,5.22,High,Alto,61.23,61.227763024349386,False,True
22,Female,5.65,5.23,8.62,74.92,2.91,9.62,3.97,Low,Alto,76.3,76.29965047058526,False,True
20,Male,2.69,7.38,7.31,96.83,2.33,5.67,2.98,Medium,Bajo,97.65,97.65,False,False
18,Male,1.18,4.75,8.76,75.51,0.76,3.81,2.63,Medium,Bajo,91.95,91.95,False,False
24,Male,1.15,9.01,6.91,65.99,0.33,2.71,1.56,Medium,Bajo,100.0,100.0,False,False
16,Female,1.34,9.85,6.31,90.32,2.18,5.54,4.2,Medium,Bajo,100.0,105.63776964367035,True,True
16,Male,0.36,7.03,7.96,82.71,0.93,3.18,2.82,Medium,Bajo,97.4,97.4,False,False
16,Male,7.22,8.77,4.8,75.47,4.43,9.82,2.6,High,Alto,67.46,67.46459232741266,False,True
18,Female,4.33,5.57,5.91,74.24,3.81,10.08,5.75,Medium,Medio,63.6,63.6,False,False
21,Male,5.6,9.41,6.33,66.03,3.09,7.96,2.36,Low,Alto,88.31,88.30906279905216,False,True
18,Female,6.62,8.48,5.49,73.63,0.24,12.0,5.38,High,Alto,78.64,78.63854946044593,False,True
23,Other,6.33,9.93,5.86,61.17,3.11,12.2,5.87,High,Alto,74.6,74.59773495795709,False,True
17,Female,7.06,6.61,4.39,80.1,3.11,12.17,5.11,Low,Alto,40.48,40.48,False,False
24,Female,7.74,8.01,4.99,95.87,2.2,8.84,1.1,High,Alto,52.25,52.24867624978114,False,True
18,Male,3.51,5.89,5.68,91.81,3.29,8.85,5.34,Medium,Medio,67.81,67.81,False,False
20,Female,7.6,3.33,7.98,61.14,4.29,9.67,2.07,Low,Alto,26.14,26.14,False,False
23,Male,5.79,4.19,4.91,95.25,3.79,8.56,2.77,Low,Alto,45.24,45.24,False,False
17,Male,0.57,9.05,5.73,78.09,2.37,6.53,5.96,High,Bajo,100.0,109.45276539185954,True,True
21,Male,5.45,1.5,4.32,67.64,1.31,8.47,3.02,Low,Medio,25.53,25.53,False,False
20,Male,5.49,6.32,6.79,90.1,2.39,9.76,4.27,Low,Alto,59.74,59.74,False,False
24,Female,7.25,4.35,7.06,72.91,4.73,9.8,2.55,Low,Alto,37.72,37.72,False,False
20,Male,2.98,4.48,8.33,70.13,4.1,5.83,2.85,Medium,Medio,66.03,66.03,False,False
17,Female,4.68,8.96,8.1,66.45,0.14,8.67,3.99,Medium,Medio,88.58,88.57853207065945,False,True
20,Female,0.1,8.68,5.43,79.46,3.91,5.84,5.74,High,Bajo,99.2,99.2,False,False
19,Female,2.66,6.39,4.68,63.74,0.85,5.07,2.41,Medium,Bajo,68.01,68.01,False,False
22,Male,0.5,3.46,4.78,91.42,2.86,2.74,2.24,Medium,Bajo,69.07,69.07,False,False
21,Female,4.17,5.28,8.84,78.83,4.03,5.3,1.13,Medium,Medio,76.56,76.56,False,False
17,Male,6.54,4.67,7.37,77.88,2.81,8.55,2.01,Low,Alto,45.0,45.0,False,False
20,Male,1.65,4.18,4.21,60.07,2.02,3.96,2.31,Medium,Bajo,66.17,66.17,False,False
22,Other,4.22,1.93,4.68,92.71,1.61,5.53,1.31,Medium,Medio,43.11,43.107453045540765,False,True
22,Male,1.63,5.89,6.43,79.71,1.53,5.45,3.82,Medium,Bajo,80.53,80.53,False,False
20,Male,0.97,3.72,5.04,77.6,4.19,2.6,1.63,Medium,Bajo,65.84,65.84,False,False
24,Female,4.09,6.95,8.02,90.46,4.13,7.65,3.56,Medium,Medio,85.45,85.45,False,False
19,Male,0.63,3.87,6.87,62.52,4.12,2.57,1.94,Medium,Bajo,64.41,64.41,False,False
18,Female,4.7,4.88,7.06,74.67,1.41,10.38,5.68,Medium,Medio,63.0,62.99627092908436,False,True
19,Male,0.25,1.47,6.31,83.03,3.99,2.79,2.54,Medium,Bajo,60.62,60.62,False,False
20,Male,0.85,9.93,5.28,78.42,0.18,2.31,1.46,High,Bajo,100.0,100.0,False,False
21,Male,4.4,5.57,6.95,67.27,1.03,9.58,5.18,Medium,Medio,57.75,57.75,False,False
18,Male,4.73,1.22,7.58,71.97,2.57,7.74,3.01,Medium,Medio,35.44,35.44,False,False
17,Male,0.23,5.87,5.85,72.01,2.03,5.33,5.1,Medium,Bajo,75.45,75.45,False,False
19,Female,4.59,8.83,6.52,99.68,0.56,7.15,2.56,Medium,Medio,83.99,83.98685647617982,False,True
20,Female,6.71,7.95,8.2,73.05,0.21,10.21,3.5,Low,Alto,83.51,83.50962321592839,False,True
19,Female,5.78,7.31,4.74,68.21,3.06,9.01,3.23,High,Alto,70.43,70.42910439965196,False,True
18,Male,1.05,2.26,6.73,92.91,1.57,4.84,3.79,Medium,Bajo,76.99,76.99,False,False
23,Female,4.74,6.92,5.74,76.85,0.08,7.75,3.01,Medium,Medio,65.37,65.37,False,False
19,Female,5.38,7.9,7.51,77.75,2.15,8.86,3.48,Low,Medio,81.41,81.41349935088861,False,True
17,Female,0.3,6.15,4.09,81.96,1.53,4.7,4.4,Medium,Bajo,73.15,73.15,False,False
17,Male,6.78,8.94,7.28,83.83,2.88,9.91,3.13,Low,Alto,81.46,81.45614710643608,False,True
16,Female,7.25,3.49,4.51,83.62,4.65,11.67,4.42,Low,Alto,22.43,22.43,False,False
19,Female,6.8,3.18,4.32,61.38,1.54,11.37,4.57,Low,Alto,11.57,11.57,False,False
24,Male,6.59,8.81,7.6,92.75,4.99,11.34,4.75,Low,Alto,88.39,88.38932573583665,False,True
22,Female,5.96,6.63,7.2,67.79,0.43,9.31,3.35,Low,Alto,56.94,56.94,False,False
22,Male,5.07,1.01,8.47,71.69,0.44,6.09,1.02,Low,Medio,42.98,42.98,False,False
22,Female,5.43,4.18,6.6,66.94,3.56,10.2,4.77,Low,Medio,48.94,48.94,False,False
23,Female,6.45,8.72,6.65,90.68,3.74,12.0,5.55,Low,Alto,83.79,83.78949463816865,False,True
16,Female,5.3,1.25,7.54,83.35,2.11,9.56,4.26,Low,Medio,49.24,49.24108836510077,False,True
23,Male,2.62,1.03,5.62,90.21,1.43,6.24,3.62,Medium,Bajo,41.76,41.76,False,False
19,Male,3.01,3.53,4.18,86.14,3.97,6.81,3.8,Medium,Medio,46.98,46.98,False,False
19,Female,7.18,9.23,5.15,64.17,4.78,11.38,4.2,High,Alto,68.79,68.78802040000384,False,True
19,Male,0.14,9.11,5.19,72.06,4.95,6.13,5.99,High,Bajo,97.44,97.44,False,False
21,Male,5.59,5.67,5.68,80.29,3.17,6.9,1.31,Low,Alto,53.69,53.69,False,False
22,Female,7.64,5.98,8.72,72.2,3.7,8.75,1.11,Low,Alto,56.96,56.96,False,False
21,Female,5.65,3.99,8.02,68.29,4.11,11.47,5.82,Low,Alto,53.08,53.08,False,False
16,Male,7.95,3.19,8.68,94.79,3.99,11.15,3.2,Low,Alto,42.64,42.64,False,False
23,Male,5.5,8.34,8.99,89.91,4.97,9.56,4.06,Low,Alto,97.52,97.52475354238749,False,True
22,Male,0.27,1.96,6.17,73.81,4.05,5.04,4.77,Medium,Bajo,59.97,59.97,False,False
21,Female,6.62,5.39,5.14,90.6,3.31,11.33,4.71,Low,Alto,40.8,40.8,False,False
21,Female,2.28,6.71,6.8,85.1,1.88,6.52,4.24,Medium,Bajo,82.45,82.45,False,False
20,Female,3.57,1.93,8.41,60.15,2.99,6.93,3.36,Medium,Medio,57.22,57.21631705903332,False,True
21,Female,2.5,5.68,6.33,75.21,4.4,6.38,3.88,Medium,Bajo,69.61,69.61,False,False
24,Female,2.15,6.2,6.53,71.62,1.53,6.8,4.65,Medium,Bajo,74.54,74.54,False,False
24,Female,3.45,7.68,4.67,68.72,0.15,8.7,5.25,High,Medio,74.71,74.71,False,False
23,Male,3.03,3.11,6.1,70.06,1.64,4.67,1.64,Medium,Medio,49.71,49.71,False,False
24,Female,5.07,3.64,5.93,97.69,4.8,7.46,2.39,Low,Medio,63.79,63.78889739066764,False,True
23,Male,6.51,6.13,5.76,79.45,3.97,9.5,2.99,Low,Alto,49.36,49.36,False,False
23,Female,2.38,9.85,8.44,93.91,0.94,6.71,4.33,Medium,Bajo,100.0,100.0,False,False
16,Female,1.71,2.96,4.3,68.57,0.06,4.69,2.98,Medium,Bajo,57.32,57.32,False,False
20,Male,5.1,9.43,8.47,66.98,3.35,7.53,2.43,Low,Medio,100.0,103.11043626611378,True,True
19,Female,5.36,7.43,4.04,95.55,2.9,6.53,1.17,High,Medio,78.07,78.06807296965033,False,True
17,Male,6.8,7.96,8.24,79.83,0.41,12.42,5.62,Low,Alto,71.68,71.67959050988486,False,True
23,Female,0.13,1.81,6.74,95.81,4.83,3.22,3.09,Medium,Bajo,52.86,52.86,False,False
18,Male,6.82,3.7,7.51,62.52,3.09,9.47,2.65,Low,Alto,28.31,28.31,False,False
19,Female,4.17,1.52,4.94,96.66,3.26,7.82,3.65,Medium,Medio,38.57,38.57,False,False
22,Male,4.97,4.34,7.27,76.62,4.27,6.58,1.61,Medium,Medio,58.4,58.4,False,False
24,Male,0.73,9.83,8.41,66.21,1.69,3.72,2.99,Medium,Bajo,100.0,100.0,False,False
17,Male,3.46,1.95,4.7,87.34,2.79,8.22,4.76,Medium,Medio,40.86,40.86,False,False
18,Male,1.82,6.06,4.64,91.88,2.88,6.5,4.68,Medium,Bajo,79.3,79.3,False,False
19,Male,2.03,1.05,5.52,61.89,4.84,6.89,4.86,Medium,Bajo,42.85,42.85,False,False
16,Female,4.03,7.41,4.81,99.49,0.66,7.37,3.34,High,Medio,78.47,78.47,False,False
22,Male,6.5,2.77,4.55,87.88,3.79,9.34,2.84,Low,Alto,29.32,29.32,False,False
17,Male,5.95,2.17,7.39,72.86,2.88,11.11,5.16,Low,Alto,34.13,34.13,False,False
20,Male,4.73,4.03,5.07,66.05,4.23,6.6,1.87,Medium,Medio,33.8,33.8,False,False
16,Female,4.32,7.94,7.34,75.7,4.16,8.95,4.63,Medium,Medio,82.74,82.74,False,False
18,Female,3.42,1.96,8.31,68.82,0.06,8.86,5.44,Medium,Medio,52.76,52.76,False,False
17,Female,7.78,3.07,7.26,79.77,1.28,10.21,2.43,Low,Alto,20.05,20.05,False,False
16,Female,4.48,1.08,4.6,91.28,0.9,6.47,1.99,Medium,Medio,45.74,45.7428897944129,False,True
22,Male,2.03,9.72,6.87,86.41,2.31,5.59,3.56,Medium,Bajo,100.0,100.0,False,False
20,Male,1.84,6.33,5.97,77.44,4.53,3.92,2.08,Medium,Bajo,87.89,87.89,False,False
16,Male,4.89,7.48,5.72,64.76,0.03,10.24,5.35,High,Medio,63.53,63.53,False,False
21,Female,4.18,6.86,5.59,98.29,2.44,6.4,2.22,Medium,Medio,77.02,77.02,False,False
20,Other,0.06,2.3,8.65,70.81,4.42,2.63,2.57,Medium,Bajo,65.12,65.12,False,False
18,Female,6.64,6.35,7.71,71.11,4.63,12.08,5.44,Low,Alto,49.13,49.13,False,False
22,Male,5.63,2.18,4.67,85.82,3.29,7.66,2.03,Low,Alto,30.29,30.29,False,False
24,Male,5.29,4.61,6.38,90.82,4.15,10.71,5.42,Low,Medio,48.58,48.58,False,False
24,Male,0.55,6.12,5.59,99.37,1.62,2.6,2.05,Medium,Bajo,87.41,87.41,False,False
24,Female,2.9,6.03,8.89,98.77,1.43,8.46,5.56,Medium,Medio,91.23,91.23,False,False
17,Male,7.48,2.07,8.89,96.55,0.25,10.07,2.59,Low,Alto,31.94,31.94,False,False
18,Female,6.9,1.31,5.6,77.41,2.52,9.13,2.23,Low,Alto,26.94,26.94,False,False
22,Male,2.28,8.18,5.76,66.67,2.28,5.67,3.39,High,Bajo,82.24,82.24,False,False
20,Female,1.26,7.53,7.0,83.38,1.86,4.11,2.85,Medium,Bajo,100.0,100.0,False,False
17,Female,3.59,1.74,6.4,60.69,0.57,5.6,2.01,Medium,Medio,48.68,48.675062655223,False,True
18,Female,2.85,2.15,5.07,67.85,1.15,5.54,2.69,Medium,Medio,48.61,48.61,False,False
21,Female,5.46,9.03,7.3,60.1,1.02,10.03,4.57,Low,Medio,85.7,85.69649071631166,False,True
22,Female,7.73,7.92,5.67,67.22,4.72,12.89,5.16,High,Alto,50.87,50.870184080058834,False,True
24,Female,2.9,9.97,7.27,78.99,4.83,8.0,5.1,Medium,Medio,100.0,100.0,False,False
16,Female,0.5,3.29,5.92,75.73,0.02,5.28,4.78,Medium,Bajo,57.92,57.92,False,False
22,Female,7.18,5.39,7.5,74.77,0.85,8.21,1.03,Low,Alto,42.05,42.05,False,False
23,Other,0.3,3.13,7.34,93.24,4.44,3.43,3.13,Medium,Bajo,73.23,73.23,False,False
18,Female,7.62,6.61,6.54,87.0,0.19,9.46,1.84,Low,Alto,47.49,47.49,False,False
19,Female,5.32,2.04,7.52,97.46,4.72,6.69,1.37,Low,Medio,45.28,45.28,False,False
21,Female,7.53,2.15,6.3,77.81,1.9,12.21,4.68,Low,Alto,17.99,17.99,False,False
22,Male,1.6,1.65,4.58,70.89,2.69,6.57,4.97,Medium,Bajo,51.07,51.07,False,False
19,Male,0.33,7.24,4.91,64.91,3.82,5.4,5.07,High,Bajo,78.77,78.77,False,False
23,Female,3.91,5.45,5.23,86.88,1.22,9.36,5.45,Medium,Medio,66.4,66.4,False,False
20,Female,3.6,6.56,4.32,93.67,0.5,7.55,3.95,Medium,Medio,76.3,76.29625139027983,False,True
16,Female,2.65,8.91,7.56,67.35,4.05,8.64,5.99,Medium,Bajo,95.04,95.03531646867798,False,True
19,Male,7.66,7.66,5.84,95.15,4.92,11.08,3.42,High,Alto,56.23,56.234026868010105,False,True
18,Female,6.58,5.16,4.47,81.05,3.29,12.0,5.42,Low,Alto,37.34,37.34,False,False
24,Female,5.23,9.75,8.01,65.76,4.13,6.85,1.62,Low,Medio,100.0,108.51152807657232,True,True
23,Male,1.3,5.11,7.42,85.71,4.71,3.04,1.74,Medium,Bajo,87.95,87.95,False,False
16,Female,5.87,2.01,6.26,80.8,1.14,9.82,3.95,Low,Alto,30.59,30.59,False,False
21,Female,5.82,9.93,5.24,61.13,1.75,7.44,1.62,High,Alto,84.82,84.82341203973043,False,True
24,Male,3.4,1.21,4.76,75.97,1.1,4.78,1.38,Medium,Medio,30.5,30.5,False,False
22,Female,7.4,5.95,6.29,91.39,0.31,9.38,1.98,Low,Alto,39.48,39.48,False,False
19,Female,1.34,3.78,8.43,82.22,3.66,6.28,4.94,Medium,Bajo,78.03,78.03,False,False
16,Male,2.14,5.53,4.94,71.28,0.73,7.78,5.64,Medium,Bajo,62.82,62.82,False,False
17,Male,0.51,6.03,6.84,97.15,0.46,3.18,2.67,Medium,Bajo,100.0,100.0,False,False
20,Other,6.36,3.16,8.81,69.51,1.79,12.23,5.87,Low,Alto,52.58,52.58,False,False
20,Male,4.97,6.01,7.19,70.11,0.3,10.02,5.05,Medium,Medio,73.25,73.25,False,False
23,Male,2.52,7.8,6.2,74.19,0.9,4.65,2.13,Medium,Bajo,79.78,79.78,False,False
21,Male,1.31,3.4,7.58,95.78,0.35,5.24,3.93,Medium,Bajo,90.23,90.23,False,False
23,Female,0.32,4.45,8.12,80.31,4.39,6.23,5.91,Medium,Bajo,79.35,79.35,False,False
17,Female,1.33,3.41,6.95,87.29,3.9,6.57,5.24,Medium,Bajo,84.6,84.6,False,False
18,Female,3.63,8.39,8.36,99.05,4.3,6.45,2.82,Medium,Medio,100.0,100.0,False,False
21,Male,1.98,7.52,6.57,91.33,4.34,4.51,2.53,Medium,Bajo,93.26,93.26,False,False
18,Female,2.07,8.84,8.15,66.9,4.72,7.17,5.1,Medium,Bajo,100.0,100.0,False,False
21,Male,7.0,2.53,8.76,91.53,0.93,10.75,3.75,Low,Alto,48.71,48.71,False,False
21,Male,4.12,1.66,6.51,89.93,4.5,5.94,1.82,Medium,Medio,40.95,40.95,False,False
17,Male,5.83,2.07,7.03,69.3,2.63,8.47,2.64,Low,Alto,41.75,41.75484289923571,False,True
22,Male,0.29,2.45,7.05,73.01,0.83,4.6,4.31,Medium,Bajo,60.16,60.16314502573839,False,True
17,Female,2.92,5.8,7.91,88.41,3.28,4.69,1.77,Medium,Medio,81.01,81.01,False,False
21,Female,3.83,9.74,8.11,69.54,1.64,8.32,4.49,Medium,Medio,94.81,94.81,False,False
16,Male,1.49,4.22,4.14,68.33,0.23,6.04,4.55,Medium,Bajo,61.7,61.7,False,False
18,Female,0.96,9.63,7.67,88.14,0.39,3.31,2.35,Medium,Bajo,100.0,107.33704124212557,True,True
17,Female,6.96,1.34,7.92,95.22,2.12,9.95,2.99,Low,Alto,24.88,24.88,False,False
22,Female,7.1,8.82,7.08,63.0,4.13,13.2,6.1,Low,Alto,76.34,76.34027309102665,False,True
19,Male,0.63,2.63,7.57,77.84,1.56,5.38,4.75,Medium,Bajo,72.19,72.19,False,False
23,Female,2.79,9.21,4.21,84.29,3.83,7.73,4.94,High,Bajo,81.49,81.49,False,False
21,Male,7.67,1.51,6.21,87.05,0.28,11.25,3.58,Low,Alto,13.11,13.11,False,False
19,Female,0.67,9.53,8.09,99.85,1.97,2.74,2.07,Medium,Bajo,100.0,100.0,False,False
20,Male,5.15,2.81,8.67,87.31,0.64,9.11,3.96,Low,Medio,61.08,61.08,False,False
24,Female,7.78,3.72,5.15,84.81,4.32,12.64,4.86,Low,Alto,22.8,22.8,False,False
22,Male,7.83,5.42,6.9,99.59,4.84,8.85,1.02,Low,Alto,50.46,50.46,False,False
24,Male,3.77,4.43,8.02,62.43,1.63,5.34,1.57,Medium,Medio,70.53,70.53,False,False
22,Female,1.3,7.01,7.76,62.98,4.94,4.67,3.37,Medium,Bajo,91.99,91.99,False,False
16,Female,1.62,9.77,7.09,82.43,3.76,4.81,3.19,Medium,Bajo,100.0,100.0,False,False
23,Female,7.12,6.46,4.09,74.35,0.01,13.03,5.91,Low,Alto,37.31,37.31,False,False
19,Female,7.29,7.49,7.62,63.87,2.43,8.75,1.46,Low,Alto,54.31,54.31366214021246,False,True
18,Male,4.86,1.79,7.87,72.26,4.17,7.48,2.62,Medium,Medio,42.49,42.49,False,False
22,Female,6.13,6.65,7.61,86.97,2.67,11.21,5.08,Low,Alto,64.85,64.85,False,False
18,Male,5.92,5.08,7.83,95.22,2.75,9.98,4.06,Low,Alto,56.92,56.92,False,False
23,Male,5.29,8.97,6.15,63.77,2.24,9.1,3.81,Low,Medio,80.93,80.92515263719457,False,True
21,Female,6.62,4.49,8.97,81.61,1.98,11.33,4.71,Low,Alto,52.1,52.1,False,False
20,Female,5.48,7.12,7.85,71.84,0.14,6.68,1.2,Low,Alto,81.51,81.5054271615651,False,True
19,Female,4.27,3.05,6.89,86.69,3.11,10.01,5.74,Medium,Medio,59.42,59.42,False,False
23,Female,1.9,3.33,8.67,81.98,3.83,3.86,1.96,Medium,Bajo,84.22,84.22,False,False
23,Female,5.95,4.39,8.54,97.07,3.95,7.36,1.41,Low,Alto,60.16,60.16,False,False
16,Male,3.79,3.74,8.07,61.51,3.12,6.48,2.69,Medium,Medio,55.68,55.68,False,False
24,Male,2.36,3.28,6.82,78.8,1.71,6.87,4.51,Medium,Bajo,75.79,75.78845954815377,False,True
20,Female,6.42,1.45,6.64,67.71,0.11,8.58,2.16,Low,Alto,22.54,22.54,False,False
19,Male,5.57,8.53,5.64,81.47,4.48,6.82,1.25,High,Alto,80.81,80.81076823101347,False,True
21,Male,7.5,1.58,5.25,94.14,2.15,8.79,1.29,Low,Alto,18.49,18.49,False,False
21,Male,1.32,8.99,6.56,96.45,3.01,3.6,2.28,Medium,Bajo,100.0,100.0,False,False
17,Female,5.19,2.13,6.89,75.93,0.97,6.87,1.68,Low,Medio,37.12,37.12,False,False
23,Male,1.95,1.59,5.22,92.47,0.71,4.81,2.86,Medium,Bajo,55.03,55.03,False,False
22,Female,7.23,6.07,8.61,71.22,0.43,9.1,1.87,Low,Alto,49.4,49.4,False,False
16,Female,0.8,5.52,6.79,60.25,3.99,3.52,2.72,Medium,Bajo,78.82,78.82,False,False
20,Male,5.25,5.42,6.63,94.21,3.23,8.47,3.22,Low,Medio,68.63,68.63,False,False
21,Female,6.33,6.17,6.18,64.78,3.11,11.04,4.71,Low,Alto,57.78,57.78,False,False
19,Female,2.84,3.58,4.29,60.7,4.6,4.98,2.14,Medium,Medio,44.8,44.8,False,False
17,Female,7.63,6.97,8.4,74.15,0.79,11.01,3.38,Low,Alto,54.14,54.14,False,False
19,Female,6.81,5.52,5.58,75.18,0.85,11.89,5.08,Low,Alto,47.76,47.759651317438845,False,True
16,Male,2.36,4.01,7.21,63.09,0.95,8.29,5.93,Medium,Bajo,67.27,67.27,False,False
22,Female,0.06,8.44,7.04,92.57,2.12,3.85,3.79,Medium,Bajo,100.0,107.08084410107716,True,True
17,Male,2.37,7.55,6.92,76.22,4.37,5.53,3.16,Medium,Bajo,86.6,86.6,False,False
17,Female,2.25,4.54,6.63,79.6,4.41,6.41,4.16,Medium,Bajo,72.35,72.35,False,False
24,Female,7.12,8.63,4.91,70.59,2.95,10.55,3.43,High,Alto,64.15,64.14594686982988,False,True
20,Female,7.74,9.28,5.4,80.46,3.29,9.56,1.82,High,Alto,69.49,69.49489892713028,False,True
17,Male,0.56,5.83,6.62,90.67,4.49,3.86,3.3,Medium,Bajo,92.78,92.78,False,False
24,Male,3.77,2.93,7.95,96.25,3.12,9.67,5.9,Medium,Medio,63.33,63.33,False,False
24,Male,4.39,9.24,6.16,98.82,1.15,8.59,4.2,Medium,Medio,97.3,97.3,False,False
16,Male,0.74,2.71,5.02,77.07,3.52,3.16,2.42,Medium,Bajo,66.37,66.37,False,False
18,Male,3.02,1.44,4.44,99.6,3.85,8.76,5.74,Medium,Medio,48.44,48.44,False,False
19,Female,2.54,3.95,7.32,71.8,3.18,5.48,2.94,Medium,Bajo,64.97,64.97,False,False
22,Male,4.29,7.54,6.12,60.28,1.37,7.24,2.95,Medium,Medio,77.94,77.94,False,False
19,Other,5.29,9.31,4.63,90.7,2.0,9.37,4.08,High,Medio,75.58,75.58371762972082,False,True
17,Male,5.63,6.74,7.37,67.14,2.35,9.47,3.84,Low,Alto,62.37,62.36536559524971,False,True
22,Female,1.09,9.57,5.04,62.1,0.73,3.54,2.45,High,Bajo,100.0,100.0,False,False
21,Female,6.5,1.83,6.55,96.96,2.26,9.84,3.34,Low,Alto,45.5,45.5,False,False
18,Female,5.43,1.55,5.53,91.67,0.81,8.09,2.66,Low,Medio,37.03,37.03,False,False
21,Female,7.11,6.44,8.66,64.11,2.5,11.8,4.69,Low,Alto,55.52,55.52,False,False
21,Male,3.59,9.7,5.14,91.08,0.25,5.2,1.61,High,Medio,97.61,97.6056807496753,False,True
20,Female,7.15,5.52,6.1,93.76,4.74,11.9,4.75,Low,Alto,50.19,50.19,False,False
19,Male,6.93,1.46,8.8,96.21,1.23,8.74,1.81,Low,Alto,42.13,42.13,False,False
16,Male,3.51,2.99,5.59,81.75,2.34,6.04,2.53,Medium,Medio,55.42,55.42,False,False
21,Female,3.05,3.2,7.22,88.14,0.16,5.72,2.67,Medium,Medio,64.18,64.18,False,False
17,Female,7.46,4.04,5.58,90.49,0.96,13.41,5.95,Low,Alto,38.12,38.12,False,False
18,Female,5.72,1.39,4.55,87.55,3.47,9.67,3.95,Low,Alto,26.97,26.97,False,False
23,Male,7.21,8.87,6.92,85.87,0.56,12.32,5.11,Low,Alto,85.03,85.03219261676732,False,True
21,Male,6.38,5.64,8.58,81.9,3.14,10.16,3.78,Low,Alto,65.35,65.35,False,False
18,Male,4.87,7.04,6.26,79.17,0.01,10.79,5.92,Medium,Medio,64.87,64.87,False,False
22,Male,0.93,1.6,7.13,99.85,2.33,2.82,1.89,Medium,Bajo,66.17,66.17,False,False
19,Male,2.33,1.49,7.04,73.5,3.61,6.35,4.02,Medium,Bajo,61.79,61.78630486274652,False,True
24,Male,7.75,6.28,6.08,63.53,4.63,12.74,4.99,Low,Alto,31.91,31.91,False,False
20,Male,2.56,8.99,7.07,90.6,2.46,6.7,4.14,Medium,Bajo,95.76,95.76,False,False
18,Female,0.75,5.76,5.3,68.55,4.2,6.23,5.48,Medium,Bajo,71.9,71.9,False,False
17,Male,5.66,8.9,5.89,81.31,4.01,9.66,4.0,High,Alto,90.2,90.19507071507132,False,True
17,Female,5.87,8.3,6.21,63.83,1.48,11.0,5.13,Low,Alto,69.6,69.60090515382194,False,True
18,Male,2.28,1.68,8.32,84.77,4.37,4.16,1.88,Medium,Bajo,62.56,62.56,False,False
17,Female,2.38,2.82,5.74,97.76,3.2,4.69,2.31,Medium,Bajo,63.41,63.41,False,False
19,Female,3.75,6.92,7.18,88.91,0.52,6.97,3.22,Medium,Medio,95.48,95.48440846348372,False,True
17,Male,0.17,4.99,5.07,68.58,4.7,5.43,5.26,Medium,Bajo,73.16,73.16,False,False
24,Female,6.31,3.62,5.26,98.85,0.88,9.44,3.13,Low,Alto,41.05,41.05,False,False
17,Male,2.54,4.77,7.24,72.28,2.35,6.68,4.14,Medium,Bajo,70.48,70.48,False,False
24,Female,6.83,5.01,7.81,77.46,2.33,9.81,2.98,Low,Alto,54.31,54.31,False,False
21,Male,6.42,9.19,6.31,79.92,3.13,11.45,5.03,Low,Alto,78.95,78.94627919249139,False,True
16,Other,5.29,1.93,5.68,99.63,3.32,7.29,2.0,Low,Medio,46.66,46.66,False,False
19,Male,2.6,3.52,8.55,62.76,1.16,6.57,3.97,Medium,Bajo,62.91,62.91,False,False
16,Male,4.13,5.84,4.68,87.87,1.76,8.02,3.89,Medium,Medio,61.92,61.92,False,False
21,Female,3.56,7.28,7.6,74.48,0.72,6.58,3.02,Medium,Medio,86.53,86.53,False,False
19,Male,2.71,6.68,7.45,63.13,0.63,7.24,4.53,Medium,Bajo,91.72,91.72,False,False
18,Female,6.59,9.19,7.22,97.4,4.13,7.93,1.34,Low,Alto,77.38,77.38173713291891,False,True
18,Male,3.87,8.16,8.68,83.59,3.75,9.08,5.21,Medium,Medio,97.86,97.86,False,False
24,Female,6.66,6.01,7.64,90.14,2.21,9.4,2.74,Low,Alto,61.65,61.65,False,False
21,Male,0.84,2.93,5.51,69.62,0.48,5.81,4.97,Medium,Bajo,56.7,56.7,False,False
24,Female,1.13,5.06,5.77,90.46,2.25,3.66,2.53,Medium,Bajo,84.97,84.97,False,False
20,Female,7.82,7.24,5.96,93.14,1.47,9.76,1.94,High,Alto,56.22,56.22092494588872,False,True
17,Male,4.7,8.54,4.15,77.23,3.89,7.65,2.95,High,Medio,66.67,66.67,False,False
23,Male,4.08,9.64,8.57,82.88,0.48,9.07,4.99,Medium,Medio,100.0,100.0,False,False
20,Male,4.19,6.45,4.37,98.87,2.26,8.71,4.52,Medium,Medio,63.65,63.65,False,False
17,Other,1.72,5.74,7.5,93.87,2.96,4.73,3.01,Medium,Bajo,93.84,93.84,False,False
19,Male,5.75,1.16,7.65,77.79,4.93,11.44,5.69,Low,Alto,30.0,30.0,False,False
24,Male,0.68,1.65,8.22,86.58,0.45,3.72,3.04,Medium,Bajo,65.37,65.37,False,False
19,Male,4.59,2.4,6.77,91.37,0.57,7.34,2.75,Medium,Medio,54.6,54.6,False,False
19,Male,4.57,1.49,7.63,60.97,4.94,6.29,1.72,Medium,Medio,32.39,32.39,False,False
17,Female,7.31,4.61,5.51,83.53,2.03,8.66,1.35,Low,Alto,35.06,35.06,False,False
21,Female,4.21,4.03,7.73,99.38,3.72,6.96,2.75,Medium,Medio,70.03,70.03,False,False
17,Female,1.1,6.74,5.72,97.89,3.92,2.56,1.46,Medium,Bajo,96.67,96.67,False,False
22,Female,4.58,5.82,8.51,93.3,1.57,7.89,3.31,Medium,Medio,74.39,74.39,False,False
18,Female,0.73,6.36,4.82,64.25,1.07,6.03,5.3,Medium,Bajo,77.29,77.29,False,False
18,Male,1.63,5.25,5.58,99.76,1.38,5.01,3.38,Medium,Bajo,79.44,79.44,False,False
20,Male,0.25,3.5,6.49,84.38,3.82,3.65,3.4,Medium,Bajo,69.59,69.59,False,False
18,Female,4.11,9.58,7.88,68.92,4.2,6.38,2.27,Medium,Medio,100.0,100.0,False,False
17,Female,0.68,1.78,7.74,86.97,3.5,2.51,1.83,Medium,Bajo,69.81,69.81,False,False
24,Female,3.76,9.45,5.05,94.26,2.21,5.87,2.11,High,Medio,90.61,90.61,False,False
17,Male,7.46,3.8,4.72,64.49,1.31,11.3,3.84,Low,Alto,27.84,27.84336164038511,False,True
17,Male,5.76,5.61,5.52,96.66,2.13,9.72,3.96,Low,Alto,53.06,53.06,False,False
23,Male,0.62,1.98,6.42,96.81,4.57,2.72,2.1,Medium,Bajo,67.03,67.03,False,False
24,Female,1.79,1.64,6.7,60.54,4.32,4.78,2.99,Medium,Bajo,58.04,58.041504175721336,False,True
22,Female,5.39,4.87,6.15,96.01,1.62,9.23,3.84,Low,Medio,59.93,59.93208418900365,False,True
18,Female,7.16,7.68,7.32,97.87,1.64,11.96,4.8,Low,Alto,77.59,77.58786029563846,False,True
24,Male,0.26,3.42,6.14,61.51,3.9,2.86,2.6,Medium,Bajo,60.26,60.26,False,False
18,Female,6.5,6.06,8.73,71.77,2.13,8.86,2.36,Low,Alto,60.37,60.37,False,False
20,Male,4.49,3.51,5.3,74.92,2.86,9.14,4.65,Medium,Medio,47.79,47.79,False,False
24,Male,4.37,4.5,7.14,73.96,2.11,7.94,3.57,Medium,Medio,58.11,58.11,False,False
18,Female,7.38,8.82,6.8,90.36,1.21,12.94,5.56,Low,Alto,65.46,65.46028943410288,False,True
22,Male,5.98,8.7,5.41,74.32,0.94,8.04,2.06,High,Alto,72.45,72.45435308555344,False,True
16,Male,6.8,5.64,6.06,98.26,0.7,11.65,4.85,Low,Alto,46.69,46.69,False,False
19,Female,2.83,3.14,5.83,99.8,0.06,4.64,1.81,Medium,Medio,64.43,64.43,False,False
19,Female,4.43,2.74,4.86,72.67,1.4,8.35,3.92,Medium,Medio,35.38,35.38,False,False
22,Male,4.92,9.59,6.39,80.35,0.86,7.34,2.42,Medium,Medio,82.87,82.87,False,False
23,Female,2.57,2.82,5.93,82.31,1.29,4.08,1.51,Medium,Bajo,61.29,61.29,False,False
16,Male,4.56,8.27,4.89,83.18,0.38,8.64,4.08,High,Medio,70.76,70.76,False,False
20,Female,1.89,4.32,6.25,74.97,1.71,5.42,3.53,Medium,Bajo,74.23,74.23,False,False
22,Female,1.15,9.87,6.11,66.64,2.6,4.58,3.43,Medium,Bajo,100.0,100.0,False,False
19,Female,2.99,4.31,4.66,62.18,4.72,6.95,3.96,Medium,Medio,50.46,50.46,False,False
19,Female,5.91,4.16,4.66,64.25,1.74,8.77,2.86,Low,Alto,28.32,28.32,False,False
19,Male,7.33,6.74,7.24,96.05,0.16,11.68,4.35,Low,Alto,55.92,55.92,False,False
21,Male,3.66,9.65,7.53,71.22,1.81,5.31,1.65,Medium,Medio,97.92,97.92,False,False
22,Male,5.0,9.52,8.47,63.07,4.09,9.71,4.71,Low,Medio,96.54,96.53902745401682,False,True
17,Male,0.82,7.36,4.44,84.94,1.7,4.72,3.9,High,Bajo,82.34,82.34,False,False
20,Female,7.24,7.79,4.59,63.01,1.46,10.67,3.43,High,Alto,62.13,62.1333438051394,False,True
19,Male,4.55,6.07,4.26,62.8,4.59,6.19,1.64,Medium,Medio,54.17,54.17,False,False
18,Male,6.24,7.8,6.66,84.86,1.49,8.63,2.39,Low,Alto,83.89,83.88754265210088,False,True
22,Male,6.36,8.74,7.11,83.66,4.85,8.84,2.48,Low,Alto,84.2,84.2020665122245,False,True
21,Other,2.05,5.37,6.02,61.66,4.16,4.22,2.17,Medium,Bajo,74.14,74.14,False,False
22,Male,4.23,6.58,7.99,78.42,3.42,10.0,5.77,Medium,Medio,93.34,93.3394839001055,False,True
20,Female,7.68,5.84,7.43,77.43,2.99,13.26,5.58,Low,Alto,42.4,42.4,False,False
21,Male,0.72,6.06,8.93,81.87,1.12,4.45,3.73,Medium,Bajo,100.0,109.69165574415564,True,True
20,Male,5.46,9.01,4.69,89.51,3.65,7.49,2.03,High,Medio,100.0,101.67817668635332,True,True
22,Female,7.7,4.2,4.29,71.31,1.74,13.26,5.56,Low,Alto,10.67,10.67,False,False
17,Female,2.4,2.87,5.37,77.31,2.43,7.15,4.75,Medium,Bajo,58.76,58.76,False,False
20,Female,6.89,5.11,4.1,91.71,0.52,8.08,1.19,Low,Alto,34.58,34.58,False,False
21,Female,7.47,2.87,8.66,96.9,1.48,10.92,3.45,Low,Alto,46.72,46.72,False,False
21,Male,5.98,5.49,5.52,95.65,2.65,10.0,4.02,Low,Alto,50.46,50.46,False,False
20,Male,1.85,9.13,6.76,79.11,2.34,3.18,1.33,Medium,Bajo,100.0,100.0,False,False
22,Female,2.67,6.56,5.59,80.83,1.72,3.92,1.25,Medium,Bajo,68.45,68.45,False,False
23,Male,0.29,8.7,5.23,81.16,2.36,3.61,3.32,High,Bajo,100.0,100.0,False,False
22,Female,6.65,2.5,4.76,94.75,3.72,7.66,1.01,Low,Alto,28.53,28.53,False,False
20,Female,6.8,9.11,5.6,93.6,2.3,8.03,1.23,High,Alto,81.46,81.46045914101558,False,True
16,Male,5.06,6.42,7.08,72.46,2.53,6.89,1.83,Low,Medio,62.23,62.23,False,False
20,Female,2.82,1.29,8.86,66.51,3.51,8.37,5.55,Medium,Medio,54.73,54.73,False,False
17,Male,0.61,6.7,6.79,75.16,4.21,5.44,4.83,Medium,Bajo,96.55,96.55,False,False
20,Male,6.02,9.56,6.66,71.54,2.63,9.27,3.25,Low,Alto,83.08,83.08344385654743,False,True
20,Male,5.81,1.71,4.18,98.03,4.74,9.21,3.4,Low,Alto,30.53,30.53,False,False
17,Female,7.3,6.24,8.2,70.64,1.77,11.73,4.43,Low,Alto,55.48,55.48,False,False
20,Male,5.84,9.24,4.22,67.25,1.26,9.21,3.37,High,Alto,62.5,62.502702364344735,False,True
19,Female,6.63,1.09,8.53,95.98,3.47,7.95,1.32,Low,Alto,39.53,39.53287210820626,False,True
16,Female,5.97,6.68,6.69,63.46,0.88,10.66,4.69,Low,Alto,62.39,62.39,False,False
18,Female,5.05,5.27,4.84,70.41,4.5,6.34,1.29,Low,Medio,39.17,39.17,False,False
16,Female,3.42,4.12,6.26,77.56,1.93,6.85,3.43,Medium,Medio,65.97,65.97,False,False
20,Male,7.22,6.65,8.97,83.8,3.49,12.53,5.31,Low,Alto,59.18,59.18,False,False
19,Male,5.21,1.47,5.53,73.11,2.85,6.8,1.59,Low,Medio,39.37,39.37,False,False
22,Male,3.19,7.78,5.35,79.85,0.27,7.72,4.53,High,Medio,82.82,82.82,False,False
20,Female,0.67,1.04,4.59,67.95,3.55,1.9,1.23,Medium,Bajo,39.89,39.89,False,False
19,Other,2.33,3.76,6.99,82.97,3.95,8.3,5.97,Medium,Bajo,73.2,73.2,False,False
17,Female,4.35,5.54,4.45,76.31,4.91,8.76,4.41,Medium,Medio,62.95,62.95,False,False
19,Female,2.21,4.39,7.83,93.97,2.08,8.05,5.84,Medium,Bajo,82.3,82.3,False,False
17,Female,1.77,3.77,8.6,76.63,2.51,6.11,4.34,Medium,Bajo,78.07,78.07,False,False
23,Male,4.22,8.48,8.66,77.75,4.37,6.43,2.21,Medium,Medio,98.7,98.7,False,False
18,Female,1.36,9.41,4.54,83.69,1.35,6.99,5.63,High,Bajo,96.91,96.91,False,False
24,Female,6.4,8.86,6.79,64.93,0.95,10.53,4.13,Low,Alto,86.42,86.42399769997512,False,True
19,Male,3.87,5.7,4.49,66.27,0.66,7.75,3.88,Medium,Medio,44.77,44.77,False,False
21,Other,4.59,8.96,6.86,91.61,4.89,7.74,3.15,Medium,Medio,89.6,89.6,False,False
20,Male,1.18,9.29,8.07,70.94,1.35,3.6,2.42,Medium,Bajo,100.0,100.0,False,False
16,Female,2.6,4.68,6.69,87.39,3.79,6.25,3.65,Medium,Bajo,65.81,65.81,False,False
24,Female,3.28,3.55,8.36,63.9,2.25,6.11,2.83,Medium,Medio,73.78,73.77786670872725,False,True
16,Female,6.47,1.88,8.01,92.87,1.2,11.74,5.27,Low,Alto,27.53,27.53,False,False
23,Male,6.16,5.31,5.38,99.53,4.57,7.3,1.14,Low,Alto,59.58,59.58,False,False
24,Female,1.78,9.52,7.15,74.95,2.32,5.43,3.65,Medium,Bajo,100.0,100.0,False,False
24,Female,4.93,6.05,4.04,80.22,2.83,10.11,5.18,Medium,Medio,59.9,59.9,False,False
16,Male,1.95,7.01,5.98,77.71,1.11,3.09,1.14,High,Bajo,84.95,84.95,False,False
17,Female,7.91,2.02,5.19,95.77,1.62,10.32,2.41,Low,Alto,7.35,7.35,False,False
16,Female,7.62,2.29,8.69,60.4,3.74,8.88,1.26,Low,Alto,22.29,22.29,False,False
17,Female,4.51,5.18,6.03,86.14,1.72,8.49,3.98,Medium,Medio,64.71,64.71,False,False
23,Male,5.59,9.56,7.27,86.09,2.53,8.17,2.58,Low,Alto,93.84,93.83904298116155,False,True
20,Female,6.41,4.25,7.66,75.3,0.57,12.21,5.8,Low,Alto,47.57,47.57,False,False
22,Female,5.77,8.9,7.87,68.77,4.25,9.85,4.08,Low,Alto,87.2,87.20164816111901,False,True
17,Male,5.6,2.08,7.68,69.59,3.69,9.41,3.81,Low,Alto,45.04,45.04,False,False
23,Male,7.67,6.55,5.45,92.02,3.8,13.26,5.59,Low,Alto,46.54,46.54,False,False
21,Other,4.77,6.41,7.43,62.64,0.89,6.89,2.12,Medium,Medio,71.97,71.97,False,False
23,Female,5.09,8.74,6.75,82.55,2.48,8.9,3.81,Low,Medio,94.5,94.50081149330975,False,True
16,Female,6.79,1.03,6.99,72.27,0.14,10.5,3.71,Low,Alto,19.97,19.97,False,False
16,Male,5.36,2.71,4.0,70.61,1.58,6.77,1.41,Low,Medio,34.36,34.36,False,False
22,Male,5.86,2.98,5.29,80.23,1.74,11.52,5.66,Low,Alto,39.21,39.21,False,False
23,Male,1.87,9.55,8.65,95.91,4.57,6.37,4.5,Medium,Bajo,100.0,100.0,False,False
18,Male,2.97,2.38,5.45,84.72,4.96,8.41,5.44,Medium,Medio,54.83,54.83,False,False
20,Female,1.18,1.33,6.19,91.54,3.09,7.09,5.91,Medium,Bajo,64.0,64.0,False,False
16,Female,4.05,5.81,4.93,84.03,2.58,7.45,3.4,Medium,Medio,66.23,66.23,False,False
22,Female,3.65,5.76,4.69,87.91,2.2,8.67,5.02,Medium,Medio,75.16,75.16,False,False
20,Male,7.98,8.6,5.04,77.3,0.09,11.87,3.89,High,Alto,55.96,55.95912097344082,False,True
23,Female,4.89,9.54,6.77,97.04,4.0,10.78,5.89,Medium,Medio,93.08,93.08,False,False
23,Male,6.29,5.85,8.6,80.08,3.36,8.53,2.24,Low,Alto,62.13,62.13,False,False
24,Male,2.67,9.37,5.63,82.07,3.25,3.74,1.07,High,Bajo,98.58,98.58,False,False
22,Female,6.65,7.53,5.62,81.0,4.05,8.58,1.93,High,Alto,67.55,67.55127893882569,False,True
16,Female,4.92,3.38,6.82,72.65,4.64,6.56,1.64,Medium,Medio,44.7,44.7,False,False
18,Female,5.58,9.36,5.78,69.25,1.95,8.76,3.18,High,Alto,81.3,81.30417171616416,False,True
23,Male,2.36,7.01,8.55,62.95,2.13,3.75,1.39,Medium,Bajo,90.27,90.27,False,False
18,Female,4.39,4.73,5.89,88.73,4.88,6.49,2.1,Medium,Medio,57.88,57.88,False,False
23,Female,5.07,7.12,6.45,71.57,3.32,6.55,1.48,Low,Medio,61.79,61.79436214146735,False,True
16,Female,4.71,4.61,6.67,75.57,4.26,8.14,3.43,Medium,Medio,51.81,51.81,False,False
20,Male,7.32,2.03,7.91,96.8,1.11,9.65,2.33,Low,Alto,40.32,40.32,False,False
19,Other,7.19,7.47,6.82,82.66,1.59,10.55,3.36,Low,Alto,76.39,76.38644909045331,False,True
20,Female,7.77,8.42,5.2,63.88,1.96,9.21,1.44,High,Alto,54.95,54.94571291748731,False,True
23,Female,5.34,7.56,4.62,91.98,1.58,8.92,3.58,High,Medio,81.86,81.86154106874058,False,True
19,Male,7.78,3.06,8.69,70.25,4.42,9.43,1.65,Low,Alto,29.16,29.16,False,False
19,Male,6.31,9.1,7.59,82.11,2.56,8.16,1.85,Low,Alto,84.41,84.40680321735825,False,True
18,Male,2.17,1.23,4.11,80.4,4.77,4.72,2.55,Medium,Bajo,40.02,40.02,False,False
22,Male,3.42,3.99,8.11,69.52,1.61,8.79,5.37,Medium,Medio,68.21,68.21,False,False
18,Female,1.91,3.34,6.95,64.63,0.19,6.85,4.94,Medium,Bajo,64.12,64.12,False,False
18,Male,0.03,1.43,6.59,68.45,0.69,5.83,5.8,Medium,Bajo,58.48,58.48,False,False
20,Male,1.5,4.65,4.06,63.89,1.09,4.8,3.3,Medium,Bajo,65.97,65.97,False,False
20,Male,0.03,6.61,7.9,71.03,3.2,2.59,2.56,Medium,Bajo,91.13,91.13,False,False
21,Male,5.76,8.94,4.99,99.89,0.91,11.61,5.85,High,Alto,86.59,86.58503219895216,False,True
23,Male,3.4,9.91,7.64,76.08,1.91,6.31,2.91,Medium,Medio,100.0,100.0,False,False
21,Female,2.5,8.27,4.08,94.56,3.98,3.55,1.05,High,Bajo,87.31,87.31,False,False
16,Female,6.09,5.22,7.98,81.97,0.62,11.19,5.1,Low,Alto,60.72,60.72,False,False
23,Male,6.66,7.51,4.12,86.66,0.4,8.51,1.85,High,Alto,59.38,59.37849981658927,False,True
23,Male,7.8,8.59,5.18,66.25,2.7,12.39,4.59,High,Alto,68.25,68.2519668407462,False,True
24,Male,5.14,5.19,5.34,70.99,3.49,6.22,1.08,Low,Medio,47.83,47.83,False,False
24,Male,3.69,8.07,4.79,80.42,4.55,5.24,1.55,High,Medio,78.36,78.35677198110457,False,True
17,Female,2.44,5.34,6.41,95.25,3.31,5.86,3.42,Medium,Bajo,83.07,83.07,False,False
17,Female,1.78,4.48,5.42,61.72,4.73,3.12,1.34,Medium,Bajo,65.41,65.41,False,False
18,Female,1.7,5.73,8.97,80.28,1.22,7.14,5.44,Medium,Bajo,91.44,91.44,False,False
16,Female,3.27,7.08,6.9,62.04,1.71,8.02,4.75,Medium,Medio,75.4,75.4,False,False
19,Male,7.93,7.54,6.83,78.27,4.2,10.57,2.64,Low,Alto,60.11,60.10906780925567,False,True
19,Female,0.01,4.21,5.1,85.15,4.06,4.0,3.99,Medium,Bajo,67.68,67.68,False,False
24,Female,1.58,6.14,6.04,89.79,3.32,6.16,4.58,Medium,Bajo,94.08,94.08,False,False
24,Female,1.51,9.19,4.62,65.54,2.53,6.29,4.78,High,Bajo,100.0,100.0,False,False
24,Male,5.66,9.65,7.69,66.66,0.09,8.72,3.06,Low,Alto,89.51,89.51078830944087,False,True
22,Female,2.82,3.05,5.66,78.8,1.4,8.31,5.49,Medium,Medio,51.71,51.71,False,False
17,Female,3.66,2.74,7.76,99.92,0.79,9.37,5.71,Medium,Medio,65.52,65.52,False,False
20,Female,1.19,7.09,5.86,74.24,0.26,3.17,1.98,High,Bajo,81.17,81.17,False,False
19,Male,3.24,4.73,8.94,77.1,3.88,8.8,5.56,Medium,Medio,81.46,81.46,False,False
23,Female,0.83,1.22,4.86,77.3,0.66,5.39,4.56,Medium,Bajo,48.09,48.09,False,False
17,Female,4.26,4.12,4.01,63.23,1.79,9.7,5.44,Medium,Medio,36.97,36.97,False,False
21,Female,0.78,8.26,6.97,90.97,4.89,3.9,3.12,Medium,Bajo,100.0,100.0,False,False
20,Female,6.25,8.09,8.66,70.12,2.05,10.63,4.38,Low,Alto,88.04,88.03504187821814,False,True
17,Female,4.53,5.45,7.24,88.15,0.71,6.71,2.18,Medium,Medio,66.69,66.69,False,False
16,Male,5.79,5.25,4.43,79.0,3.45,10.55,4.76,Low,Alto,55.3,55.3,False,False
23,Female,3.35,6.22,6.7,84.47,4.05,7.26,3.91,Medium,Medio,74.57,74.57,False,False
17,Male,3.05,2.97,8.55,62.16,1.4,6.45,3.4,Medium,Medio,71.12,71.1238833576979,False,True
22,Female,0.79,5.73,4.03,95.6,4.05,5.25,4.46,Medium,Bajo,90.09,90.0924636367911,False,True
24,Male,4.19,1.1,4.83,69.75,1.36,7.95,3.76,Medium,Medio,25.45,25.45,False,False
24,Female,4.12,5.28,8.07,86.8,3.47,8.95,4.83,Medium,Medio,72.58,72.58,False,False
23,Female,3.74,4.02,8.47,91.92,0.62,9.03,5.29,Medium,Medio,69.85,69.85,False,False
24,Female,5.92,7.07,7.54,81.6,2.14,10.92,5.0,Low,Alto,71.75,71.74674070280149,False,True
17,Female,6.66,6.75,8.96,73.49,2.6,9.2,2.54,Low,Alto,54.19,54.19,False,False
21,Female,6.01,4.43,4.45,99.12,3.63,11.89,5.88,Low,Alto,33.77,33.77,False,False
19,Female,1.15,1.07,6.73,71.14,3.25,5.4,4.25,Medium,Bajo,54.97,54.97,False,False
19,Male,4.98,3.27,7.42,97.95,4.27,7.6,2.62,Medium,Medio,58.12,58.1179802018831,False,True
20,Male,0.64,6.7,7.51,66.25,0.92,1.85,1.21,Medium,Bajo,84.43,84.43,False,False
18,Male,5.56,1.65,7.97,75.57,3.31,11.5,5.94,Low,Alto,36.13,36.13,False,False
16,Male,3.05,1.97,8.59,65.54,0.64,7.05,4.0,Medium,Medio,55.21,55.21,False,False
23,Female,1.06,6.82,5.81,60.09,2.39,3.2,2.14,Medium,Bajo,83.44,83.44,False,False
20,Female,6.9,7.8,4.21,70.41,2.62,10.36,3.46,High,Alto,58.8,58.80226584830714,False,True
18,Female,4.91,3.89,5.81,63.49,0.14,7.9,2.99,Medium,Medio,53.52,53.52,False,False
22,Male,2.84,5.41,7.36,99.45,0.35,8.6,5.76,Medium,Medio,81.16,81.16,False,False
22,Male,0.25,9.51,5.07,90.47,4.2,3.71,3.46,High,Bajo,100.0,100.0,False,False
16,Female,4.3,9.51,8.05,60.15,1.43,7.72,3.42,Medium,Medio,83.29,83.29,False,False
24,Female,7.39,3.77,5.1,68.95,1.73,12.36,4.97,Low,Alto,30.2,30.2,False,False
17,Male,4.77,8.29,4.05,86.8,3.2,7.72,2.95,High,Medio,68.4,68.4,False,False
20,Female,7.77,6.35,6.54,75.94,1.1,9.75,1.98,Low,Alto,57.73,57.73,False,False
20,Female,1.09,9.78,7.63,93.27,0.96,5.93,4.84,Medium,Bajo,100.0,100.0,False,False
23,Male,4.55,5.3,5.75,80.19,2.11,10.1,5.55,Medium,Medio,60.57,60.56847967325452,False,True
23,Female,6.39,7.97,7.74,86.15,0.29,7.62,1.23,Low,Alto,76.72,76.7226448752761,False,True
22,Male,4.2,7.91,6.19,83.88,4.58,9.5,5.3,Medium,Medio,88.18,88.17879044662666,False,True
22,Female,0.73,5.48,4.86,85.53,4.7,3.92,3.19,Medium,Bajo,70.87,70.87,False,False
21,Male,4.66,8.16,4.45,69.2,2.24,7.11,2.45,High,Medio,74.77,74.77,False,False
21,Male,4.89,3.35,7.55,74.93,1.05,6.09,1.2,Medium,Medio,58.0,58.0,False,False
24,Female,5.83,2.1,5.93,62.03,2.35,7.86,2.03,Low,Alto,25.07,25.07,False,False
21,Male,6.09,4.83,8.56,83.51,0.5,8.75,2.66,Low,Alto,63.26,63.26,False,False
17,Female,6.17,9.49,6.7,78.37,1.99,7.52,1.35,Low,Alto,91.92,91.9191681521158,False,True
17,Male,5.31,5.51,5.74,90.43,0.37,7.25,1.94,Low,Medio,58.63,58.63,False,False
20,Male,1.73,6.72,5.74,68.26,3.53,6.41,4.68,Medium,Bajo,90.08,90.08143238157515,False,True
19,Male,3.23,6.62,4.66,77.47,1.38,7.66,4.43,Medium,Medio,76.4,76.4,False,False
17,Female,6.21,2.19,6.97,67.23,2.6,11.06,4.85,Low,Alto,35.87,35.87,False,False
18,Female,7.63,4.51,6.91,84.56,0.07,9.46,1.83,Low,Alto,31.65,31.65,False,False
22,Male,0.63,7.36,8.0,93.92,2.62,1.85,1.22,Medium,Bajo,100.0,100.0,False,False
23,Female,4.28,9.75,5.01,90.62,0.02,7.62,3.34,High,Medio,82.92,82.92,False,False
21,Female,2.5,2.51,5.45,97.77,4.63,5.21,2.71,Medium,Bajo,60.18,60.18,False,False
20,Female,1.8,4.69,4.49,98.87,2.51,6.68,4.88,Medium,Bajo,71.85,71.85,False,False
16,Female,4.05,1.86,5.48,90.88,0.5,7.74,3.69,Medium,Medio,44.86,44.86,False,False
23,Female,4.85,3.18,6.14,71.47,1.71,10.51,5.66,Medium,Medio,44.3,44.3,False,False
18,Female,0.08,4.39,8.82,68.77,0.23,1.39,1.31,Medium,Bajo,93.37,93.37,False,False
21,Male,6.24,5.87,7.27,77.9,2.65,9.06,2.82,Low,Alto,48.39,48.39,False,False
18,Male,6.56,3.08,7.91,99.76,0.61,9.59,3.03,Low,Alto,42.59,42.59,False,False
22,Male,7.72,3.05,5.63,76.51,2.37,9.35,1.63,Low,Alto,18.55,18.55,False,False
22,Male,1.45,8.0,4.72,67.96,1.53,5.37,3.92,High,Bajo,90.42,90.42,False,False
24,Female,4.76,9.66,5.28,97.77,3.81,5.96,1.2,High,Medio,86.08,86.08,False,False
20,Male,3.41,3.91,5.28,75.44,2.41,7.97,4.56,Medium,Medio,43.63,43.63,False,False
23,Male,2.68,7.19,6.92,87.64,4.24,3.87,1.19,Medium,Bajo,99.98,99.97521716450136,False,True
23,Female,4.53,3.32,5.71,91.53,4.71,9.9,5.37,Medium,Medio,57.61,57.61,False,False
16,Male,6.02,9.0,7.98,93.73,4.85,7.59,1.57,Low,Alto,93.51,93.51470199624566,False,True
20,Male,0.18,7.06,8.94,92.85,1.3,3.46,3.28,Medium,Bajo,100.0,100.0,False,False
18,Male,7.76,8.22,5.72,93.45,3.84,9.54,1.78,High,Alto,64.84,64.83929126636876,False,True
16,Female,6.48,1.44,7.53,86.71,2.19,8.15,1.67,Low,Alto,25.7,25.7,False,False
19,Male,6.01,6.39,7.29,76.15,2.13,10.62,4.61,Low,Alto,66.18,66.18,False,False
23,Male,6.08,5.75,4.97,86.69,4.34,10.95,4.87,Low,Alto,52.89,52.89,False,False
18,Female,3.11,3.64,8.59,93.47,0.73,7.81,4.7,Medium,Medio,70.6,70.6,False,False
17,Female,6.01,3.36,5.0,74.03,2.39,9.03,3.02,Low,Alto,33.31,33.31,False,False
24,Female,3.09,6.22,7.68,71.86,2.96,9.04,5.95,Medium,Medio,83.89,83.89,False,False
20,Female,7.19,7.36,5.74,73.75,0.33,9.89,2.7,High,Alto,70.35,70.3526789428805,False,True
22,Male,1.42,1.3,5.84,82.05,4.32,3.65,2.23,Medium,Bajo,57.02,57.02,False,False
17,Male,2.34,6.11,6.28,62.1,1.57,8.32,5.98,Medium,Bajo,83.98,83.98,False,False
24,Male,4.41,2.53,8.32,91.16,3.28,10.3,5.89,Medium,Medio,73.78,73.77716737669323,False,True
24,Male,2.55,2.26,4.7,65.55,4.64,6.51,3.96,Medium,Bajo,46.52,46.52,False,False
19,Male,3.39,6.61,4.27,65.31,3.6,5.44,2.05,Medium,Medio,61.87,61.87,False,False
19,Male,3.94,3.8,6.01,67.91,4.43,6.13,2.19,Medium,Medio,49.75,49.75,False,False
21,Female,6.85,4.97,4.28,83.08,0.35,10.45,3.6,Low,Alto,37.01,37.01,False,False
21,Female,4.19,4.24,7.44,71.42,2.46,9.07,4.88,Medium,Medio,58.92,58.92,False,False
16,Male,2.9,6.84,7.8,74.72,2.82,4.29,1.39,Medium,Medio,93.28,93.28,False,False
24,Female,1.98,5.23,8.27,97.27,3.45,6.42,4.44,Medium,Bajo,88.38,88.38,False,False
17,Male,3.27,9.67,7.72,93.89,0.58,4.79,1.52,Medium,Medio,100.0,100.0,False,False
20,Male,4.13,4.17,8.58,94.09,3.28,9.35,5.22,Medium,Medio,60.77,60.77,False,False
24,Female,5.97,7.66,7.74,83.11,0.73,9.63,3.66,Low,Alto,83.68,83.67833125914267,False,True
19,Male,0.97,3.32,8.68,94.66,0.34,6.92,5.95,Medium,Bajo,85.49,85.49,False,False
18,Male,1.77,5.58,4.97,91.14,2.35,6.53,4.76,Medium,Bajo,96.02,96.02206411897188,False,True
22,Male,3.04,5.97,6.5,98.13,3.0,6.53,3.49,Medium,Medio,77.7,77.7,False,False
21,Female,2.88,3.96,8.97,62.57,4.79,4.59,1.71,Medium,Medio,65.08,65.08,False,False
23,Female,3.13,5.25,7.41,61.15,3.49,6.84,3.71,Medium,Medio,81.21,81.21058230213143,False,True
18,Male,6.35,3.51,8.39,67.0,2.96,7.92,1.57,Low,Alto,48.69,48.69,False,False
20,Female,2.59,1.05,4.15,97.16,1.07,8.12,5.53,Medium,Bajo,42.58,42.58,False,False
19,Female,4.02,2.94,8.36,84.22,0.76,6.17,2.15,Medium,Medio,50.43,50.43,False,False
19,Female,4.99,7.3,7.49,77.04,3.04,10.32,5.33,Medium,Medio,69.28,69.28,False,False
19,Female,1.86,7.94,4.85,80.51,1.11,4.38,2.52,High,Bajo,90.66,90.66,False,False
23,Male,5.75,3.52,4.13,93.18,3.53,7.86,2.11,Low,Alto,30.93,30.93,False,False
21,Male,4.38,4.67,5.3,97.16,0.57,6.9,2.52,Medium,Medio,63.68,63.68,False,False
18,Female,3.57,1.34,8.58,89.19,1.7,8.11,4.54,Medium,Medio,51.76,51.76,False,False
20,Female,6.48,3.13,7.34,90.39,3.87,10.11,3.63,Low,Alto,41.9,41.9,False,False
21,Female,1.95,8.01,8.6,72.82,4.16,3.49,1.54,Medium,Bajo,100.0,100.0,False,False
20,Female,7.07,6.45,6.23,78.68,1.73,8.76,1.69,Low,Alto,51.46,51.46,False,False
21,Female,4.49,2.85,8.68,95.41,1.03,7.38,2.89,Medium,Medio,71.14,71.14,False,False
23,Female,4.87,3.32,6.31,91.44,4.79,7.56,2.69,Medium,Medio,58.09,58.09,False,False
22,Female,7.0,8.35,5.02,87.37,3.81,12.26,5.26,High,Alto,65.88,65.875028082106,False,True
20,Female,6.54,2.88,4.76,62.61,4.04,10.4,3.86,Low,Alto,24.62,24.62,False,False
21,Female,4.81,4.01,8.97,61.58,1.11,6.74,1.93,Medium,Medio,58.08,58.08,False,False
19,Male,6.03,6.98,5.67,65.22,2.12,7.17,1.14,Low,Alto,60.45,60.45,False,False
24,Male,3.47,6.05,4.8,83.26,0.34,4.98,1.51,Medium,Medio,70.17,70.17,False,False
19,Female,4.38,5.15,4.04,81.46,0.55,8.88,4.5,Medium,Medio,59.87,59.86939153834391,False,True
16,Female,0.5,9.1,5.43,97.71,1.1,5.74,5.24,High,Bajo,100.0,100.0,False,False
22,Female,0.72,2.98,8.45,87.79,1.52,5.63,4.91,Medium,Bajo,74.95,74.95,False,False
22,Female,6.64,7.67,6.67,71.76,4.99,11.59,4.95,Low,Alto,66.62,66.61915202431231,False,True
19,Male,0.48,2.43,7.16,66.46,2.11,2.78,2.3,Medium,Bajo,68.05,68.04948754139102,False,True
18,Male,1.36,6.54,8.61,93.98,3.49,7.31,5.95,Medium,Bajo,100.0,100.0,False,False
23,Female,6.37,8.84,6.56,78.38,4.52,7.8,1.43,Low,Alto,86.88,86.8763068014031,False,True
20,Male,0.01,5.12,8.19,86.14,1.23,5.12,5.11,Medium,Bajo,86.84,86.84,False,False
22,Male,2.26,7.52,5.62,82.61,0.72,3.74,1.48,High,Bajo,76.0,76.0,False,False
19,Male,4.67,8.38,8.89,64.3,1.22,7.01,2.34,Medium,Medio,83.96,83.96,False,False
19,Male,4.76,2.22,4.39,62.28,4.41,8.24,3.48,Medium,Medio,30.08,30.08,False,False
23,Female,6.22,7.35,7.62,75.08,3.33,7.49,1.27,Low,Alto,78.49,78.48794126756569,False,True
23,Male,4.05,9.28,7.3,74.46,2.26,7.02,2.97,Medium,Medio,89.65,89.65,False,False
17,Female,4.08,6.19,4.96,86.95,4.1,6.83,2.75,Medium,Medio,71.33,71.33,False,False
17,Male,5.8,2.68,5.94,85.29,1.18,10.04,4.24,Low,Alto,39.05,39.05,False,False
18,Female,3.99,2.14,5.56,98.76,1.2,8.58,4.59,Medium,Medio,51.78,51.78,False,False
18,Male,4.87,3.34,4.47,94.32,2.84,6.32,1.45,Medium,Medio,35.54,35.54,False,False
16,Female,7.18,1.93,6.92,79.86,3.95,8.37,1.19,Low,Alto,23.87,23.87,False,False
18,Female,3.21,5.62,8.97,80.0,1.3,8.09,4.88,Medium,Medio,81.4,81.4,False,False
21,Male,3.08,1.63,6.8,86.97,1.05,6.72,3.64,Medium,Medio,68.54,68.53544948852071,False,True
23,Female,0.03,3.01,6.73,64.56,2.37,3.7,3.67,Medium,Bajo,63.81,63.81,False,False
21,Female,4.91,4.96,4.2,100.0,0.67,10.81,5.9,Medium,Medio,51.5,51.5,False,False
20,Male,0.24,5.27,4.7,80.75,3.74,3.43,3.19,Medium,Bajo,76.79,76.79394965702016,False,True
19,Male,4.03,6.09,6.57,96.4,2.89,6.01,1.98,Medium,Medio,80.46,80.46,False,False
18,Female,6.43,7.35,8.93,98.69,2.56,10.83,4.4,Low,Alto,83.27,83.26780854878969,False,True
19,Female,4.4,1.43,8.38,83.27,4.36,9.48,5.08,Medium,Medio,44.36,44.36,False,False
22,Male,2.16,1.73,5.7,64.13,3.66,5.67,3.51,Medium,Bajo,57.29,57.286971450516944,False,True
16,Male,6.29,1.55,6.72,82.93,0.75,10.75,4.46,Low,Alto,31.47,31.47,False,False
22,Female,2.16,4.81,6.76,83.91,2.1,5.73,3.57,Medium,Bajo,73.54,73.54,False,False
16,Female,5.86,1.38,7.43,91.57,1.61,8.9,3.04,Low,Alto,30.46,30.46,False,False
17,Female,4.88,7.71,7.44,61.93,4.01,6.05,1.17,Medium,Medio,75.81,75.81,False,False
19,Male,1.36,3.01,7.95,78.65,3.6,3.23,1.87,Medium,Bajo,79.42,79.42,False,False
16,Female,7.24,9.45,4.12,96.91,2.36,10.64,3.4,High,Alto,63.73,63.72709051936707,False,True
24,Male,1.61,5.38,8.72,99.65,4.12,4.59,2.98,Medium,Bajo,99.79,99.79,False,False
21,Male,7.92,5.02,4.35,67.66,2.05,13.13,5.21,Low,Alto,22.74,22.74,False,False
16,Female,0.06,8.02,6.38,94.82,4.02,1.6,1.54,Medium,Bajo,97.64,97.64,False,False
16,Other,2.11,7.42,8.6,65.85,0.16,3.36,1.25,Medium,Bajo,96.38,96.3826359238185,False,True
21,Male,1.6,6.47,6.44,93.65,0.67,3.04,1.44,Medium,Bajo,93.39,93.39,False,False
19,Male,0.11,9.42,4.32,71.09,3.78,4.5,4.39,High,Bajo,88.46,88.46,False,False
19,Female,5.86,4.8,5.15,98.39,0.57,9.83,3.97,Low,Alto,53.4,53.4,False,False
21,Female,5.55,8.28,6.89,87.82,3.42,9.71,4.16,Low,Alto,86.89,86.88515019935502,False,True
22,Female,6.34,4.42,4.44,75.96,3.62,8.12,1.78,Low,Alto,31.79,31.79,False,False
24,Female,2.05,8.55,6.12,71.24,3.31,5.63,3.58,Medium,Bajo,93.81,93.81,False,False
20,Male,3.55,3.34,5.65,69.41,4.09,8.39,4.84,Medium,Medio,47.82,47.82,False,False
24,Other,5.27,3.6,8.08,87.23,2.56,9.69,4.42,Low,Medio,62.31,62.3117063816112,False,True
19,Female,3.52,7.1,4.55,95.83,4.49,6.71,3.19,High,Medio,84.95,84.95360160770095,False,True
17,Female,5.58,2.91,7.41,90.2,2.85,7.1,1.52,Low,Alto,43.92,43.92,False,False
18,Female,5.07,3.06,6.03,93.39,2.54,10.42,5.35,Low,Medio,45.08,45.08,False,False
16,Female,0.92,3.75,6.94,91.26,2.55,4.55,3.63,Medium,Bajo,75.78,75.78,False,False
21,Male,6.25,7.11,5.03,99.17,4.56,11.7,5.45,High,Alto,68.93,68.93453452663778,False,True
21,Male,5.77,9.0,7.05,90.31,1.22,8.96,3.19,Low,Alto,95.92,95.92395626530254,False,True
16,Female,5.25,7.07,7.37,68.41,3.48,7.44,2.19,Low,Medio,82.8,82.8016370894067,False,True
18,Male,1.24,8.45,4.35,91.66,1.21,3.78,2.54,High,Bajo,100.0,108.20664246637187,True,True
20,Male,2.14,5.89,8.12,72.88,0.46,5.23,3.09,Medium,Bajo,75.89,75.89,False,False
18,Female,3.15,1.62,8.31,99.83,4.77,7.22,4.07,Medium,Medio,66.29,66.29,False,False
18,Female,2.24,1.9,4.32,75.07,0.65,7.08,4.84,Medium,Bajo,42.79,42.79,False,False
18,Male,1.82,5.99,7.02,71.71,3.43,4.03,2.21,Medium,Bajo,88.91,88.91,False,False
20,Female,6.44,3.95,6.97,69.57,2.12,8.38,1.94,Low,Alto,41.46,41.46,False,False
20,Female,5.11,2.99,4.06,86.34,4.19,7.12,2.01,Low,Medio,34.09,34.09,False,False
19,Female,4.52,5.2,5.71,64.37,3.87,10.19,5.67,Medium,Medio,61.73,61.73,False,False
16,Female,1.81,7.0,8.84,98.14,0.72,3.63,1.82,Medium,Bajo,100.0,100.0,False,False
20,Male,7.34,4.46,6.78,71.77,2.34,10.07,2.73,Low,Alto,45.23,45.22579263242797,False,True
20,Male,1.53,8.22,8.67,71.82,0.14,4.96,3.43,Medium,Bajo,100.0,100.0,False,False
19,Male,6.36,7.65,7.38,61.84,2.15,10.14,3.78,Low,Alto,63.47,63.46612121533737,False,True
21,Female,7.73,7.61,4.14,69.84,3.5,13.02,5.29,High,Alto,46.96,46.956329837433216,False,True
19,Female,5.82,9.87,4.39,76.76,1.16,7.38,1.56,High,Alto,84.02,84.0180425793852,False,True
22,Female,7.94,3.66,7.61,74.78,4.05,9.48,1.54,Low,Alto,24.75,24.75,False,False
22,Female,5.21,6.8,6.77,70.92,0.27,7.79,2.58,Low,Medio,62.05,62.05,False,False
17,Female,1.74,8.7,4.64,61.63,0.17,4.81,3.07,High,Bajo,94.64,94.64,False,False
18,Female,1.63,6.22,7.07,72.02,0.14,4.5,2.87,Medium,Bajo,85.56,85.56,False,False
16,Male,2.6,8.11,8.05,91.13,1.4,5.56,2.96,Medium,Bajo,100.0,100.0,False,False
23,Male,0.06,4.73,7.76,77.55,2.34,5.32,5.26,Medium,Bajo,79.51,79.51,False,False
24,Female,5.45,6.31,5.23,71.63,0.54,10.63,5.18,Low,Medio,64.92,64.92,False,False
19,Male,2.15,1.5,5.29,72.19,4.98,7.18,5.03,Medium,Bajo,33.8,33.8,False,False
21,Male,5.94,9.0,8.06,82.18,5.0,11.3,5.36,Low,Alto,99.4,99.3978533604424,False,True
24,Female,2.87,8.2,8.44,72.09,2.6,4.07,1.2,Medium,Medio,96.12,96.12,False,False
21,Male,3.84,8.82,5.59,85.23,2.84,5.59,1.75,High,Medio,78.15,78.15,False,False
24,Female,7.7,7.22,8.08,99.58,4.63,12.39,4.69,Low,Alto,69.49,69.49394362779913,False,True
19,Male,1.94,2.67,4.81,61.65,3.85,5.91,3.97,Medium,Bajo,43.72,43.72,False,False
23,Male,5.77,1.28,4.98,66.75,0.84,10.14,4.37,Low,Alto,21.67,21.67,False,False
24,Male,6.04,8.78,4.91,67.16,3.96,10.62,4.58,High,Alto,73.11,73.1091798427579,False,True
19,Female,1.77,4.57,4.44,77.88,1.15,7.33,5.56,Medium,Bajo,59.09,59.09,False,False
20,Male,4.01,3.37,8.27,61.66,2.15,8.19,4.18,Medium,Medio,56.57,56.57,False,False
23,Female,2.8,6.06,6.89,79.1,2.66,5.18,2.38,Medium,Bajo,79.0,79.0,False,False
21,Female,6.18,4.79,5.29,97.16,3.58,7.6,1.42,Low,Alto,58.86,58.86,False,False
22,Female,4.98,6.86,8.24,60.46,0.75,8.14,3.16,Medium,Medio,82.75,82.7491850474774,False,True
18,Male,3.81,5.35,8.01,74.6,0.38,8.36,4.55,Medium,Medio,59.71,59.71,False,False
22,Male,6.23,7.28,4.5,90.44,4.33,8.64,2.41,High,Alto,62.61,62.61444692572346,False,True
23,Female,1.88,8.68,7.22,66.18,4.13,3.48,1.6,Medium,Bajo,100.0,100.0,False,False
21,Female,6.03,2.76,7.61,63.1,2.62,12.02,5.99,Low,Alto,28.18,28.18,False,False
24,Other,6.92,3.96,7.58,85.23,3.31,10.01,3.09,Low,Alto,39.38,39.38,False,False
21,Male,7.03,4.93,7.62,60.4,3.6,9.11,2.08,Low,Alto,40.91,40.91,False,False
24,Female,6.27,9.66,4.85,92.07,2.38,8.09,1.82,High,Alto,77.05,77.04743336795718,False,True
19,Male,3.26,4.29,5.58,62.67,1.29,8.57,5.31,Medium,Medio,63.04,63.04,False,False
23,Male,7.85,4.43,8.22,80.97,2.41,12.95,5.1,Low,Alto,40.68,40.68,False,False
19,Male,3.04,6.88,8.49,89.61,4.75,7.11,4.07,Medium,Medio,91.69,91.69,False,False
17,Male,5.11,4.77,5.4,69.68,4.19,8.85,3.74,Low,Medio,43.44,43.44,False,False
24,Female,1.29,9.56,4.12,64.14,2.33,7.05,5.76,High,Bajo,89.64,89.64,False,False
20,Male,7.16,8.26,7.58,67.02,1.13,9.98,2.82,Low,Alto,78.72,78.72143827795067,False,True
19,Female,5.63,5.62,5.89,94.19,4.45,8.71,3.08,Low,Alto,58.42,58.42,False,False
17,Male,6.03,6.8,5.65,88.23,3.19,7.15,1.12,Low,Alto,61.11,61.114787228887,False,True
16,Female,0.53,1.52,5.73,67.92,2.02,3.62,3.09,Medium,Bajo,52.81,52.81,False,False
22,Male,6.11,7.26,6.08,88.64,0.56,9.03,2.92,Low,Alto,78.35,78.35030347407397,False,True
21,Male,6.2,7.36,5.89,88.34,3.76,11.95,5.75,High,Alto,74.96,74.95873659375118,False,True
17,Male,5.37,4.23,6.83,99.91,1.58,8.16,2.79,Low,Medio,63.75,63.75,False,False
23,Male,2.34,2.98,4.39,75.66,3.03,7.51,5.17,Medium,Bajo,50.92,50.92,False,False
19,Female,3.92,9.24,8.86,94.59,2.85,8.75,4.83,Medium,Medio,100.0,100.0,False,False
23,Male,0.88,4.84,8.68,77.86,3.5,2.62,1.74,Medium,Bajo,91.12,91.12,False,False
22,Female,3.77,6.88,8.67,95.91,2.69,9.58,5.81,Medium,Medio,89.34,89.34,False,False
20,Male,1.95,1.3,8.4,63.66,3.15,6.1,4.15,Medium,Bajo,58.04,58.04,False,False
23,Female,2.79,4.73,7.3,67.01,0.41,6.77,3.98,Medium,Bajo,62.51,62.51,False,False
24,Female,1.3,8.36,5.11,94.0,3.33,2.36,1.06,High,Bajo,100.0,100.0,False,False
20,Male,1.84,4.49,4.25,92.77,0.97,6.34,4.5,Medium,Bajo,76.44,76.44,False,False
20,Male,0.61,6.43,4.5,72.22,1.96,1.89,1.28,Medium,Bajo,75.21,75.21,False,False
17,Male,7.36,2.89,5.62,83.87,2.56,9.29,1.93,Low,Alto,18.4,18.4,False,False
20,Female,4.24,4.75,6.52,75.31,3.43,5.73,1.49,Medium,Medio,64.77,64.77,False,False
18,Male,3.17,9.35,8.97,60.41,3.71,6.06,2.89,Medium,Medio,100.0,100.0,False,False
22,Female,4.28,6.1,6.18,61.04,3.52,9.26,4.98,Medium,Medio,70.95,70.94880727216021,False,True
20,Female,5.03,9.12,6.62,62.17,0.48,9.57,4.54,Low,Medio,87.71,87.71277062261544,False,True
23,Female,7.08,8.75,7.17,83.76,1.93,8.91,1.83,Low,Alto,79.97,79.9680362129994,False,True
16,Female,1.43,9.5,4.9,71.17,1.4,6.42,4.99,High,Bajo,91.78,91.78,False,False
18,Female,2.36,9.06,8.66,65.76,1.99,5.66,3.3,Medium,Bajo,98.57,98.57,False,False
18,Male,7.81,1.03,6.65,97.65,3.23,8.97,1.16,Low,Alto,27.24,27.235954286043103,False,True
24,Female,2.97,9.41,5.38,64.85,0.96,5.09,2.12,High,Medio,88.89,88.89,False,False
20,Female,0.18,2.24,8.68,86.96,2.51,5.11,4.93,Medium,Bajo,78.61,78.61,False,False
24,Male,1.18,1.36,7.13,95.77,4.42,5.85,4.67,Medium,Bajo,75.52,75.52,False,False
24,Female,0.21,1.5,6.42,66.55,3.66,2.15,1.94,Medium,Bajo,48.28,48.28,False,False
16,Male,7.92,4.14,6.9,68.59,3.63,9.11,1.19,Low,Alto,30.86,30.86,False,False
17,Female,2.23,6.59,7.74,82.95,4.24,4.71,2.48,Medium,Bajo,87.43,87.43,False,False
20,Female,7.39,4.62,4.77,80.34,2.0,12.36,4.97,Low,Alto,28.49,28.49,False,False
19,Male,7.97,1.23,8.32,80.84,3.8,13.66,5.69,Low,Alto,32.27,32.27,False,False
24,Female,4.8,5.29,8.8,82.19,0.29,8.66,3.86,Medium,Medio,72.58,72.58048876292067,False,True
22,Male,0.27,4.98,6.83,98.0,0.28,1.73,1.46,Medium,Bajo,85.41,85.41,False,False
21,Male,0.65,7.81,7.41,62.15,1.66,4.16,3.51,Medium,Bajo,92.92,92.92,False,False
22,Male,3.85,3.52,8.3,90.42,0.98,9.84,5.99,Medium,Medio,66.58,66.58,False,False
16,Female,3.25,2.96,5.87,69.3,2.59,8.94,5.69,Medium,Medio,40.45,40.45,False,False
16,Male,4.85,3.3,8.96,74.95,0.92,10.82,5.97,Medium,Medio,51.86,51.86,False,False
23,Male,3.51,3.73,7.4,63.57,4.88,8.01,4.5,Medium,Medio,58.14,58.14,False,False
17,Female,7.47,6.39,6.12,77.83,4.26,10.6,3.13,Low,Alto,38.36,38.36,False,False
24,Male,4.28,5.24,7.39,92.17,4.91,9.75,5.47,Medium,Medio,75.71,75.71,False,False
22,Male,5.55,4.03,6.61,63.95,4.04,11.03,5.48,Low,Alto,46.55,46.55,False,False
21,Male,7.17,4.37,4.56,71.02,4.76,8.89,1.72,Low,Alto,19.43,19.43,False,False
16,Male,1.17,4.34,7.98,74.92,1.84,6.05,4.88,Medium,Bajo,81.75,81.75,False,False
16,Male,1.84,9.75,6.82,64.16,2.49,7.44,5.6,Medium,Bajo,100.0,100.0,False,False
17,Male,0.86,3.1,7.98,90.49,1.2,6.35,5.49,Medium,Bajo,69.19,69.19,False,False
21,Other,1.12,8.36,4.77,91.48,3.18,5.65,4.53,High,Bajo,91.43,91.43,False,False
21,Female,4.1,7.37,6.69,93.44,3.94,7.79,3.69,Medium,Medio,77.62,77.62,False,False
17,Male,2.57,1.05,7.83,83.36,2.49,7.45,4.88,Medium,Bajo,67.83,67.83,False,False
16,Male,3.39,9.94,8.94,80.29,1.48,6.97,3.58,Medium,Medio,100.0,100.0,False,False
20,Male,7.5,7.46,8.04,70.5,2.54,10.47,2.97,Low,Alto,66.44,66.43708853857973,False,True
20,Female,1.25,7.14,8.32,86.21,0.31,3.54,2.29,Medium,Bajo,97.53,97.53,False,False
17,Male,4.33,4.65,5.24,77.78,3.61,8.03,3.7,Medium,Medio,50.05,50.05,False,False
21,Male,0.79,6.0,8.19,98.83,2.26,4.07,3.28,Medium,Bajo,100.0,100.0,False,False
24,Female,2.55,3.28,4.85,98.73,4.49,6.17,3.62,Medium,Bajo,76.08,76.08061476987622,False,True
17,Male,4.22,1.32,4.99,96.21,4.62,6.52,2.3,Medium,Medio,35.35,35.35,False,False
17,Male,7.57,8.52,4.55,74.4,0.63,11.52,3.95,High,Alto,57.63,57.63146764567644,False,True
18,Female,3.13,9.07,8.29,74.72,4.98,7.44,4.31,Medium,Medio,100.0,107.5954962390432,True,True
22,Female,0.52,2.46,4.54,94.11,4.85,5.55,5.03,Medium,Bajo,66.75,66.75,False,False
21,Male,3.11,8.08,4.69,89.17,3.14,7.06,3.95,High,Medio,77.55,77.55,False,False
23,Female,1.17,7.67,5.23,88.17,4.13,5.95,4.78,High,Bajo,100.0,106.96353783918264,True,True
23,Male,1.84,2.61,6.86,71.18,0.09,3.69,1.85,Medium,Bajo,57.76,57.76,False,False
21,Female,4.94,4.8,8.4,93.33,4.85,6.55,1.61,Medium,Medio,73.18,73.18,False,False
18,Female,0.54,4.8,6.09,83.18,2.28,2.44,1.9,Medium,Bajo,73.07,73.07,False,False
18,Female,3.72,7.84,6.73,77.87,4.55,8.95,5.23,Medium,Medio,81.4,81.4,False,False
16,Female,4.88,8.54,4.83,94.62,1.93,8.66,3.78,High,Medio,74.16,74.16,False,False
22,Female,3.37,1.85,5.33,75.77,3.94,6.65,3.28,Medium,Medio,52.58,52.58,False,False
20,Female,0.15,6.07,4.67,86.16,2.09,4.96,4.81,Medium,Bajo,85.8,85.8,False,False
19,Female,7.88,7.86,6.05,78.64,1.81,9.5,1.62,Low,Alto,54.67,54.66569973141152,False,True
19,Male,2.94,8.08,6.95,83.71,4.73,3.97,1.03,Medium,Medio,87.19,87.19,False,False
19,Male,6.23,2.33,5.42,61.62,3.5,8.78,2.55,Low,Alto,29.61,29.61,False,False
21,Female,2.61,5.73,8.23,78.44,4.2,4.85,2.24,Medium,Bajo,65.41,65.41,False,False
23,Female,3.8,8.72,8.91,82.26,2.72,6.34,2.54,Medium,Medio,100.0,107.11982810540952,True,True
23,Male,3.11,3.87,4.6,79.71,4.59,8.98,5.87,Medium,Medio,49.77,49.77,False,False
20,Female,2.74,4.83,4.09,93.9,3.7,6.58,3.84,Medium,Bajo,75.71,75.71,False,False
21,Female,0.17,8.24,7.95,72.44,0.36,4.12,3.95,Medium,Bajo,100.0,100.0,False,False
19,Other,2.88,1.8,4.95,95.36,3.83,7.16,4.28,Medium,Medio,55.47,55.465163744438726,False,True
24,Female,7.12,8.74,5.77,76.14,0.09,10.11,2.99,High,Alto,64.95,64.95137588236416,False,True
23,Male,5.52,3.8,5.97,87.78,4.15,11.41,5.89,Low,Alto,47.42,47.42,False,False
16,Male,1.16,1.01,8.58,63.47,1.66,7.03,5.87,Medium,Bajo,58.81,58.81,False,False
17,Male,4.73,3.11,7.29,68.01,2.99,9.58,4.85,Medium,Medio,43.68,43.68,False,False
24,Male,7.14,1.81,4.2,90.45,3.75,9.2,2.06,Low,Alto,17.81,17.81,False,False
23,Female,5.6,1.83,4.07,60.49,3.18,11.0,5.4,Low,Alto,22.02,22.02,False,False
18,Female,1.19,7.24,5.0,98.74,3.36,2.69,1.5,High,Bajo,96.13,96.13,False,False
23,Female,6.94,2.93,5.59,67.63,4.46,11.09,4.15,Low,Alto,25.11,25.11,False,False
16,Female,2.41,9.41,6.42,96.05,1.87,5.7,3.29,Medium,Bajo,100.0,100.0,False,False
19,Male,3.63,5.65,8.19,80.64,2.74,4.83,1.2,Medium,Medio,72.35,72.35,False,False
18,Male,4.21,5.14,5.57,82.58,0.87,9.73,5.52,Medium,Medio,55.9,55.9,False,False
21,Male,6.8,4.91,5.88,63.37,2.34,12.61,5.81,Low,Alto,40.39,40.39,False,False
22,Male,7.45,7.23,5.65,74.61,0.75,12.99,5.54,High,Alto,60.01,60.01079220315484,False,True
19,Female,7.44,5.07,4.04,66.25,3.17,9.4,1.96,Low,Alto,26.88,26.88,False,False
22,Male,0.06,2.16,8.78,81.04,1.62,2.72,2.66,Medium,Bajo,74.07,74.07,False,False
24,Male,7.38,8.92,4.69,82.03,4.3,13.16,5.78,High,Alto,69.72,69.71547784837485,False,True
17,Male,0.44,4.86,5.44,88.39,1.72,1.97,1.53,Medium,Bajo,77.4,77.4,False,False
18,Female,2.13,1.67,4.65,95.13,1.43,6.05,3.92,Medium,Bajo,57.42,57.42,False,False
20,Male,4.12,5.76,6.45,78.73,2.46,7.55,3.43,Medium,Medio,77.25,77.25369756185535,False,True
18,Female,3.84,6.83,8.66,69.33,0.88,5.6,1.76,Medium,Medio,80.51,80.51,False,False
23,Male,4.84,3.48,4.5,73.34,1.02,10.27,5.43,Medium,Medio,37.23,37.23,False,False
23,Female,3.84,8.2,6.2,93.88,3.92,5.51,1.67,Medium,Medio,92.25,92.25,False,False
23,Male,7.48,7.03,4.11,65.83,2.49,11.44,3.96,High,Alto,54.51,54.51116852058784,False,True
24,Female,1.92,6.85,7.85,85.09,1.03,4.51,2.59,Medium,Bajo,96.17,96.17,False,False
19,Female,2.19,4.79,7.21,60.52,0.16,5.28,3.09,Medium,Bajo,62.8,62.8,False,False
20,Female,6.91,9.06,7.03,69.83,2.33,9.43,2.52,Low,Alto,84.05,84.04656595776112,False,True
20,Female,0.61,3.47,6.36,83.66,3.71,4.73,4.12,Medium,Bajo,64.77,64.77,False,False
23,Male,4.88,6.2,8.54,78.26,1.76,10.82,5.94,Medium,Medio,74.7,74.7,False,False
22,Male,5.45,3.78,6.05,79.74,1.24,10.62,5.17,Low,Medio,54.48,54.48,False,False
24,Male,4.04,7.7,6.57,86.42,1.98,8.46,4.42,Medium,Medio,80.46,80.46,False,False
23,Female,5.55,1.43,7.48,69.38,4.8,10.33,4.78,Low,Alto,32.94,32.94,False,False
17,Male,1.38,1.41,6.6,71.23,2.12,6.58,5.2,Medium,Bajo,71.97,71.96696461468457,False,True
19,Male,6.82,8.3,4.95,87.38,1.3,10.18,3.36,High,Alto,62.6,62.59797621519901,False,True
21,Female,1.12,4.91,5.59,81.53,2.85,4.96,3.84,Medium,Bajo,70.56,70.56,False,False
17,Female,3.21,4.07,4.46,60.58,4.05,8.69,5.48,Medium,Medio,47.15,47.15,False,False
22,Male,0.6,6.47,6.16,86.81,0.11,5.08,4.48,Medium,Bajo,94.91,94.90639463630816,False,True
18,Female,4.36,7.32,7.05,84.8,2.79,6.04,1.68,Medium,Medio,79.7,79.7,False,False
18,Female,5.36,2.81,4.59,63.14,4.18,10.26,4.9,Low,Medio,36.43,36.43,False,False
17,Male,7.53,2.67,7.15,89.9,1.08,8.64,1.11,Low,Alto,25.53,25.53,False,False
23,Male,5.67,9.22,8.11,80.88,4.61,11.15,5.48,Low,Alto,99.6,99.59929798789648,False,True
21,Female,4.33,6.31,5.69,68.19,2.89,9.27,4.94,Medium,Medio,70.59,70.59,False,False
16,Female,7.46,4.51,5.11,82.37,2.58,12.61,5.15,Low,Alto,30.07,30.07,False,False
16,Male,3.83,8.21,8.47,83.82,4.82,4.95,1.12,Medium,Medio,100.0,100.0,False,False
22,Male,4.49,5.73,7.46,96.8,0.65,10.35,5.86,Medium,Medio,73.06,73.06,False,False
23,Female,4.77,3.17,4.53,89.69,3.7,8.84,4.07,Medium,Medio,39.74,39.74,False,False
20,Female,3.28,2.86,6.04,72.08,4.09,8.28,5.0,Medium,Medio,50.87,50.87,False,False
20,Female,6.71,4.57,7.37,64.73,2.44,10.54,3.83,Low,Alto,49.48,49.479279270023234,False,True
19,Male,1.48,8.74,6.87,94.13,0.03,4.18,2.7,Medium,Bajo,100.0,100.0,False,False
21,Male,4.44,1.55,7.09,93.84,2.62,6.92,2.48,Medium,Medio,49.09,49.09,False,False
21,Female,5.78,2.97,6.84,67.01,0.77,7.13,1.35,Low,Alto,36.74,36.74,False,False
18,Male,6.85,8.57,7.58,62.49,2.81,10.94,4.09,Low,Alto,82.54,82.53592577673548,False,True
24,Other,7.07,2.1,5.6,88.47,3.69,8.79,1.72,Low,Alto,26.48,26.48,False,False
22,Female,4.07,6.67,7.54,88.9,2.66,7.91,3.84,Medium,Medio,80.48,80.48,False,False
16,Male,5.15,2.92,8.96,67.09,3.15,9.27,4.12,Low,Medio,48.53,48.53,False,False
22,Female,3.15,6.45,5.95,86.73,0.52,6.36,3.21,Medium,Medio,81.35,81.35,False,False
20,Male,3.75,4.45,7.96,71.16,0.49,5.53,1.78,Medium,Medio,70.74,70.73989121887698,False,True
20,Female,7.25,1.92,5.23,70.42,4.25,10.41,3.16,Low,Alto,12.26,12.26,False,False
17,Male,7.45,6.24,5.41,72.98,0.25,12.84,5.39,Low,Alto,36.69,36.69,False,False
19,Male,7.16,7.15,8.67,80.82,1.42,10.45,3.29,Low,Alto,76.52,76.52124448857927,False,True
21,Female,1.11,7.12,4.13,92.18,4.69,3.82,2.71,High,Bajo,87.2,87.2,False,False
22,Female,6.8,6.73,5.09,79.95,2.29,10.95,4.15,Low,Alto,47.76,47.76,False,False
20,Male,7.59,5.5,6.41,71.92,3.37,11.68,4.09,Low,Alto,41.16,41.16,False,False
24,Female,2.89,5.68,6.01,95.36,1.11,4.34,1.45,Medium,Medio,82.26,82.26,False,False
18,Male,4.15,6.72,7.15,62.2,1.35,6.33,2.18,Medium,Medio,73.65,73.65,False,False
16,Male,6.23,7.21,4.96,91.88,2.55,9.7,3.47,High,Alto,75.42,75.42079833510243,False,True
19,Male,4.5,6.89,4.35,91.38,3.19,7.33,2.83,Medium,Medio,70.61,70.61,False,False
24,Male,7.95,6.28,5.85,70.14,4.8,10.55,2.6,Low,Alto,37.33,37.33,False,False
19,Male,3.65,2.4,6.62,67.93,2.87,6.88,3.23,Medium,Medio,49.29,49.29,False,False
17,Male,5.71,2.9,6.81,94.99,0.48,8.16,2.45,Low,Alto,54.98,54.98,False,False
20,Male,6.34,3.34,7.01,82.35,1.83,9.08,2.74,Low,Alto,39.88,39.88,False,False
18,Male,3.95,9.28,6.74,61.84,1.22,8.82,4.87,Medium,Medio,80.03,80.03,False,False
24,Male,6.86,7.83,5.23,95.63,1.27,10.41,3.55,High,Alto,56.57,56.567290952151225,False,True
19,Female,4.37,5.98,7.82,73.96,2.53,9.73,5.36,Medium,Medio,80.76,80.76,False,False
21,Male,3.29,3.27,4.44,73.69,1.58,9.03,5.74,Medium,Medio,57.46,57.46,False,False
17,Female,0.86,2.0,4.99,85.73,1.45,6.47,5.61,Medium,Bajo,51.13,51.13,False,False
21,Female,3.15,9.09,7.7,86.45,4.84,5.42,2.27,Medium,Medio,100.0,100.0,False,False
18,Female,5.87,9.03,5.4,74.13,2.92,9.23,3.36,High,Alto,79.78,79.78307992896916,False,True
24,Female,7.37,2.0,6.47,65.73,1.31,11.05,3.68,Low,Alto,27.52,27.51522946667972,False,True
17,Female,2.01,8.17,5.64,82.09,1.38,7.27,5.26,High,Bajo,93.02,93.02,False,False
24,Male,2.84,5.02,6.53,85.01,4.06,6.64,3.8,Medium,Medio,68.45,68.45,False,False
20,Female,1.23,3.92,5.73,94.41,4.43,3.49,2.26,Medium,Bajo,77.68,77.68,False,False
23,Female,5.53,7.65,8.97,79.38,3.4,9.27,3.74,Low,Alto,100.0,105.35145932556338,True,True
17,Female,7.68,6.53,5.79,85.83,2.16,8.9,1.22,Low,Alto,45.87,45.87,False,False
21,Female,5.13,8.02,7.14,62.18,3.82,10.3,5.17,Low,Medio,83.93,83.92584634877663,False,True
18,Male,4.94,1.67,8.44,95.78,4.69,8.77,3.83,Medium,Medio,57.06,57.06,False,False
20,Female,4.43,3.87,7.19,73.09,0.83,8.69,4.26,Medium,Medio,60.34,60.34,False,False
23,Female,0.71,3.87,6.83,85.29,4.31,2.71,2.0,Medium,Bajo,79.3,79.3,False,False
16,Male,5.84,3.97,6.85,96.64,4.24,9.63,3.79,Low,Alto,56.65,56.65,False,False
20,Male,4.82,5.52,6.48,92.42,1.83,8.47,3.65,Medium,Medio,73.76,73.75521000341844,False,True
18,Female,5.29,3.55,8.04,85.51,1.46,9.39,4.1,Low,Medio,60.61,60.61,False,False
19,Female,7.19,5.0,4.25,88.14,2.83,12.43,5.24,Low,Alto,28.89,28.89,False,False
17,Female,6.27,4.31,8.43,96.84,1.36,11.09,4.82,Low,Alto,57.58,57.58,False,False
24,Female,6.25,7.62,6.93,92.48,0.73,9.98,3.73,Low,Alto,88.05,88.05029953509907,False,True
18,Male,7.42,6.43,8.24,84.39,4.77,12.89,5.47,Low,Alto,67.3,67.30146806350834,False,True
17,Male,7.92,6.88,4.05,86.35,2.46,10.71,2.79,Low,Alto,40.68,40.68,False,False
24,Male,4.65,2.9,8.35,65.89,2.36,8.11,3.46,Medium,Medio,61.85,61.84694840810263,False,True
22,Male,0.87,3.93,4.6,78.81,0.63,5.12,4.25,Medium,Bajo,71.21,71.21,False,False
21,Male,3.67,1.19,7.61,72.04,2.52,6.87,3.2,Medium,Medio,39.81,39.81,False,False
16,Male,6.3,1.98,6.08,77.28,3.71,9.11,2.81,Low,Alto,29.26,29.26,False,False
20,Female,0.22,3.39,7.41,86.49,1.24,1.78,1.56,Medium,Bajo,72.11,72.11,False,False
18,Female,0.46,1.59,7.14,65.97,1.84,4.64,4.18,Medium,Bajo,62.62,62.62,False,False
16,Male,0.54,6.42,4.82,60.7,0.89,2.5,1.96,Medium,Bajo,78.84,78.84,False,False
19,Male,5.85,9.98,6.57,75.88,1.78,7.54,1.69,Low,Alto,89.27,89.27038501167127,False,True
17,Male,4.01,1.91,5.39,72.89,4.31,5.92,1.91,Medium,Medio,38.79,38.79,False,False
17,Female,2.95,8.39,6.8,76.82,1.19,7.39,4.44,Medium,Medio,82.95,82.95,False,False
18,Male,0.84,2.07,7.69,97.25,0.15,2.53,1.69,Medium,Bajo,75.56,75.56,False,False
23,Male,5.86,7.03,4.41,88.28,2.68,11.74,5.88,High,Alto,63.99,63.98939510281005,False,True
23,Female,2.57,6.79,6.58,73.1,2.9,7.36,4.79,Medium,Bajo,75.1,75.1,False,False
22,Female,2.12,9.12,7.09,67.17,1.64,5.08,2.96,Medium,Bajo,95.33,95.33,False,False
21,Male,5.22,2.03,5.48,84.74,3.21,9.19,3.97,Low,Medio,38.59,38.59,False,False
24,Male,4.47,3.84,8.77,86.3,0.19,5.51,1.04,Medium,Medio,66.54,66.54,False,False
19,Male,2.9,1.82,6.6,79.34,1.7,8.12,5.22,Medium,Medio,48.8,48.8,False,False
16,Female,5.13,4.67,4.91,68.51,0.72,7.49,2.36,Low,Medio,44.45,44.45,False,False
23,Female,2.17,9.2,4.54,61.14,1.15,3.53,1.36,High,Bajo,83.85,83.85,False,False
22,Male,6.36,8.03,6.71,70.63,1.91,11.15,4.79,Low,Alto,68.25,68.24612868918379,False,True
22,Female,1.83,7.51,5.88,78.29,2.47,4.48,2.65,High,Bajo,82.79,82.79,False,False
18,Male,1.27,5.8,4.96,91.52,0.47,5.11,3.84,Medium,Bajo,93.22,93.2216897380731,False,True
19,Male,6.26,8.95,4.15,94.15,0.51,11.48,5.22,High,Alto,76.59,76.59212692092966,False,True
24,Male,5.66,5.04,6.83,76.52,3.37,10.54,4.88,Low,Alto,53.51,53.51,False,False
21,Female,1.46,2.35,6.99,91.84,2.02,4.14,2.68,Medium,Bajo,81.33,81.33,False,False
20,Male,0.93,8.54,4.71,99.73,0.88,6.27,5.34,High,Bajo,95.23,95.23,False,False
18,Male,6.71,3.52,7.01,88.66,1.17,9.65,2.94,Low,Alto,40.79,40.79,False,False
24,Male,6.21,1.48,8.76,89.14,3.6,9.71,3.5,Low,Alto,42.14,42.14,False,False
20,Male,2.62,2.13,8.89,96.38,0.26,6.68,4.06,Medium,Bajo,70.98,70.98,False,False
20,Female,5.27,6.48,8.44,73.53,2.54,6.62,1.35,Low,Medio,77.92,77.91892688147765,False,True
19,Male,0.99,6.46,8.04,60.45,1.8,4.98,3.99,Medium,Bajo,86.81,86.81,False,False
19,Male,4.06,3.34,5.05,99.48,4.06,7.95,3.89,Medium,Medio,53.31,53.31,False,False
16,Female,0.15,7.54,4.78,79.62,3.95,5.52,5.37,High,Bajo,91.55,91.55,False,False
22,Female,3.13,7.96,6.22,91.43,3.45,5.9,2.77,Medium,Medio,85.52,85.52,False,False
24,Female,0.6,9.28,7.1,92.5,1.92,2.81,2.21,Medium,Bajo,98.73,98.73,False,False
18,Female,3.8,6.26,8.25,75.9,3.16,7.18,3.38,Medium,Medio,76.8,76.8,False,False
17,Male,3.37,8.01,5.16,81.65,3.2,7.81,4.44,High,Medio,89.26,89.26,False,False
18,Female,3.56,7.78,6.4,81.6,1.66,7.37,3.81,Medium,Medio,87.33,87.33,False,False
16,Female,0.36,3.32,7.24,68.81,4.4,2.05,1.69,Medium,Bajo,61.25,61.25,False,False
21,Male,2.89,3.79,6.23,64.71,4.92,5.63,2.74,Medium,Medio,70.14,70.13780044288845,False,True
22,Female,6.05,5.31,6.27,81.74,1.57,7.37,1.32,Low,Alto,52.74,52.74,False,False
17,Male,2.95,1.17,5.13,64.81,4.01,7.65,4.7,Medium,Medio,34.97,34.97,False,False
23,Other,5.72,3.68,8.93,73.84,2.5,11.13,5.41,Low,Alto,47.2,47.2,False,False
21,Female,2.96,5.26,6.38,67.44,2.32,4.19,1.23,Medium,Medio,63.06,63.06,False,False
19,Female,3.39,1.97,6.66,88.28,1.93,7.02,3.63,Medium,Medio,55.5,55.496904979440274,False,True
20,Female,4.51,2.14,5.09,94.88,1.46,8.34,3.83,Medium,Medio,51.68,51.68,False,False
23,Female,7.61,5.17,6.57,83.12,4.6,10.8,3.19,Low,Alto,43.45,43.45,False,False
18,Male,0.87,7.58,5.28,76.41,3.7,4.38,3.51,High,Bajo,84.35,84.35,False,False
18,Male,0.26,8.5,5.01,99.87,2.2,4.81,4.55,High,Bajo,98.03,98.03,False,False
19,Male,4.86,5.92,5.38,60.85,3.76,8.28,3.42,Medium,Medio,53.68,53.68,False,False
16,Male,7.59,5.27,4.01,72.17,3.59,13.19,5.6,Low,Alto,25.32,25.32,False,False
24,Female,7.92,4.46,6.85,71.15,1.34,11.62,3.7,Low,Alto,31.01,31.01,False,False
23,Male,3.87,2.74,5.94,74.25,0.88,5.23,1.36,Medium,Medio,46.52,46.52,False,False
23,Male,3.74,2.32,8.49,69.22,4.18,9.51,5.77,Medium,Medio,54.67,54.67,False,False
21,Female,5.16,8.13,4.2,70.57,4.06,6.89,1.73,High,Medio,66.39,66.39297404184482,False,True
22,Female,4.45,5.19,4.22,70.31,4.98,9.37,4.92,Medium,Medio,54.34,54.34,False,False
21,Male,5.07,8.11,8.43,80.23,0.1,8.7,3.63,Low,Medio,92.02,92.01712075502287,False,True
24,Male,6.99,7.34,4.63,75.64,2.7,11.69,4.7,High,Alto,65.97,65.96695533136885,False,True
18,Male,5.97,2.75,4.01,85.57,3.51,9.54,3.57,Low,Alto,40.02,40.02,False,False
18,Female,3.98,5.59,4.89,80.58,2.91,5.27,1.29,Medium,Medio,54.13,54.13,False,False
18,Male,3.69,5.0,8.12,67.34,3.55,6.56,2.87,Medium,Medio,69.0,69.0,False,False
18,Female,5.12,4.81,8.01,92.4,0.69,9.22,4.1,Low,Medio,63.35,63.35,False,False
24,Male,3.65,5.88,5.7,78.89,0.01,7.79,4.14,Medium,Medio,69.77,69.77,False,False
19,Male,3.66,9.84,7.34,66.13,0.47,9.53,5.87,Medium,Medio,83.7,83.7,False,False
22,Female,0.13,8.32,6.54,66.68,1.9,4.16,4.03,Medium,Bajo,94.2,94.2,False,False
24,Male,1.39,9.13,8.52,91.88,1.64,3.82,2.43,Medium,Bajo,100.0,100.0,False,False
22,Male,3.91,1.27,4.28,88.12,4.37,5.13,1.22,Medium,Medio,43.85,43.85,False,False
24,Male,6.58,2.26,8.07,80.26,0.42,11.52,4.94,Low,Alto,45.46,45.46,False,False
18,Female,2.23,1.76,4.85,72.24,2.21,7.68,5.45,Medium,Bajo,53.33,53.32768514713702,False,True
19,Female,4.18,3.37,5.96,78.42,4.79,8.25,4.07,Medium,Medio,44.76,44.76,False,False
23,Male,2.76,4.98,4.96,85.46,2.51,6.17,3.41,Medium,Bajo,61.99,61.99,False,False
21,Male,0.84,6.78,7.51,95.17,0.66,6.14,5.3,Medium,Bajo,97.93,97.93,False,False
20,Male,7.67,5.51,7.39,82.23,1.46,9.87,2.2,Low,Alto,37.8,37.8,False,False
19,Female,6.84,9.13,6.74,71.07,3.13,9.83,2.99,Low,Alto,84.48,84.48037862507898,False,True
23,Female,0.63,9.46,7.49,61.71,0.06,4.17,3.54,Medium,Bajo,100.0,100.0,False,False
16,Female,5.76,2.47,7.2,67.02,4.84,7.01,1.25,Low,Alto,37.86,37.86,False,False
24,Female,2.78,8.68,7.88,86.01,2.83,7.22,4.44,Medium,Bajo,100.0,100.0,False,False
16,Male,7.96,5.34,5.2,66.42,3.52,9.9,1.94,Low,Alto,34.75,34.75,False,False
23,Male,2.42,5.08,6.14,79.26,2.49,5.09,2.67,Medium,Bajo,74.46,74.46,False,False
19,Male,1.91,8.06,4.76,87.96,4.79,4.98,3.07,High,Bajo,94.97,94.97,False,False
24,Male,4.54,1.84,6.15,72.33,2.95,8.73,4.19,Medium,Medio,39.24,39.24,False,False
20,Male,6.64,8.89,7.47,86.76,3.31,8.01,1.37,Low,Alto,77.97,77.96803814272724,False,True
18,Female,1.54,7.04,7.46,83.24,4.3,4.24,2.7,Medium,Bajo,99.13,99.13,False,False
24,Female,5.68,8.88,7.55,77.56,4.31,8.05,2.37,Low,Alto,96.56,96.55591487914546,False,True
24,Female,0.49,9.95,5.54,95.89,0.14,1.5,1.01,High,Bajo,100.0,100.0,False,False
19,Male,7.35,5.66,7.31,87.68,1.42,11.81,4.46,Low,Alto,57.98,57.98,False,False
19,Female,0.65,1.84,5.84,74.42,1.23,2.83,2.18,Medium,Bajo,48.25,48.25,False,False
23,Female,7.31,2.5,8.72,92.17,0.03,9.14,1.83,Low,Alto,34.3,34.3,False,False
17,Female,3.93,3.91,5.72,89.52,4.38,8.92,4.99,Medium,Medio,54.44,54.44,False,False
24,Male,3.58,1.93,7.02,91.67,1.59,4.78,1.2,Medium,Medio,53.66,53.66,False,False
21,Male,7.5,8.03,7.46,85.64,1.73,13.29,5.79,Low,Alto,73.32,73.31661823610779,False,True
24,Male,7.92,3.67,8.53,75.17,0.5,12.35,4.43,Low,Alto,27.91,27.91,False,False
23,Male,5.2,9.78,6.19,73.94,4.95,7.06,1.86,Low,Medio,91.06,91.05579986828936,False,True
22,Female,1.02,7.32,5.8,86.17,4.13,3.77,2.75,High,Bajo,100.0,100.0,False,False
16,Male,4.05,2.56,6.15,65.24,2.86,9.8,5.75,Medium,Medio,56.06,56.06115485945377,False,True
18,Male,4.23,5.28,5.62,92.8,3.86,8.32,4.09,Medium,Medio,61.13,61.13,False,False
17,Female,4.12,5.2,7.27,74.81,3.89,8.16,4.04,Medium,Medio,64.13,64.13,False,False
20,Female,4.56,5.43,8.66,85.21,3.28,8.83,4.27,Medium,Medio,69.42,69.42,False,False
20,Male,0.15,5.82,4.63,79.96,0.87,3.46,3.31,Medium,Bajo,71.0,71.0,False,False
20,Female,5.69,1.28,6.8,80.77,3.6,7.53,1.84,Low,Alto,43.66,43.66276867122591,False,True
19,Male,5.7,7.18,8.49,89.52,2.85,7.45,1.75,Low,Alto,85.18,85.17863089272731,False,True
20,Male,0.92,5.38,4.5,85.07,3.62,5.36,4.44,Medium,Bajo,77.35,77.35,False,False
18,Male,4.56,8.12,6.47,70.01,2.72,9.98,5.42,Medium,Medio,85.22,85.22,False,False
16,Female,4.55,8.34,8.33,62.97,4.78,7.05,2.5,Medium,Medio,84.72,84.72,False,False
20,Female,5.46,3.07,8.5,93.61,3.14,8.98,3.52,Low,Medio,58.1,58.1,False,False
24,Male,0.68,1.44,6.57,95.4,2.87,6.64,5.96,Medium,Bajo,74.18,74.17959432393532,False,True
24,Female,5.01,7.33,4.12,66.58,4.21,7.3,2.29,High,Medio,64.05,64.05454833082683,False,True
19,Male,2.25,9.8,4.53,72.38,1.9,5.2,2.95,High,Bajo,93.73,93.73,False,False
18,Female,4.06,5.02,6.93,71.29,1.58,6.88,2.82,Medium,Medio,64.43,64.43,False,False
16,Male,6.19,3.34,4.62,97.5,2.52,7.35,1.16,Low,Alto,33.84,33.84,False,False
17,Male,5.65,2.41,4.75,68.19,2.92,9.2,3.55,Low,Alto,14.48,14.48,False,False
23,Female,0.95,3.59,7.86,66.66,1.1,2.99,2.04,Medium,Bajo,65.89,65.89,False,False
16,Female,4.73,3.95,7.75,67.27,3.41,6.37,1.64,Medium,Medio,59.34,59.33788002746097,False,True
23,Male,7.75,4.81,8.21,89.19,4.01,12.3,4.55,Low,Alto,47.81,47.81,False,False
22,Male,1.25,6.9,4.53,95.52,2.89,6.08,4.83,Medium,Bajo,82.99,82.99,False,False
23,Male,6.82,3.46,4.99,75.73,2.61,12.26,5.44,Low,Alto,37.17,37.17,False,False
21,Male,5.62,1.46,8.16,65.44,1.47,11.29,5.67,Low,Alto,42.53,42.53,False,False
24,Female,6.19,4.36,7.61,83.43,4.55,11.54,5.35,Low,Alto,56.09,56.09,False,False
18,Other,2.26,8.7,8.03,68.4,3.77,3.87,1.61,Medium,Bajo,95.49,95.49,False,False
19,Male,2.3,5.49,8.95,62.57,2.4,4.42,2.12,Medium,Bajo,70.14,70.14,False,False
21,Male,6.6,8.82,7.58,95.45,3.3,8.86,2.26,Low,Alto,94.14,94.14368861149572,False,True
23,Female,2.88,5.53,6.6,94.83,1.68,5.65,2.77,Medium,Medio,74.51,74.51,False,False
20,Male,0.5,3.48,5.55,99.04,0.3,2.12,1.62,Medium,Bajo,76.02,76.02,False,False
18,Female,4.8,2.74,6.85,78.96,1.02,9.07,4.27,Medium,Medio,49.5,49.5,False,False
21,Male,1.0,7.25,7.19,71.76,0.4,5.58,4.58,Medium,Bajo,94.59,94.59,False,False
19,Female,6.37,5.83,5.68,90.79,2.54,8.17,1.8,Low,Alto,46.68,46.68,False,False
24,Female,5.13,6.44,7.85,67.22,3.11,9.24,4.11,Low,Medio,67.9,67.9,False,False
18,Female,7.0,7.8,4.46,69.73,1.9,8.11,1.11,High,Alto,51.04,51.0410003710849,False,True
19,Female,6.28,7.53,7.9,70.23,2.65,9.45,3.17,Low,Alto,73.23,73.22539477135086,False,True
22,Male,0.9,1.39,4.16,98.06,0.43,3.33,2.43,Medium,Bajo,60.88,60.88418877051268,False,True
22,Female,3.05,8.22,6.49,89.19,3.85,9.04,5.99,Medium,Medio,88.09,88.09,False,False
19,Female,6.2,5.79,8.31,65.35,0.16,11.81,5.61,Low,Alto,49.19,49.19,False,False
21,Male,3.34,4.53,4.43,63.71,3.17,5.08,1.74,Medium,Medio,59.95,59.95,False,False
18,Male,7.78,5.84,6.59,93.71,2.17,13.37,5.59,Low,Alto,43.44,43.44,False,False
21,Male,5.89,6.51,4.8,92.09,0.92,8.98,3.09,Low,Alto,56.26,56.26,False,False
17,Male,0.12,2.35,8.47,86.84,2.62,4.0,3.88,Medium,Bajo,79.41,79.41,False,False
23,Male,7.04,4.76,8.16,67.84,3.9,10.71,3.67,Low,Alto,41.35,41.35,False,False
17,Female,0.81,4.02,8.67,79.21,2.07,5.44,4.63,Medium,Bajo,85.8,85.80097484701058,False,True
22,Male,1.12,4.15,8.37,84.11,1.84,3.79,2.67,Medium,Bajo,96.29,96.29,False,False
24,Female,5.88,1.82,7.68,97.29,0.71,7.23,1.35,Low,Alto,38.65,38.65,False,False
16,Male,6.92,2.44,4.92,66.78,2.97,10.01,3.09,Low,Alto,24.03,24.03,False,False
23,Male,4.29,2.46,5.51,80.62,4.14,8.01,3.72,Medium,Medio,43.98,43.98,False,False
22,Female,2.31,4.36,6.48,66.31,2.81,6.08,3.77,Medium,Bajo,65.61,65.61,False,False
21,Female,2.81,9.05,6.94,77.75,0.83,7.77,4.96,Medium,Medio,93.43,93.43,False,False
21,Male,2.74,2.85,7.91,68.01,3.31,3.96,1.22,Medium,Bajo,59.07,59.07,False,False
21,Male,2.61,4.75,5.13,93.45,0.15,8.55,5.94,Medium,Bajo,77.56,77.56,False,False
24,Male,1.94,3.8,4.64,70.19,4.19,7.89,5.95,Medium,Bajo,66.29,66.29,False,False
17,Female,4.87,8.09,6.41,76.68,4.61,6.37,1.5,Medium,Medio,68.88,68.88,False,False
16,Female,7.2,1.45,4.79,76.31,2.99,9.92,2.72,Low,Alto,7.16,7.16,False,False
21,Male,2.46,2.77,7.47,94.65,4.41,6.41,3.95,Medium,Bajo,69.09,69.09,False,False
23,Female,1.49,2.9,6.88,90.31,0.42,4.36,2.87,Medium,Bajo,76.57,76.57,False,False
18,Female,6.34,9.39,7.27,62.3,1.14,10.15,3.81,Low,Alto,85.5,85.49837818759713,False,True
16,Male,5.93,6.14,4.32,62.68,1.59,8.56,2.63,Low,Alto,43.66,43.66,False,False
24,Other,7.45,2.25,8.82,82.05,3.87,12.01,4.56,Low,Alto,28.48,28.48,False,False
16,Female,1.32,3.45,4.0,77.11,2.42,4.14,2.82,Medium,Bajo,57.75,57.75,False,False
18,Male,1.15,2.51,5.63,71.02,1.74,4.3,3.15,Medium,Bajo,49.92,49.92,False,False
23,Male,4.33,2.12,7.4,91.7,0.79,8.21,3.88,Medium,Medio,59.98,59.98,False,False
18,Male,4.92,8.17,4.23,65.15,4.05,10.77,5.85,High,Medio,57.64,57.63896348405606,False,True
19,Male,3.84,5.46,4.42,98.96,0.1,8.05,4.21,Medium,Medio,63.87,63.87,False,False
23,Female,4.79,6.68,4.38,60.96,1.69,6.27,1.48,Medium,Medio,55.57,55.571482008003045,False,True
16,Male,1.44,3.98,6.91,64.73,1.21,4.03,2.59,Medium,Bajo,69.56,69.56,False,False
21,Female,3.84,5.98,8.48,72.45,0.65,6.94,3.1,Medium,Medio,79.37,79.37,False,False
16,Female,5.26,3.32,6.78,80.37,0.86,9.96,4.7,Low,Medio,35.59,35.59,False,False
16,Female,3.46,3.77,7.02,68.65,2.47,6.69,3.23,Medium,Medio,60.19,60.19,False,False
23,Female,5.44,6.87,5.73,89.45,2.13,9.74,4.3,Low,Medio,69.96,69.96,False,False
19,Male,3.61,2.35,4.09,74.3,2.59,8.81,5.2,Medium,Medio,36.95,36.95,False,False
16,Male,2.67,6.55,4.11,61.54,3.64,4.19,1.52,Medium,Bajo,79.17,79.17,False,False
22,Female,2.43,8.67,8.44,95.11,4.46,7.26,4.83,Medium,Bajo,100.0,104.19771869098848,True,True
20,Male,3.29,2.08,4.51,97.75,0.59,8.02,4.73,Medium,Medio,39.35,39.35,False,False
20,Male,0.18,9.08,9.0,84.74,0.41,5.28,5.1,Medium,Bajo,100.0,100.0,False,False
16,Female,5.35,1.72,4.82,92.26,1.6,11.13,5.78,Low,Medio,31.11,31.11,False,False
21,Female,6.76,4.14,7.37,64.84,2.73,9.31,2.55,Low,Alto,39.19,39.19,False,False
24,Male,2.84,6.49,8.74,70.75,0.5,5.99,3.15,Medium,Medio,90.19,90.19,False,False
24,Female,0.37,6.03,5.81,73.01,3.58,2.68,2.31,Medium,Bajo,74.59,74.59,False,False
23,Female,7.89,1.87,7.67,98.43,2.78,10.53,2.64,Low,Alto,27.51,27.51160935050821,False,True
20,Male,2.11,8.19,5.75,80.49,3.74,4.76,2.65,High,Bajo,93.82,93.81927771668728,False,True
16,Male,1.01,9.76,5.52,60.3,1.79,6.36,5.35,High,Bajo,100.0,108.29491423313756,True,True
24,Female,2.96,2.63,5.01,75.21,2.01,4.27,1.31,Medium,Medio,57.48,57.480485504354725,False,True
16,Male,5.89,9.03,8.08,60.31,4.04,7.92,2.03,Low,Alto,84.0,83.99889364351083,False,True
23,Male,2.35,6.01,5.29,69.51,1.34,6.4,4.05,Medium,Bajo,68.32,68.32,False,False
20,Female,4.6,9.42,5.42,78.19,1.91,9.43,4.83,High,Medio,86.4,86.4024761620395,False,True
18,Female,3.32,2.58,8.99,72.94,0.07,7.81,4.49,Medium,Medio,63.03,63.03,False,False
22,Male,0.94,8.13,5.64,61.31,2.78,2.17,1.23,High,Bajo,88.41,88.41,False,False
22,Male,2.64,1.54,6.11,64.65,4.26,5.91,3.27,Medium,Bajo,37.45,37.45,False,False
24,Male,5.63,8.69,8.68,82.04,0.14,7.72,2.09,Low,Alto,83.87,83.87262701516076,False,True
22,Other,4.9,7.07,5.85,87.82,3.07,10.84,5.94,High,Medio,69.18,69.18,False,False
18,Male,0.96,4.33,5.83,76.18,4.23,6.95,5.99,Medium,Bajo,73.9,73.9,False,False
16,Female,1.31,2.71,8.14,89.26,2.47,2.56,1.25,Medium,Bajo,72.3,72.3,False,False
23,Female,5.13,8.35,5.56,66.53,1.57,9.47,4.34,High,Medio,79.26,79.25729131796389,False,True
18,Male,6.51,6.43,5.17,64.88,4.98,11.58,5.07,Low,Alto,36.56,36.56,False,False
23,Other,2.8,4.24,6.12,93.58,0.32,5.42,2.62,Medium,Bajo,68.98,68.98,False,False
23,Female,4.76,4.99,7.5,73.57,1.05,9.23,4.47,Medium,Medio,66.9,66.89768982968918,False,True
20,Female,1.37,8.44,4.22,77.29,4.43,3.31,1.94,High,Bajo,82.05,82.05,False,False
16,Male,2.49,4.05,5.87,97.9,1.49,4.13,1.64,Medium,Bajo,66.56,66.56,False,False
22,Female,0.16,1.81,5.73,76.96,4.1,5.79,5.63,Medium,Bajo,50.42,50.42,False,False
20,Female,6.15,9.2,5.22,60.14,1.67,10.36,4.21,High,Alto,72.69,72.69303396022511,False,True
23,Other,3.21,4.49,7.27,97.52,4.06,8.29,5.08,Medium,Medio,75.84,75.84,False,False
24,Male,6.53,4.14,5.45,60.56,3.43,10.19,3.66,Low,Alto,33.72,33.72,False,False
22,Female,5.67,2.84,7.03,86.49,2.34,7.44,1.77,Low,Alto,34.22,34.22,False,False
22,Male,6.63,9.08,6.52,72.92,2.61,9.51,2.88,Low,Alto,76.36,76.36284380941089,False,True
16,Male,2.29,2.96,5.09,78.82,0.89,7.7,5.41,Medium,Bajo,56.9,56.9,False,False
19,Male,1.48,6.73,5.33,81.89,0.58,2.56,1.08,Medium,Bajo,93.56,93.56051152983478,False,True
17,Female,7.78,8.93,4.85,76.34,3.58,9.82,2.04,High,Alto,56.46,56.45831823009436,False,True
17,Male,5.74,1.31,4.28,90.97,4.24,8.01,2.27,Low,Alto,22.73,22.73,False,False
17,Female,6.67,8.46,7.1,97.23,3.61,8.98,2.31,Low,Alto,94.93,94.92768856639016,False,True
19,Other,0.11,4.7,7.36,63.46,4.56,1.6,1.49,Medium,Bajo,79.59,79.59,False,False
16,Male,2.84,6.92,4.83,92.01,4.45,8.08,5.24,Medium,Medio,83.73,83.73,False,False
19,Female,5.94,4.35,7.08,65.15,3.89,7.74,1.8,Low,Alto,40.07,40.07,False,False
17,Male,0.62,7.26,8.91,63.21,4.49,5.77,5.15,Medium,Bajo,100.0,101.51571068214665,True,True
20,Male,4.54,3.29,4.37,98.23,0.84,7.32,2.78,Medium,Medio,40.86,40.86,False,False
18,Female,3.43,1.2,6.45,79.57,3.66,6.72,3.29,Medium,Medio,40.84,40.84,False,False
23,Female,0.14,9.53,7.67,66.1,3.77,3.45,3.31,Medium,Bajo,100.0,100.0,False,False
19,Female,1.89,1.15,4.23,82.8,0.77,6.46,4.57,Medium,Bajo,46.22,46.22,False,False
16,Female,2.28,8.42,7.89,70.53,4.55,6.94,4.66,Medium,Bajo,92.91,92.91,False,False
16,Male,0.89,2.52,8.9,78.57,0.04,5.09,4.2,Medium,Bajo,73.81,73.81,False,False
18,Male,5.05,4.53,4.44,84.99,2.17,9.92,4.87,Low,Medio,44.87,44.87,False,False
24,Female,1.94,8.4,8.11,94.77,0.11,2.98,1.04,Medium,Bajo,100.0,100.0,False,False
22,Male,2.22,2.85,5.89,60.12,2.62,5.74,3.52,Medium,Bajo,49.24,49.24,False,False
17,Male,7.19,8.79,4.72,68.57,2.06,10.81,3.62,High,Alto,61.05,61.05053316663829,False,True
24,Female,3.74,5.48,6.47,63.85,3.12,5.94,2.2,Medium,Medio,61.55,61.55,False,False
17,Male,3.14,4.3,4.36,63.88,3.83,6.92,3.78,Medium,Medio,45.69,45.69,False,False
18,Male,5.79,6.96,6.61,97.83,3.84,9.13,3.34,Low,Alto,74.96,74.96,False,False
17,Female,7.28,4.07,4.1,97.44,3.61,10.64,3.36,Low,Alto,39.86,39.86,False,False
18,Female,0.2,4.13,7.64,89.97,0.51,1.79,1.59,Medium,Bajo,84.64,84.64,False,False
21,Female,3.59,7.6,6.44,85.72,2.09,6.77,3.18,Medium,Medio,75.96,75.96,False,False
24,Female,4.89,3.79,6.29,93.92,4.08,9.72,4.83,Medium,Medio,53.31,53.31,False,False
24,Male,2.55,2.81,4.98,62.34,3.27,5.6,3.05,Medium,Bajo,48.56,48.56,False,False
22,Female,6.18,8.27,5.81,64.78,3.41,9.62,3.44,High,Alto,67.75,67.7540139324898,False,True
18,Female,7.77,8.25,4.91,72.68,1.13,13.61,5.84,High,Alto,59.74,59.73612467815817,False,True
19,Male,7.55,5.48,7.68,93.3,1.63,12.91,5.36,Low,Alto,43.08,43.08,False,False
21,Male,2.13,5.74,5.0,78.89,4.78,7.77,5.64,Medium,Bajo,66.74,66.74,False,False
20,Female,1.81,7.26,7.08,80.14,4.23,3.2,1.39,Medium,Bajo,97.75,97.75,False,False
17,Female,7.66,5.58,5.4,69.17,0.82,11.75,4.09,Low,Alto,33.18,33.18,False,False
21,Female,3.67,4.75,7.28,85.94,2.72,5.79,2.12,Medium,Medio,63.87,63.87,False,False
18,Female,1.67,9.95,6.7,95.51,2.45,4.69,3.02,Medium,Bajo,100.0,100.0,False,False
23,Female,5.66,2.33,6.12,73.18,2.22,10.06,4.4,Low,Alto,31.67,31.67,False,False
17,Other,2.28,6.33,7.37,84.77,2.35,6.17,3.89,Medium,Bajo,90.42,90.42,False,False
16,Female,2.14,8.97,6.08,73.28,3.21,5.67,3.53,Medium,Bajo,83.49,83.49,False,False
24,Male,7.03,7.18,8.11,91.71,4.84,12.1,5.07,Low,Alto,71.43,71.43325776235503,False,True
18,Female,1.3,8.93,7.65,79.0,4.38,5.71,4.41,Medium,Bajo,100.0,100.0,False,False
16,Male,0.52,4.03,6.7,73.58,4.38,5.63,5.11,Medium,Bajo,66.48,66.48,False,False
22,Female,2.15,3.45,8.39,76.8,3.52,7.81,5.66,Medium,Bajo,65.59,65.59,False,False
20,Female,4.86,8.66,8.14,63.65,0.09,9.42,4.56,Medium,Medio,79.6,79.6,False,False
20,Female,0.98,4.55,6.66,94.64,2.2,3.96,2.98,Medium,Bajo,86.74,86.74,False,False
16,Female,3.77,7.39,4.34,98.32,2.56,5.83,2.06,High,Medio,78.57,78.57,False,False
24,Male,5.02,2.33,6.83,79.1,4.21,7.37,2.35,Low,Medio,37.22,37.22,False,False
22,Male,6.79,7.8,5.78,68.85,4.61,9.77,2.98,High,Alto,64.92,64.9179606049263,False,True
23,Male,1.84,5.94,6.7,86.59,2.26,6.54,4.7,Medium,Bajo,86.67,86.67,False,False
24,Female,6.54,3.42,7.24,78.1,1.5,7.74,1.2,Low,Alto,41.71,41.71,False,False
21,Female,1.88,5.45,7.22,70.09,1.69,6.95,5.07,Medium,Bajo,82.24,82.24,False,False
20,Female,5.41,7.27,7.37,61.54,2.89,10.2,4.79,Low,Medio,76.31,76.3116704499441,False,True
21,Male,3.45,1.11,7.4,95.59,1.37,6.95,3.5,Medium,Medio,50.51,50.51,False,False
17,Female,0.92,6.74,4.55,91.87,4.55,3.92,3.0,Medium,Bajo,91.05,91.05,False,False
19,Female,5.71,5.87,4.96,93.16,2.09,7.27,1.56,Low,Alto,55.51,55.51,False,False
18,Male,1.74,2.98,7.15,77.59,4.95,4.19,2.45,Medium,Bajo,67.03,67.03,False,False
22,Female,1.41,7.78,6.04,90.13,0.55,2.96,1.55,Medium,Bajo,100.0,100.0,False,False
24,Female,2.87,3.73,7.81,83.25,0.94,7.96,5.09,Medium,Medio,71.82,71.82,False,False
20,Female,5.23,3.49,4.62,74.99,2.56,8.78,3.55,Low,Medio,33.45,33.45,False,False
21,Male,1.87,5.24,4.96,93.71,4.34,4.1,2.23,Medium,Bajo,59.58,59.58,False,False
17,Female,1.47,7.09,6.79,99.95,1.77,2.56,1.09,Medium,Bajo,100.0,100.0,False,False
18,Male,0.08,9.36,6.5,95.97,4.19,3.7,3.62,Medium,Bajo,100.0,100.0,False,False
18,Other,3.77,2.27,5.33,91.05,2.13,8.53,4.76,Medium,Medio,47.83,47.83,False,False
24,Male,3.43,4.57,6.04,89.9,4.26,8.26,4.83,Medium,Medio,71.76,71.76,False,False
22,Male,1.87,1.6,4.17,86.01,1.39,3.94,2.07,Medium,Bajo,47.2,47.2,False,False
23,Female,0.43,7.83,4.19,94.14,2.36,6.41,5.98,High,Bajo,85.79,85.79,False,False
24,Male,3.43,5.03,4.47,79.72,1.39,7.27,3.84,Medium,Medio,52.29,52.29,False,False
21,Female,6.31,7.36,6.88,67.27,1.08,8.97,2.66,Low,Alto,82.7,82.70377419795211,False,True
19,Female,5.72,3.9,8.32,90.72,2.11,8.68,2.96,Low,Alto,62.49,62.49,False,False
16,Female,6.89,8.6,5.3,96.78,1.67,8.51,1.62,High,Alto,75.8,75.79920165065329,False,True
23,Other,0.08,5.81,4.17,73.65,3.94,3.55,3.47,Medium,Bajo,69.48,69.47587293441899,False,True
22,Male,7.18,8.82,7.0,91.32,3.74,12.5,5.32,Low,Alto,78.59,78.59406562128649,False,True
17,Female,2.73,1.71,8.28,70.95,1.79,5.78,3.05,Medium,Bajo,59.16,59.16,False,False
23,Male,7.92,5.63,4.69,97.7,4.96,13.25,5.33,Low,Alto,44.68,44.677671904828046,False,True
20,Male,2.02,7.9,5.93,87.34,4.87,5.4,3.38,High,Bajo,90.22,90.22,False,False
22,Female,3.77,6.4,4.79,82.77,4.59,9.27,5.5,Medium,Medio,60.99,60.99,False,False
19,Male,2.83,1.21,4.53,91.19,2.93,7.35,4.52,Medium,Medio,48.49,48.49,False,False
20,Female,2.85,9.75,7.24,92.53,2.06,4.13,1.28,Medium,Medio,100.0,100.0,False,False
23,Female,6.74,3.68,8.84,95.69,1.57,8.08,1.34,Low,Alto,53.34,53.34,False,False
16,Female,5.97,3.24,7.39,96.04,0.08,10.97,5.0,Low,Alto,44.86,44.86,False,False
16,Other,7.94,5.37,8.92,62.11,3.16,10.72,2.78,Low,Alto,49.41,49.41,False,False
19,Male,4.91,5.88,6.17,64.92,2.77,6.86,1.95,Medium,Medio,58.52,58.52,False,False
18,Female,3.71,7.9,8.49,93.04,3.15,9.04,5.33,Medium,Medio,100.0,100.0,False,False
17,Female,0.72,4.54,5.03,97.84,2.88,6.64,5.92,Medium,Bajo,73.7,73.7,False,False
18,Female,7.97,4.96,4.59,72.31,0.69,13.01,5.04,Low,Alto,35.12,35.12,False,False
16,Male,4.41,5.81,7.51,60.34,3.48,9.04,4.63,Medium,Medio,62.24,62.24,False,False
16,Female,5.6,4.55,5.86,72.91,1.8,6.6,1.0,Low,Alto,42.8,42.8,False,False
21,Male,3.25,9.23,5.59,75.31,2.58,4.78,1.53,High,Medio,92.76,92.76,False,False
20,Male,4.38,8.66,7.36,90.44,1.83,8.73,4.35,Medium,Medio,89.83,89.83,False,False
23,Female,7.54,5.09,5.67,61.9,0.11,10.59,3.05,Low,Alto,32.32,32.32,False,False
17,Female,1.33,1.0,6.86,68.51,4.38,2.43,1.1,Medium,Bajo,50.83,50.83,False,False
19,Female,2.34,9.11,5.5,95.76,0.74,7.04,4.7,High,Bajo,93.23,93.23,False,False
23,Female,1.22,2.12,7.92,66.19,2.91,4.31,3.09,Medium,Bajo,64.65,64.65,False,False
21,Female,6.34,3.2,5.56,90.37,4.42,10.63,4.29,Low,Alto,38.42,38.42,False,False
16,Male,0.5,2.37,6.67,74.45,1.11,3.84,3.34,Medium,Bajo,58.64,58.64,False,False
19,Male,0.65,2.62,4.12,86.51,2.06,1.78,1.13,Medium,Bajo,62.45,62.45,False,False
16,Male,2.39,8.23,7.96,62.95,1.89,6.57,4.18,Medium,Bajo,92.18,92.18,False,False
17,Female,4.11,6.22,7.1,71.46,0.45,9.05,4.94,Medium,Medio,85.83,85.83020035636137,False,True
20,Male,3.25,9.6,4.96,76.99,2.12,5.03,1.78,High,Medio,83.56,83.56,False,False
23,Male,0.36,3.08,5.08,94.29,2.4,5.82,5.46,Medium,Bajo,68.37,68.37,False,False
23,Female,7.66,5.37,5.31,82.54,0.13,9.57,1.91,Low,Alto,38.12,38.12,False,False
18,Male,7.21,9.28,6.51,61.81,2.44,10.73,3.52,Low,Alto,77.83,77.83318092658962,False,True
19,Male,2.23,8.44,6.74,92.07,0.47,5.87,3.64,Medium,Bajo,98.32,98.32,False,False
21,Female,5.85,7.56,5.37,62.18,4.46,8.42,2.57,High,Alto,72.88,72.87769897681379,False,True
18,Male,4.63,2.7,7.47,97.37,3.25,8.13,3.5,Medium,Medio,49.19,49.19,False,False
17,Male,1.9,7.92,8.45,68.47,0.28,6.49,4.59,Medium,Bajo,100.0,100.0,False,False
21,Male,2.1,4.13,4.22,79.52,4.14,6.67,4.57,Medium,Bajo,60.23,60.22760500552311,False,True
20,Female,3.93,5.77,6.09,62.89,1.81,9.54,5.61,Medium,Medio,59.37,59.37,False,False
20,Female,3.35,6.48,6.97,82.47,1.13,8.66,5.31,Medium,Medio,80.58,80.58,False,False
20,Male,2.33,6.48,6.93,79.89,1.27,8.26,5.93,Medium,Bajo,88.19,88.19,False,False
20,Female,6.46,7.54,4.1,76.41,2.99,10.44,3.98,High,Alto,57.75,57.753568789668726,False,True
18,Male,3.85,6.96,5.05,61.42,0.41,6.85,3.0,Medium,Medio,73.53,73.53,False,False
22,Female,5.24,1.62,4.31,95.16,0.29,7.44,2.2,Low,Medio,36.53,36.53,False,False
21,Male,1.51,5.12,6.84,92.11,3.14,3.73,2.22,Medium,Bajo,87.22,87.22,False,False
19,Female,4.27,6.98,7.23,85.32,4.91,6.02,1.75,Medium,Medio,73.41,73.41,False,False
17,Female,2.54,3.66,4.8,82.89,2.42,7.17,4.63,Medium,Bajo,65.58,65.58,False,False
24,Female,4.21,3.82,5.67,87.8,2.07,8.48,4.27,Medium,Medio,56.98,56.98,False,False
16,Male,6.25,2.12,5.65,65.76,4.74,8.71,2.46,Low,Alto,26.11,26.11,False,False
19,Male,6.15,4.77,8.1,97.31,1.2,11.61,5.46,Low,Alto,56.32,56.32,False,False
16,Female,2.83,9.88,4.97,71.39,1.2,6.59,3.76,High,Medio,92.03,92.03,False,False
21,Male,5.55,3.57,6.74,86.26,4.53,6.9,1.35,Low,Alto,44.98,44.98,False,False
19,Female,7.53,5.78,7.91,84.27,3.23,8.84,1.31,Low,Alto,56.35,56.35,False,False
20,Female,5.01,7.69,8.15,85.46,0.27,6.73,1.72,Low,Medio,100.0,100.23528649522476,True,True
20,Female,1.19,1.12,7.33,95.16,3.37,3.25,2.06,Medium,Bajo,66.22,66.22,False,False
24,Male,5.44,9.1,5.5,71.84,4.1,10.88,5.44,High,Medio,79.59,79.59380363842534,False,True
16,Female,0.84,4.48,8.12,89.96,1.37,5.73,4.89,Medium,Bajo,88.76,88.76,False,False
17,Female,6.83,8.63,7.54,83.94,1.91,8.99,2.16,Low,Alto,81.88,81.87589181377322,False,True
21,Female,4.13,1.35,7.52,63.04,0.99,6.37,2.24,Medium,Medio,34.47,34.47,False,False
20,Male,3.08,2.31,4.34,76.57,3.17,7.26,4.18,Medium,Medio,48.36,48.36295716678066,False,True
22,Male,0.46,3.9,4.22,93.52,3.32,5.82,5.36,Medium,Bajo,78.68,78.68,False,False
18,Male,3.05,4.11,7.48,72.61,0.34,5.63,2.58,Medium,Medio,65.67,65.67,False,False
18,Male,6.77,8.08,8.15,79.29,3.39,10.86,4.09,Low,Alto,80.98,80.98226752360662,False,True
17,Female,0.17,1.1,7.87,79.55,3.29,5.62,5.45,Medium,Bajo,64.53,64.53,False,False
18,Female,3.8,6.77,8.16,84.72,0.18,8.65,4.85,Medium,Medio,81.07,81.07,False,False
16,Male,7.45,2.18,6.72,95.36,2.78,12.91,5.46,Low,Alto,31.73,31.73,False,False
20,Female,3.16,8.41,5.52,66.94,3.07,5.55,2.39,High,Medio,83.28,83.28,False,False
20,Male,3.43,8.01,7.39,80.18,2.15,7.88,4.45,Medium,Medio,94.6,94.6,False,False
22,Male,4.63,5.5,7.56,76.97,4.51,6.2,1.57,Medium,Medio,66.84,66.84054471557441,False,True
19,Male,3.7,2.91,7.38,71.84,1.64,7.78,4.08,Medium,Medio,56.07,56.07,False,False
18,Male,1.35,6.71,8.73,96.78,0.34,3.87,2.52,Medium,Bajo,100.0,100.0,False,False
16,Female,0.15,2.41,5.84,60.33,3.36,4.66,4.51,Medium,Bajo,48.72,48.72,False,False
23,Male,4.88,2.71,4.2,64.88,3.03,6.59,1.71,Medium,Medio,29.63,29.63,False,False
18,Female,7.37,6.64,8.54,89.33,4.95,11.7,4.33,Low,Alto,62.75,62.75,False,False
17,Male,0.85,9.92,4.8,70.54,1.16,5.39,4.54,High,Bajo,98.57,98.57,False,False
19,Female,1.69,9.02,7.49,88.93,1.98,6.98,5.29,Medium,Bajo,100.0,100.0,False,False
18,Male,2.96,6.34,8.37,93.29,2.31,7.4,4.44,Medium,Medio,89.25,89.25,False,False
16,Male,6.47,5.85,5.55,70.18,4.31,10.08,3.61,Low,Alto,43.11,43.11,False,False
18,Male,2.15,9.99,8.15,67.68,2.07,7.07,4.92,Medium,Bajo,100.0,100.0,False,False
17,Male,7.06,5.93,5.66,65.81,3.86,9.48,2.42,Low,Alto,42.09,42.09,False,False
23,Male,0.44,4.78,7.97,68.0,0.78,4.83,4.39,Medium,Bajo,81.93,81.93,False,False
21,Female,7.53,9.19,4.35,70.69,2.05,12.15,4.62,High,Alto,69.4,69.40010862943153,False,True
24,Female,4.49,3.11,7.28,94.75,0.77,7.45,2.96,Medium,Medio,55.6,55.6,False,False
23,Female,5.27,1.88,7.39,90.8,4.75,11.21,5.94,Low,Medio,41.24,41.24,False,False
18,Female,2.94,6.71,6.46,60.07,0.89,5.72,2.78,Medium,Medio,73.88,73.88,False,False
20,Male,6.26,1.86,7.44,94.96,2.1,7.68,1.42,Low,Alto,36.48,36.48,False,False
22,Male,1.33,4.36,8.62,63.15,0.41,3.85,2.52,Medium,Bajo,78.43,78.43,False,False
20,Other,0.39,4.81,7.67,86.21,4.61,1.89,1.5,Medium,Bajo,83.77,83.77,False,False
23,Female,3.16,5.93,8.81,66.06,3.12,5.86,2.7,Medium,Medio,82.89,82.8927068041039,False,True
20,Female,6.83,9.92,6.24,62.49,4.81,8.47,1.64,Low,Alto,82.16,82.15862050201862,False,True
16,Female,6.04,2.99,6.64,90.39,0.21,9.24,3.2,Low,Alto,45.95,45.95,False,False
20,Male,4.14,4.38,5.32,78.69,0.87,9.03,4.89,Medium,Medio,56.81,56.81,False,False
19,Male,4.58,2.19,8.93,83.96,1.9,5.92,1.34,Medium,Medio,58.72,58.72,False,False
21,Male,1.04,6.47,4.28,77.01,3.11,4.86,3.82,Medium,Bajo,85.85,85.85,False,False
18,Male,6.73,7.55,5.79,62.69,1.65,7.95,1.22,High,Alto,59.58,59.58288194216652,False,True
20,Male,6.3,5.34,5.49,89.58,3.56,11.72,5.42,Low,Alto,56.71,56.71,False,False
17,Male,5.25,3.21,5.93,92.81,0.83,10.86,5.61,Low,Medio,51.11,51.11,False,False
21,Female,3.73,6.59,8.59,61.66,3.0,7.19,3.46,Medium,Medio,68.44,68.44,False,False
21,Female,7.72,5.85,5.84,75.03,1.99,12.57,4.85,Low,Alto,34.27,34.27,False,False
20,Female,7.03,2.54,8.58,82.29,2.54,10.99,3.96,Low,Alto,30.8,30.8,False,False
21,Female,5.16,4.65,6.12,84.21,2.85,7.86,2.7,Low,Medio,56.37,56.37,False,False
22,Male,2.97,4.92,8.27,83.13,0.3,5.2,2.23,Medium,Medio,74.63,74.63,False,False
20,Male,4.94,9.84,6.61,87.72,4.62,9.73,4.79,Medium,Medio,89.96,89.96,False,False
16,Female,4.6,8.64,5.56,98.67,3.93,7.75,3.15,High,Medio,92.62,92.62,False,False
23,Male,3.15,7.61,6.25,75.62,2.21,8.75,5.6,Medium,Medio,89.39,89.39,False,False
19,Male,2.45,9.0,6.12,82.26,2.74,8.33,5.88,Medium,Bajo,90.7,90.7,False,False
24,Male,3.26,7.62,5.3,87.96,0.16,5.31,2.05,High,Medio,89.09,89.08710313742662,False,True
21,Male,4.59,9.13,5.45,83.7,2.49,8.4,3.81,High,Medio,91.16,91.16,False,False
16,Female,3.43,1.49,4.93,75.47,2.13,7.11,3.68,Medium,Medio,34.02,34.02,False,False
18,Male,2.11,5.1,5.68,84.96,1.87,7.45,5.34,Medium,Bajo,77.52,77.52,False,False
18,Female,6.09,7.72,7.12,86.0,4.08,10.54,4.45,Low,Alto,83.48,83.47853300893276,False,True
19,Female,4.25,6.25,5.93,83.4,0.91,8.29,4.04,Medium,Medio,64.01,64.01,False,False
21,Male,0.54,2.58,7.56,68.2,0.88,4.94,4.4,Medium,Bajo,72.96,72.96,False,False
22,Male,2.95,4.06,8.93,80.24,2.61,5.9,2.95,Medium,Medio,71.88,71.88,False,False
19,Male,7.08,3.86,5.89,95.37,3.44,12.88,5.8,Low,Alto,36.91,36.91,False,False
21,Male,6.04,3.35,6.31,94.74,0.11,7.33,1.29,Low,Alto,42.3,42.3,False,False
16,Female,2.59,4.09,4.82,90.03,2.73,3.74,1.15,Medium,Bajo,67.76,67.76,False,False
23,Female,7.51,5.63,5.96,87.89,1.49,10.59,3.08,Low,Alto,47.74,47.74,False,False
22,Female,0.61,8.69,7.63,66.13,3.78,2.38,1.77,Medium,Bajo,97.84,97.84,False,False
24,Male,7.69,7.68,5.09,78.38,2.34,11.41,3.72,High,Alto,58.15,58.15265903542986,False,True
18,Female,1.97,8.52,4.91,64.44,4.17,3.02,1.05,High,Bajo,91.41,91.41,False,False
17,Female,0.07,8.95,5.88,92.69,1.98,3.37,3.3,High,Bajo,100.0,100.0,False,False
16,Female,3.47,4.75,8.09,71.64,4.14,5.94,2.47,Medium,Medio,66.39,66.39,False,False
18,Female,2.87,4.11,7.12,90.67,3.58,4.88,2.01,Medium,Medio,77.53,77.53,False,False
20,Female,4.31,1.52,8.79,92.58,4.14,7.53,3.22,Medium,Medio,58.23,58.23,False,False
17,Female,6.04,8.88,8.08,95.7,4.06,11.64,5.6,Low,Alto,91.48,91.47527535833684,False,True
18,Female,6.74,1.59,4.76,90.15,2.43,11.02,4.28,Low,Alto,23.05,23.05,False,False
19,Male,3.21,7.67,4.21,82.59,1.84,5.01,1.8,High,Medio,78.58,78.58,False,False
22,Female,3.44,4.4,6.0,83.93,3.83,6.93,3.49,Medium,Medio,59.27,59.27,False,False
18,Male,1.19,9.54,6.61,72.82,1.81,6.85,5.66,Medium,Bajo,100.0,100.0,False,False
24,Male,0.38,4.78,6.58,67.08,0.45,3.58,3.2,Medium,Bajo,74.67,74.67,False,False
23,Other,5.13,8.35,4.67,65.23,4.29,8.48,3.35,High,Medio,66.74,66.74304018708538,False,True
19,Female,0.52,3.54,4.62,67.28,1.99,6.23,5.71,Medium,Bajo,43.17,43.17,False,False
16,Male,5.87,3.69,4.23,97.36,0.66,7.55,1.68,Low,Alto,50.07,50.07,False,False
16,Male,4.31,6.36,8.25,66.58,3.23,8.99,4.68,Medium,Medio,72.62,72.62,False,False
16,Male,1.59,9.98,8.74,88.95,4.45,4.09,2.5,Medium,Bajo,100.0,100.0,False,False
16,Female,4.32,5.66,4.58,67.39,4.3,9.65,5.33,Medium,Medio,49.41,49.41,False,False
23,Female,1.46,9.43,5.07,99.01,2.77,2.73,1.27,High,Bajo,100.0,100.0,False,False
18,Female,3.51,8.08,4.45,74.66,0.44,9.46,5.95,High,Medio,86.37,86.37,False,False
21,Female,6.4,8.16,8.39,76.49,3.48,11.24,4.84,Low,Alto,94.62,94.62021725862692,False,True
18,Male,3.7,4.92,8.79,76.18,3.04,6.12,2.42,Medium,Medio,64.02,64.02,False,False
20,Female,1.19,4.48,5.31,92.66,1.05,5.99,4.8,Medium,Bajo,78.61,78.61,False,False
22,Male,5.79,2.73,5.52,68.73,4.5,11.4,5.61,Low,Alto,40.56,40.56,False,False
17,Female,1.49,9.68,5.81,93.24,0.43,3.05,1.56,High,Bajo,100.0,107.03805592220802,True,True
21,Female,5.91,9.63,6.51,86.28,1.87,11.48,5.57,Low,Alto,98.85,98.85193594769356,False,True
21,Female,3.83,7.72,7.41,68.81,0.47,6.63,2.8,Medium,Medio,80.76,80.76,False,False
18,Male,3.63,3.67,6.52,62.62,4.56,4.66,1.03,Medium,Medio,55.63,55.63,False,False
21,Male,6.81,3.21,8.76,91.0,0.18,8.37,1.56,Low,Alto,53.29,53.29,False,False
20,Male,5.67,9.9,4.5,68.76,2.13,11.09,5.42,High,Alto,80.13,80.13305869729906,False,True
17,Female,0.26,1.6,7.99,95.56,4.31,6.17,5.91,Medium,Bajo,63.88,63.88,False,False
24,Male,2.37,8.59,5.67,65.19,1.26,7.85,5.48,High,Bajo,83.33,83.33,False,False
23,Male,6.97,4.2,5.89,84.65,0.53,10.18,3.21,Low,Alto,41.22,41.22,False,False
18,Male,0.15,4.77,7.54,87.69,0.64,5.96,5.81,Medium,Bajo,84.63,84.63,False,False
23,Female,4.36,8.49,8.65,86.31,2.02,7.39,3.03,Medium,Medio,90.5,90.5,False,False
24,Male,5.82,1.82,7.58,72.64,2.14,7.39,1.57,Low,Alto,29.5,29.5,False,False
18,Female,4.97,4.19,7.88,95.02,3.59,7.67,2.7,Medium,Medio,58.02,58.02,False,False
18,Female,5.98,9.41,7.61,90.79,1.19,12.07,6.09,Low,Alto,88.62,88.61792038840149,False,True
17,Female,5.81,7.29,5.6,80.41,3.51,9.94,4.13,High,Alto,73.41,73.41231660172447,False,True
23,Male,5.54,7.79,7.78,84.13,4.99,8.24,2.7,Low,Alto,92.72,92.72324036280374,False,True
16,Male,6.57,7.82,7.92,82.65,4.32,10.69,4.12,Low,Alto,84.12,84.12232028447713,False,True
23,Male,5.17,1.55,6.67,97.87,3.18,8.32,3.15,Low,Medio,42.62,42.62,False,False
22,Male,3.22,2.83,6.68,95.86,4.7,4.47,1.25,Medium,Medio,64.75,64.75,False,False
22,Male,3.78,5.42,7.8,69.42,4.96,5.79,2.01,Medium,Medio,65.74,65.74,False,False
18,Female,5.73,4.31,8.09,70.51,2.85,6.83,1.1,Low,Alto,60.02,60.02,False,False
16,Male,7.01,4.7,5.69,99.26,1.37,9.28,2.27,Low,Alto,34.82,34.82,False,False
19,Female,2.18,8.03,8.01,69.46,4.57,6.88,4.7,Medium,Bajo,92.99,92.99,False,False
24,Male,2.74,1.13,8.07,98.14,4.22,4.71,1.97,Medium,Bajo,57.31,57.31,False,False
20,Female,7.45,6.94,5.17,85.99,0.42,11.09,3.64,Low,Alto,43.5,43.5,False,False
16,Female,4.63,1.0,7.58,62.0,4.68,9.14,4.51,Medium,Medio,23.97,23.97,False,False
20,Female,1.43,1.57,4.93,73.43,1.83,5.17,3.74,Medium,Bajo,58.82,58.82,False,False
23,Female,5.31,4.67,4.47,79.05,1.61,6.39,1.08,Low,Medio,49.29,49.29,False,False
23,Female,7.8,8.43,6.76,93.32,1.72,10.75,2.95,Low,Alto,77.98,77.98478069453441,False,True
20,Female,6.59,2.3,8.54,73.14,1.6,9.8,3.21,Low,Alto,32.44,32.44,False,False
24,Male,5.97,5.99,4.18,72.42,2.58,8.68,2.71,Low,Alto,42.68,42.68,False,False
16,Female,1.66,7.11,8.13,96.81,2.9,5.39,3.73,Medium,Bajo,100.0,100.0,False,False
19,Male,7.01,3.07,6.53,63.16,2.13,10.58,3.57,Low,Alto,25.17,25.17,False,False
18,Male,4.21,5.61,8.3,82.06,2.06,6.15,1.94,Medium,Medio,78.18,78.18,False,False
17,Male,6.67,8.63,7.7,80.17,3.69,11.87,5.2,Low,Alto,82.56,82.56011356669995,False,True
23,Male,2.64,5.61,8.38,62.29,0.02,4.45,1.81,Medium,Bajo,73.0,73.0,False,False
22,Male,0.5,2.42,7.84,63.51,4.73,3.79,3.29,Medium,Bajo,64.96,64.96,False,False
24,Male,3.81,6.65,8.21,75.28,3.57,8.59,4.78,Medium,Medio,80.66,80.66,False,False
17,Male,2.16,6.33,4.88,65.37,3.54,6.65,4.49,Medium,Bajo,73.28,73.28,False,False
19,Female,5.72,1.24,5.52,79.12,2.11,8.88,3.16,Low,Alto,32.84,32.84,False,False
21,Male,7.66,1.82,5.21,84.36,4.83,12.6,4.94,Low,Alto,12.63,12.63,False,False
18,Female,5.53,2.41,7.71,87.66,0.0,10.1,4.57,Low,Alto,50.25,50.25,False,False
23,Male,7.1,2.23,4.77,81.86,0.38,10.02,2.92,Low,Alto,19.89,19.89,False,False
18,Female,3.62,3.34,4.91,75.19,4.02,9.1,5.48,Medium,Medio,53.58,53.58,False,False
17,Female,6.17,5.09,8.39,65.19,3.69,7.88,1.71,Low,Alto,66.59,66.58686502259286,False,True
18,Female,6.74,4.35,7.53,69.9,1.36,9.53,2.79,Low,Alto,38.41,38.41,False,False
21,Female,5.67,8.98,8.35,76.78,2.97,10.18,4.51,Low,Alto,100.0,107.0071413410642,True,True
17,Male,4.06,6.51,4.7,96.96,2.66,9.42,5.36,Medium,Medio,71.49,71.49,False,False
23,Other,5.01,8.89,5.99,68.1,2.64,7.62,2.61,High,Medio,76.5,76.49782381203988,False,True
16,Female,5.6,5.74,5.42,76.53,2.98,9.41,3.81,Low,Alto,46.88,46.88,False,False
22,Female,2.02,1.81,4.05,89.29,4.97,3.08,1.06,Medium,Bajo,55.47,55.47,False,False
17,Female,6.48,5.17,5.42,88.21,4.94,9.33,2.85,Low,Alto,52.74,52.74,False,False
21,Male,7.6,8.4,5.9,98.62,4.91,10.25,2.65,High,Alto,78.16,78.15649158375106,False,True
17,Female,3.72,2.75,4.46,67.64,2.74,8.93,5.21,Medium,Medio,37.58,37.58,False,False
17,Male,5.61,1.82,6.83,60.66,1.59,6.98,1.37,Low,Alto,27.99,27.99,False,False
23,Female,5.9,3.96,5.92,72.89,2.8,7.21,1.31,Low,Alto,32.77,32.77,False,False
17,Male,5.3,4.5,4.23,65.99,3.11,8.51,3.21,Low,Medio,37.85,37.85,False,False
22,Female,4.38,3.76,7.52,81.94,1.56,7.42,3.04,Medium,Medio,59.74,59.74,False,False
18,Male,7.05,2.22,7.65,95.95,3.16,8.86,1.81,Low,Alto,42.77,42.77,False,False
23,Male,3.59,3.26,8.17,87.53,3.11,5.91,2.32,Medium,Medio,63.52,63.52,False,False
22,Female,0.49,7.14,6.43,65.43,4.52,6.36,5.87,Medium,Bajo,85.83,85.83,False,False
23,Female,6.76,4.47,8.84,64.64,1.19,10.33,3.57,Low,Alto,47.87,47.87,False,False
22,Female,5.39,6.69,8.57,96.46,3.49,6.83,1.44,Low,Medio,82.58,82.58,False,False
21,Male,6.79,5.83,6.76,79.5,2.25,8.04,1.25,Low,Alto,58.25,58.25,False,False
22,Male,1.11,5.94,6.22,96.95,0.65,2.32,1.21,Medium,Bajo,88.77,88.77,False,False
20,Female,0.25,3.24,4.02,89.45,1.58,3.2,2.95,Medium,Bajo,61.25,61.25,False,False
22,Other,7.47,5.69,7.55,99.73,0.29,12.8,5.33,Low,Alto,59.83,59.82748611356174,False,True
16,Female,1.18,1.21,6.82,94.85,1.6,6.34,5.16,Medium,Bajo,64.1,64.1,False,False
16,Male,6.48,4.89,8.69,76.57,0.35,9.32,2.84,Low,Alto,50.98,50.98,False,False
24,Female,6.59,6.15,6.97,90.33,4.63,11.46,4.87,Low,Alto,56.76,56.76,False,False
20,Male,5.67,2.64,8.96,78.85,0.51,10.43,4.76,Low,Alto,47.25,47.24520354223039,False,True
20,Female,1.05,3.31,8.27,69.32,4.09,4.46,3.41,Medium,Bajo,73.55,73.55,False,False
18,Male,5.34,2.98,8.77,69.64,4.53,8.36,3.02,Low,Medio,43.01,43.01,False,False
20,Male,7.11,1.64,5.64,75.89,2.34,9.01,1.9,Low,Alto,17.31,17.31,False,False
18,Female,3.4,4.13,4.75,64.46,0.27,5.79,2.39,Medium,Medio,48.62,48.62,False,False
24,Female,3.31,9.81,7.98,67.11,2.98,6.0,2.69,Medium,Medio,96.14,96.14,False,False
24,Male,3.54,4.18,7.93,80.02,1.17,8.6,5.06,Medium,Medio,67.56,67.56,False,False
21,Male,0.66,5.14,5.06,98.16,0.88,4.42,3.76,Medium,Bajo,67.09,67.09,False,False
16,Male,7.14,6.88,7.82,83.11,2.83,9.14,2.0,Low,Alto,57.75,57.75,False,False
22,Female,6.95,6.84,6.91,76.34,1.78,8.43,1.48,Low,Alto,55.91,55.91,False,False
22,Male,7.98,9.55,4.55,69.71,3.65,11.46,3.48,High,Alto,64.49,64.48548630712503,False,True
19,Male,4.68,8.72,6.51,67.84,2.96,9.01,4.33,Medium,Medio,81.51,81.51,False,False
23,Female,6.01,8.15,8.66,86.34,4.15,11.1,5.09,Low,Alto,94.06,94.06098016059136,False,True
21,Female,1.62,9.56,6.53,93.93,0.29,6.61,4.99,Medium,Bajo,100.0,100.0,False,False
19,Female,5.34,3.08,7.94,75.95,1.17,10.46,5.12,Low,Medio,53.58,53.58,False,False
19,Female,5.2,6.55,4.14,82.03,2.83,8.44,3.24,Low,Medio,64.31,64.31082842886778,False,True
17,Female,6.96,8.67,7.37,88.27,4.4,12.54,5.58,Low,Alto,75.52,75.51643136050814,False,True
17,Female,6.65,6.62,8.73,62.33,4.07,9.87,3.22,Low,Alto,68.92,68.91816468504278,False,True
19,Female,7.25,9.47,6.28,74.04,3.4,9.35,2.1,Low,Alto,90.13,90.12798407487033,False,True
20,Female,6.95,1.9,5.69,89.19,2.87,9.94,2.99,Low,Alto,32.07,32.074743655960816,False,True
23,Male,6.95,4.95,7.23,87.38,3.16,9.65,2.7,Low,Alto,53.71,53.70876744169692,False,True
21,Other,0.51,9.8,8.58,62.13,1.07,3.47,2.96,Medium,Bajo,100.0,100.0,False,False
19,Male,6.77,4.42,4.88,69.51,2.98,11.06,4.29,Low,Alto,30.57,30.57,False,False
22,Male,4.86,7.66,6.02,87.2,2.47,9.14,4.28,Medium,Medio,70.81,70.81,False,False
23,Male,3.04,1.27,4.78,70.86,1.92,5.16,2.12,Medium,Medio,53.93,53.933715912128825,False,True
17,Male,0.45,7.25,6.48,92.58,4.44,3.03,2.58,Medium,Bajo,97.31,97.30683781817638,False,True
22,Other,5.42,9.41,6.7,61.18,4.15,9.4,3.98,Low,Medio,90.95,90.9531923968591,False,True
17,Female,2.63,4.44,8.72,67.61,0.38,4.05,1.42,Medium,Bajo,72.95,72.95,False,False
17,Female,3.74,1.19,6.06,71.25,4.93,8.18,4.44,Medium,Medio,34.12,34.12,False,False
23,Female,5.45,1.25,6.83,97.01,1.15,7.34,1.89,Low,Medio,31.89,31.89,False,False
17,Female,6.77,8.39,7.83,91.85,1.08,12.54,5.77,Low,Alto,83.97,83.9737330656425,False,True
24,Male,6.6,7.5,5.61,95.37,4.72,9.61,3.01,High,Alto,73.72,73.71816953566093,False,True
16,Female,3.6,1.96,7.37,77.62,2.22,5.7,2.1,Medium,Medio,56.1,56.1,False,False
24,Female,3.1,1.49,7.79,92.9,4.03,7.44,4.34,Medium,Medio,53.2,53.2,False,False
16,Male,1.92,8.24,5.65,94.14,1.44,5.69,3.77,High,Bajo,96.04,96.04,False,False
17,Female,2.98,8.29,4.82,76.0,4.37,4.84,1.86,High,Medio,89.16,89.16,False,False
21,Male,0.89,2.08,6.51,99.78,4.16,6.03,5.14,Medium,Bajo,64.44,64.44,False,False
21,Male,7.77,3.71,5.78,94.05,2.6,11.04,3.27,Low,Alto,28.61,28.61,False,False
16,Male,4.59,8.02,5.33,98.96,3.53,6.35,1.76,High,Medio,85.55,85.55,False,False
22,Male,1.02,5.73,8.87,94.66,4.82,6.0,4.98,Medium,Bajo,98.97,98.9715185926912,False,True
23,Female,2.82,9.61,6.51,91.05,2.26,4.49,1.67,Medium,Medio,95.54,95.54,False,False
17,Female,4.38,5.33,8.28,97.75,2.47,10.22,5.84,Medium,Medio,83.05,83.05,False,False
23,Male,4.26,7.09,4.98,76.79,3.61,7.47,3.21,High,Medio,64.9,64.9,False,False
24,Female,0.28,5.59,8.7,91.33,1.93,4.92,4.64,Medium,Bajo,92.77,92.77,False,False
21,Female,6.98,8.71,7.31,68.52,4.81,10.87,3.89,Low,Alto,73.72,73.71778697457705,False,True
20,Male,2.2,4.59,8.04,89.31,0.2,4.14,1.94,Medium,Bajo,78.37,78.37,False,False
24,Male,0.13,3.07,5.95,91.41,2.02,4.92,4.79,Medium,Bajo,67.25,67.25,False,False
24,Other,0.61,3.94,6.43,88.66,3.57,3.06,2.45,Medium,Bajo,75.72,75.72,False,False
16,Female,4.64,8.67,6.97,93.99,2.15,9.05,4.41,Medium,Medio,94.37,94.37,False,False
18,Other,1.1,5.48,7.95,76.53,1.3,3.39,2.29,Medium,Bajo,86.31,86.31,False,False
24,Male,0.33,4.19,8.25,81.79,2.07,2.54,2.21,Medium,Bajo,79.34,79.34,False,False
17,Female,3.04,5.9,4.39,60.43,4.41,6.33,3.29,Medium,Medio,60.65,60.65,False,False
19,Male,4.98,2.2,8.52,65.84,2.74,10.06,5.08,Medium,Medio,52.66,52.66,False,False
19,Male,0.89,1.05,8.69,85.77,1.68,4.96,4.07,Medium,Bajo,63.63,63.63,False,False
17,Female,2.51,3.53,6.96,82.49,3.36,3.83,1.32,Medium,Bajo,61.32,61.32,False,False
18,Male,3.34,6.45,4.93,67.89,3.06,8.01,4.67,Medium,Medio,56.48,56.48,False,False
18,Male,1.28,7.41,8.09,69.74,2.8,5.18,3.9,Medium,Bajo,100.0,102.85733247061324,True,True
16,Male,4.05,8.44,6.74,73.76,1.96,8.17,4.12,Medium,Medio,79.09,79.09,False,False
21,Male,0.68,9.34,8.09,88.66,0.36,3.45,2.77,Medium,Bajo,100.0,100.0,False,False
23,Female,0.37,4.71,8.07,84.39,3.1,4.15,3.78,Medium,Bajo,85.76,85.76,False,False
18,Female,4.16,7.66,4.43,62.78,2.1,7.02,2.86,High,Medio,64.23,64.23,False,False
20,Male,1.98,1.67,7.04,90.4,2.14,3.39,1.41,Medium,Bajo,71.86,71.86,False,False
16,Male,0.76,1.52,6.42,70.51,1.17,5.98,5.22,Medium,Bajo,55.71,55.71,False,False
22,Male,3.39,2.12,8.73,86.87,1.25,7.78,4.39,Medium,Medio,66.26,66.26,False,False
16,Female,7.32,5.04,5.48,64.93,3.94,11.67,4.35,Low,Alto,31.17,31.17,False,False
24,Male,5.79,2.9,5.03,99.92,2.4,7.76,1.97,Low,Alto,43.95,43.95173107201608,False,True
23,Female,6.52,3.58,8.49,63.21,0.55,10.84,4.32,Low,Alto,44.2,44.2,False,False
22,Male,6.98,6.83,4.74,89.67,0.23,9.14,2.16,Low,Alto,44.31,44.31,False,False
22,Male,7.78,4.23,7.43,81.65,1.12,12.22,4.44,Low,Alto,41.98,41.98,False,False
20,Female,6.11,6.02,5.5,63.44,2.44,8.78,2.67,Low,Alto,43.21,43.21,False,False
20,Female,4.87,4.71,6.84,61.07,3.09,6.66,1.79,Medium,Medio,56.15,56.15,False,False
20,Male,2.92,2.52,7.08,74.51,0.72,8.45,5.53,Medium,Medio,57.69,57.69,False,False
16,Female,1.45,1.67,6.09,92.09,2.17,2.97,1.52,Medium,Bajo,58.66,58.66,False,False
23,Female,5.49,3.13,8.87,61.65,0.36,10.3,4.81,Low,Alto,53.08,53.08,False,False
16,Female,7.96,1.52,4.66,88.18,0.19,9.47,1.51,Low,Alto,18.9,18.9,False,False
19,Female,3.74,6.57,5.96,86.22,4.32,8.16,4.42,Medium,Medio,70.91,70.91,False,False
24,Female,5.79,8.16,6.15,70.62,3.29,7.34,1.55,Low,Alto,76.32,76.32204055668582,False,True
24,Other,3.96,4.06,7.16,63.1,3.91,7.5,3.54,Medium,Medio,56.51,56.51,False,False
20,Male,3.46,4.48,6.04,96.61,0.91,5.4,1.94,Medium,Medio,71.49,71.49,False,False
19,Female,3.28,8.35,4.49,72.01,1.61,8.61,5.33,High,Medio,83.9,83.9,False,False
18,Male,4.04,3.0,8.74,64.46,2.22,7.05,3.01,Medium,Medio,54.27,54.27,False,False
18,Male,2.94,2.07,6.08,87.26,3.29,4.02,1.08,Medium,Medio,53.53,53.53,False,False
20,Male,5.99,5.51,5.71,68.67,2.67,10.13,4.14,Low,Alto,45.42,45.42,False,False
16,Male,6.99,6.82,6.23,79.03,2.76,10.22,3.23,Low,Alto,50.52,50.52,False,False
20,Female,7.06,6.4,5.08,62.02,0.78,12.36,5.3,Low,Alto,37.15,37.15,False,False
21,Female,1.82,7.42,4.5,99.72,2.37,4.99,3.17,High,Bajo,85.71,85.71,False,False
22,Female,7.17,1.51,4.74,77.9,4.12,10.23,3.06,Low,Alto,17.31,17.31,False,False
24,Male,2.73,4.85,4.83,99.96,2.55,6.0,3.27,Medium,Bajo,78.39,78.39419349277571,False,True
18,Male,2.47,3.15,4.99,75.43,1.0,7.77,5.3,Medium,Bajo,61.35,61.35,False,False
17,Female,5.81,7.83,6.1,73.91,2.07,9.74,3.93,Low,Alto,77.48,77.47747639876994,False,True
18,Male,2.44,8.85,7.12,96.58,3.77,6.79,4.35,Medium,Bajo,100.0,100.0,False,False
24,Female,0.42,3.53,7.14,73.18,0.67,5.02,4.6,Medium,Bajo,65.44,65.44,False,False
22,Female,2.99,1.86,4.0,77.28,2.9,8.68,5.69,Medium,Medio,49.34,49.34,False,False
24,Female,5.77,3.28,8.6,63.12,4.83,10.96,5.19,Low,Alto,36.8,36.8,False,False
17,Female,2.62,1.94,8.11,98.22,1.9,8.26,5.64,Medium,Bajo,63.35,63.35,False,False
20,Female,5.04,3.9,8.82,63.41,0.22,7.76,2.72,Low,Medio,53.44,53.44,False,False
19,Male,5.28,5.84,5.8,90.85,3.17,7.35,2.07,Low,Medio,57.99,57.99,False,False
17,Female,5.87,9.76,7.32,81.54,0.24,7.89,2.02,Low,Alto,85.35,85.34892064554813,False,True
24,Male,7.18,4.59,4.84,62.46,0.96,12.47,5.29,Low,Alto,21.05,21.05,False,False
24,Male,3.46,2.98,8.09,60.07,0.24,8.61,5.15,Medium,Medio,51.76,51.76,False,False
21,Male,1.33,2.5,4.81,97.42,0.85,5.58,4.25,Medium,Bajo,65.14,65.14,False,False
21,Female,2.55,2.56,5.63,89.69,4.27,3.86,1.31,Medium,Bajo,58.17,58.17,False,False
23,Male,3.46,2.73,6.45,87.46,3.67,6.05,2.59,Medium,Medio,52.92,52.92,False,False
21,Male,5.71,7.86,6.97,77.54,1.71,10.38,4.67,Low,Alto,75.35,75.35149360478843,False,True
16,Male,0.1,1.55,6.8,69.54,4.49,2.34,2.24,Medium,Bajo,52.09,52.09,False,False
19,Female,2.53,9.98,4.51,87.19,3.33,6.65,4.12,High,Bajo,100.0,105.88278849745448,True,True
22,Female,6.24,5.7,6.11,84.33,2.24,9.95,3.71,Low,Alto,53.0,53.0,False,False
17,Female,5.37,5.9,8.61,89.05,0.34,7.68,2.31,Low,Medio,73.56,73.56,False,False
24,Female,5.85,4.22,8.36,74.63,3.65,11.52,5.67,Low,Alto,50.14,50.14,False,False
23,Male,6.49,7.21,6.95,99.48,1.88,8.77,2.28,Low,Alto,76.48,76.48063962776587,False,True
23,Male,6.27,5.24,6.86,62.68,1.51,11.74,5.47,Low,Alto,46.19,46.19,False,False
22,Female,5.46,3.96,4.56,63.19,1.44,9.16,3.7,Low,Medio,38.04,38.04,False,False
19,Male,3.52,3.39,5.0,96.68,0.04,4.98,1.46,Medium,Medio,51.7,51.7,False,False
17,Male,7.87,9.33,5.26,85.91,3.71,13.04,5.17,High,Alto,66.86,66.85916312853499,False,True
18,Male,4.55,3.62,6.44,73.05,0.73,9.51,4.96,Medium,Medio,43.86,43.86,False,False
21,Female,1.62,4.93,7.66,90.48,2.6,6.77,5.15,Medium,Bajo,88.2,88.19547453164512,False,True
20,Male,2.34,4.15,6.3,78.11,0.08,6.53,4.19,Medium,Bajo,63.64,63.64,False,False
23,Female,5.55,1.78,4.63,60.84,3.14,10.11,4.56,Low,Alto,17.1,17.1,False,False
21,Male,7.4,2.67,6.2,86.04,1.85,12.94,5.54,Low,Alto,30.37,30.37,False,False
21,Female,1.43,2.71,4.81,69.72,3.15,3.07,1.64,Medium,Bajo,58.15,58.15,False,False
16,Male,0.66,7.24,7.76,64.61,0.45,2.08,1.42,Medium,Bajo,99.12,99.12,False,False
19,Male,7.05,4.66,4.83,69.01,1.33,8.68,1.63,Low,Alto,41.95,41.94590701798832,False,True
20,Male,7.32,8.04,6.41,79.05,0.55,12.67,5.35,Low,Alto,68.83,68.83284538115231,False,True
18,Female,2.21,7.38,7.47,61.99,3.23,6.02,3.81,Medium,Bajo,81.58,81.58381206586522,False,True
24,Male,3.02,2.73,5.14,95.33,0.54,4.9,1.88,Medium,Medio,57.03,57.03,False,False
16,Female,5.28,6.07,4.38,82.4,3.09,6.99,1.71,Low,Medio,60.12,60.12,False,False
21,Female,2.64,7.69,6.82,71.72,0.67,5.87,3.23,Medium,Bajo,89.52,89.52,False,False
21,Female,7.02,6.7,4.27,87.48,4.72,12.1,5.08,Low,Alto,48.07,48.07,False,False
20,Male,0.86,6.4,6.94,92.17,2.08,5.89,5.03,Medium,Bajo,90.98,90.98,False,False
20,Male,0.3,7.66,7.77,84.56,0.63,5.56,5.26,Medium,Bajo,96.19,96.19,False,False
20,Male,1.67,1.51,5.65,68.1,0.21,6.51,4.84,Medium,Bajo,55.9,55.9,False,False
21,Female,2.29,7.58,6.44,64.41,1.65,3.6,1.31,Medium,Bajo,82.66,82.66,False,False
23,Female,0.9,3.45,8.64,94.4,4.46,5.5,4.6,Medium,Bajo,83.43,83.43,False,False
17,Female,0.53,6.15,6.36,69.39,0.72,4.12,3.59,Medium,Bajo,79.45,79.45,False,False
21,Female,6.04,3.18,8.98,60.8,3.95,10.67,4.63,Low,Alto,53.55,53.55,False,False
16,Male,1.31,8.55,4.79,85.72,2.09,4.73,3.42,High,Bajo,99.37,99.37,False,False
19,Male,7.31,5.33,7.54,66.12,4.01,10.73,3.42,Low,Alto,40.55,40.55,False,False
18,Female,2.94,6.79,7.26,99.64,4.37,4.57,1.63,Medium,Medio,83.91,83.91,False,False
24,Male,5.36,8.15,8.36,94.79,4.99,10.89,5.53,Low,Medio,95.8,95.80271171044356,False,True
18,Male,1.8,9.06,4.46,84.34,0.34,4.67,2.87,High,Bajo,100.0,109.96747042038962,True,True
21,Female,1.92,7.59,5.4,93.35,3.98,5.83,3.91,High,Bajo,91.91,91.91,False,False
16,Male,4.6,2.34,4.66,78.82,0.35,6.64,2.04,Medium,Medio,34.34,34.34,False,False
21,Female,4.49,8.69,8.67,91.54,1.57,7.33,2.84,Medium,Medio,100.0,102.47268269250172,True,True
19,Female,6.15,6.57,6.13,85.86,3.23,11.5,5.35,Low,Alto,53.73,53.73,False,False
23,Female,6.06,6.49,8.55,61.15,2.24,8.11,2.05,Low,Alto,60.2,60.2,False,False
24,Male,5.37,9.29,5.47,97.95,2.83,7.4,2.03,High,Medio,94.89,94.89047495646707,False,True
19,Male,3.59,3.24,4.63,94.44,4.83,5.89,2.3,Medium,Medio,47.65,47.65,False,False
21,Female,7.13,3.16,5.48,98.14,4.09,11.0,3.87,Low,Alto,33.9,33.9,False,False
16,Male,4.98,5.62,6.99,89.25,1.82,8.58,3.6,Medium,Medio,60.11,60.11,False,False
19,Male,7.62,7.46,7.92,76.48,3.0,9.8,2.18,Low,Alto,62.6,62.60290459944551,False,True
22,Male,6.55,5.03,5.93,68.28,0.24,11.01,4.46,Low,Alto,42.68,42.68,False,False
16,Male,0.35,6.71,8.57,67.2,2.26,5.89,5.54,Medium,Bajo,94.22,94.22,False,False
23,Male,2.56,5.07,5.22,65.8,3.04,4.55,1.99,Medium,Bajo,59.67,59.67278645960547,False,True
21,Female,4.58,6.49,7.47,68.82,3.57,8.94,4.36,Medium,Medio,55.93,55.93,False,False
20,Male,5.77,8.4,7.68,82.03,4.51,9.7,3.93,Low,Alto,87.94,87.93724714382297,False,True
24,Male,4.4,2.62,5.37,87.35,1.42,7.04,2.64,Medium,Medio,57.99,57.99048686466973,False,True
17,Female,6.29,7.26,4.13,72.56,4.51,10.38,4.09,High,Alto,58.78,58.78210018345473,False,True
20,Other,2.26,8.09,5.83,81.95,3.31,4.31,2.05,High,Bajo,88.51,88.51,False,False
21,Male,1.47,5.02,4.23,73.65,0.39,6.64,5.17,Medium,Bajo,74.96,74.96399576772056,False,True
22,Male,0.43,3.91,8.5,87.86,1.9,1.54,1.11,Medium,Bajo,82.72,82.72,False,False
20,Female,4.59,1.12,8.77,99.54,2.38,8.43,3.84,Medium,Medio,54.92,54.92,False,False
24,Female,5.51,8.17,7.68,87.56,1.76,8.1,2.59,Low,Alto,87.86,87.86319129292771,False,True
16,Female,2.61,3.95,7.63,62.36,0.58,8.02,5.41,Medium,Bajo,66.36,66.36,False,False
22,Female,4.91,4.22,5.2,79.09,2.76,8.41,3.5,Medium,Medio,54.66,54.66,False,False
22,Male,0.42,4.02,4.37,90.82,0.66,5.43,5.01,Medium,Bajo,63.47,63.47,False,False
19,Female,0.79,5.49,8.01,81.69,4.58,6.41,5.62,Medium,Bajo,87.16,87.16,False,False
24,Male,5.61,7.32,6.8,98.04,4.33,8.28,2.67,Low,Alto,77.4,77.39891483509163,False,True
20,Female,2.94,7.95,7.41,62.19,2.38,8.34,5.4,Medium,Medio,83.95,83.95,False,False
19,Female,5.37,4.53,7.9,71.65,0.34,10.0,4.63,Low,Medio,54.88,54.88,False,False
22,Other,6.65,6.97,6.05,68.83,2.76,8.19,1.54,Low,Alto,55.55,55.55284247678888,False,True
19,Male,6.82,7.49,4.72,90.7,2.96,8.34,1.52,High,Alto,61.44,61.441686813838615,False,True
18,Male,1.38,3.67,7.98,80.95,4.44,6.47,5.09,Medium,Bajo,73.45,73.45,False,False
24,Female,3.89,1.87,6.27,65.53,0.34,7.23,3.34,Medium,Medio,42.83,42.83,False,False
23,Female,5.86,9.03,8.11,71.42,3.46,9.35,3.49,Low,Alto,81.58,81.58429059016586,False,True
16,Female,6.19,7.09,6.19,80.91,2.81,11.65,5.46,Low,Alto,78.37,78.37433301332348,False,True
22,Male,6.28,6.83,5.09,99.85,0.87,11.8,5.52,Low,Alto,66.41,66.41104330405358,False,True
24,Male,1.83,1.53,4.86,74.57,0.61,3.39,1.56,Medium,Bajo,55.58,55.58,False,False
23,Female,1.54,8.36,7.72,66.27,3.47,4.41,2.87,Medium,Bajo,100.0,100.0,False,False
23,Male,4.72,6.09,6.87,79.88,1.7,10.2,5.48,Medium,Medio,68.71,68.71,False,False
21,Female,5.93,8.63,6.02,72.41,5.0,11.03,5.1,Low,Alto,75.35,75.34655098184277,False,True
19,Male,2.55,9.77,6.46,82.64,4.47,7.16,4.61,Medium,Bajo,100.0,100.0,False,False
23,Female,0.84,9.61,6.75,78.67,2.83,2.35,1.51,Medium,Bajo,100.0,100.0,False,False
18,Female,5.73,8.7,5.2,87.58,3.21,9.84,4.11,High,Alto,85.21,85.20607497088425,False,True
24,Female,2.4,1.1,5.89,96.57,0.79,6.31,3.91,Medium,Bajo,52.33,52.33,False,False
17,Male,1.33,8.97,5.46,68.02,4.47,3.17,1.84,High,Bajo,96.83,96.83,False,False
17,Female,1.18,1.68,5.94,92.85,2.29,6.05,4.87,Medium,Bajo,62.02,62.02,False,False
22,Male,2.52,8.66,6.5,97.97,2.61,5.08,2.56,Medium,Bajo,100.0,100.0,False,False
19,Female,4.74,3.52,4.87,74.94,4.37,8.84,4.1,Medium,Medio,40.43,40.43,False,False
23,Male,2.87,6.49,5.97,64.55,0.03,5.68,2.81,Medium,Medio,70.39,70.39,False,False
24,Male,0.17,1.34,5.93,92.88,2.47,1.59,1.42,Medium,Bajo,54.22,54.22,False,False
22,Male,0.78,7.94,5.43,88.04,3.13,4.4,3.62,High,Bajo,100.0,104.23075426319204,True,True
20,Male,2.32,2.01,8.99,68.51,0.8,4.85,2.53,Medium,Bajo,61.29,61.29,False,False
23,Other,5.28,4.7,4.37,77.81,0.34,6.64,1.36,Low,Medio,42.36,42.36,False,False
19,Male,0.79,8.36,7.21,83.12,2.67,2.78,1.99,Medium,Bajo,97.34,97.34,False,False
17,Female,4.49,7.26,4.87,66.79,2.74,8.58,4.09,High,Medio,75.73,75.73,False,False
21,Other,0.96,1.05,8.2,88.6,1.65,2.47,1.51,Medium,Bajo,48.72,48.72,False,False
24,Male,1.69,4.63,8.57,87.6,4.41,3.13,1.44,Medium,Bajo,85.15,85.15,False,False
16,Female,1.38,1.38,6.01,95.49,1.51,7.1,5.72,Medium,Bajo,60.31,60.31,False,False
22,Male,0.54,7.06,8.12,82.69,2.58,2.08,1.54,Medium,Bajo,100.0,100.0,False,False
24,Male,5.37,9.72,5.25,82.97,0.93,8.25,2.88,High,Medio,92.41,92.4104295367639,False,True
24,Male,3.71,6.9,4.7,84.78,0.06,5.38,1.67,Medium,Medio,72.25,72.25,False,False
18,Female,6.65,3.02,5.58,70.95,2.13,12.35,5.7,Low,Alto,25.22,25.22,False,False
20,Male,0.79,4.2,5.71,90.34,2.63,4.2,3.41,Medium,Bajo,82.96,82.96,False,False
23,Female,1.16,9.79,5.99,86.5,3.82,2.72,1.56,High,Bajo,100.0,100.0,False,False
23,Female,2.45,3.02,5.86,93.57,2.24,7.29,4.84,Medium,Bajo,58.71,58.71,False,False
19,Female,6.13,6.05,6.06,90.74,1.39,11.03,4.9,Low,Alto,60.93,60.93,False,False
16,Male,2.45,4.6,7.55,85.54,3.02,7.96,5.51,Medium,Bajo,74.56,74.56,False,False
16,Female,3.27,7.91,5.23,66.44,1.91,7.8,4.53,High,Medio,85.62,85.62,False,False
19,Female,2.41,8.81,4.09,96.77,1.17,3.68,1.27,High,Bajo,97.53,97.53,False,False
21,Female,0.64,4.07,6.45,74.69,4.55,4.39,3.75,Medium,Bajo,73.07,73.07,False,False
23,Female,7.52,6.94,6.24,98.57,2.68,10.44,2.92,Low,Alto,53.74,53.74,False,False
21,Female,4.39,5.94,4.3,76.07,1.0,9.13,4.74,Medium,Medio,54.09,54.09,False,False
24,Male,6.3,3.51,4.67,65.84,3.35,10.25,3.95,Low,Alto,32.28,32.28,False,False
24,Male,5.27,3.45,6.55,95.39,4.02,9.9,4.63,Low,Medio,58.58,58.58,False,False
17,Male,4.11,5.85,5.17,91.8,3.79,6.01,1.9,Medium,Medio,65.2,65.2,False,False
16,Male,0.72,2.39,8.39,91.45,3.0,3.91,3.19,Medium,Bajo,76.36,76.36,False,False
17,Male,5.14,8.3,4.87,63.58,2.6,8.3,3.16,High,Medio,73.26,73.26297762971119,False,True
20,Male,1.24,1.62,4.1,95.17,3.89,7.14,5.9,Medium,Bajo,61.36,61.36,False,False
19,Male,3.32,1.85,6.24,83.86,3.54,4.42,1.1,Medium,Medio,45.23,45.23,False,False
19,Other,5.03,4.08,8.93,78.81,2.86,10.11,5.08,Low,Medio,63.5,63.5,False,False
24,Male,6.26,2.06,7.17,96.53,3.29,7.75,1.49,Low,Alto,49.89,49.89,False,False
23,Female,5.48,5.28,5.77,86.64,0.84,6.88,1.4,Low,Alto,55.57,55.57,False,False
21,Female,5.37,4.6,4.08,65.32,0.1,8.01,2.64,Low,Medio,40.9,40.9,False,False
16,Female,1.19,7.5,6.42,80.78,4.66,5.69,4.5,Medium,Bajo,99.21,99.21,False,False
17,Female,2.77,9.58,5.03,85.46,4.68,7.16,4.39,High,Bajo,96.79,96.79,False,False
21,Male,0.34,7.78,7.24,95.94,3.94,4.48,4.14,Medium,Bajo,98.24,98.24,False,False
17,Male,5.76,2.62,6.92,71.2,1.86,10.63,4.87,Low,Alto,47.35,47.35,False,False
20,Male,7.62,9.42,5.33,91.77,0.75,9.78,2.16,High,Alto,70.75,70.75083125593463,False,True
20,Male,2.11,4.53,4.34,91.99,1.79,6.28,4.17,Medium,Bajo,68.73,68.73,False,False
21,Female,0.7,5.27,7.78,65.12,3.63,4.89,4.19,Medium,Bajo,81.55,81.55,False,False
21,Female,3.8,4.79,6.93,60.69,1.68,8.07,4.27,Medium,Medio,64.57,64.57,False,False
21,Male,6.85,3.52,8.21,83.26,3.98,10.82,3.97,Low,Alto,40.57,40.57,False,False
17,Male,4.42,9.06,5.3,91.58,3.37,6.53,2.11,High,Medio,77.91,77.91,False,False
18,Male,0.37,3.99,7.26,82.18,3.15,5.94,5.57,Medium,Bajo,76.6,76.6,False,False
21,Male,7.79,6.21,4.59,92.53,4.65,13.67,5.88,Low,Alto,42.29,42.29,False,False
23,Female,6.63,3.16,5.46,84.89,4.47,11.08,4.45,Low,Alto,30.39,30.39,False,False
16,Male,1.05,8.18,7.28,86.13,3.56,4.27,3.22,Medium,Bajo,100.0,100.0,False,False
16,Female,7.22,7.81,7.97,61.13,1.0,11.06,3.84,Low,Alto,75.4,75.40025136887873,False,True
17,Male,3.61,3.67,5.6,63.54,4.69,5.15,1.54,Medium,Medio,45.13,45.13,False,False
21,Male,2.98,7.13,7.99,89.0,1.14,5.8,2.82,Medium,Medio,96.05,96.05,False,False
24,Female,3.69,7.33,7.39,90.51,1.86,9.57,5.88,Medium,Medio,84.95,84.95,False,False
19,Female,6.68,6.06,5.74,81.69,4.13,10.42,3.74,Low,Alto,51.78,51.78,False,False
18,Other,5.28,6.41,8.38,83.61,1.04,9.08,3.8,Low,Medio,66.99,66.99,False,False
23,Female,0.47,6.17,6.55,84.57,3.19,6.24,5.77,Medium,Bajo,94.71,94.71,False,False
24,Male,7.66,1.74,7.24,64.2,2.29,13.09,5.43,Low,Alto,18.6,18.6,False,False
20,Male,1.18,7.03,6.48,86.72,3.12,5.02,3.84,Medium,Bajo,99.62,99.62,False,False
24,Female,5.96,5.23,6.26,79.14,4.79,8.3,2.34,Low,Alto,44.61,44.61,False,False
17,Female,5.09,4.95,8.24,84.1,4.04,6.67,1.58,Low,Medio,61.17,61.17,False,False
18,Female,1.5,8.74,5.47,82.53,1.48,6.82,5.32,High,Bajo,100.0,100.0,False,False
22,Male,1.37,1.21,4.18,90.52,0.29,6.97,5.6,Medium,Bajo,47.52,47.52,False,False
22,Other,6.96,3.26,8.4,72.74,4.84,10.43,3.47,Low,Alto,35.12,35.12,False,False
21,Male,3.36,2.09,8.13,74.94,2.93,4.83,1.47,Medium,Medio,59.0,59.0,False,False
21,Female,5.24,1.32,5.83,75.66,0.87,9.27,4.03,Low,Medio,26.92,26.92,False,False
17,Female,4.03,3.48,4.93,90.5,3.14,6.87,2.84,Medium,Medio,53.44,53.44,False,False
21,Male,5.79,9.86,7.35,77.24,0.21,7.61,1.82,Low,Alto,88.01,88.01483038128572,False,True
19,Female,3.83,3.43,4.39,67.08,0.94,9.43,5.6,Medium,Medio,46.28,46.28,False,False
18,Male,2.3,6.97,6.12,99.32,3.16,4.5,2.2,Medium,Bajo,83.52,83.52,False,False
17,Other,2.91,2.06,4.43,79.74,2.01,7.47,4.56,Medium,Medio,47.04,47.04,False,False
16,Male,6.87,6.42,6.99,64.37,1.63,10.02,3.15,Low,Alto,60.59,60.59,False,False
20,Female,3.74,9.86,4.14,86.81,3.28,8.88,5.14,High,Medio,84.62,84.62,False,False
17,Male,1.71,3.63,7.15,89.57,4.33,6.21,4.5,Medium,Bajo,74.47,74.47,False,False
17,Female,7.33,8.45,7.22,80.01,3.39,9.1,1.77,Low,Alto,75.6,75.59580932162652,False,True
22,Female,6.37,9.98,6.44,85.86,2.32,9.62,3.25,Low,Alto,93.91,93.90695578050536,False,True
23,Male,0.45,6.3,4.88,66.91,3.29,2.75,2.3,Medium,Bajo,70.94,70.94,False,False
23,Male,7.99,3.78,4.51,74.72,3.48,12.56,4.57,Low,Alto,19.66,19.66,False,False
19,Female,5.56,7.06,5.57,66.47,3.88,9.28,3.72,High,Alto,68.47,68.47404140141421,False,True
16,Male,1.28,8.6,6.33,75.49,1.54,3.98,2.7,Medium,Bajo,100.0,104.23324699780883,True,True
22,Female,1.9,2.54,7.21,82.51,0.57,4.55,2.65,Medium,Bajo,65.24,65.24,False,False
16,Male,5.54,5.07,4.01,77.7,3.41,7.11,1.57,Low,Alto,48.03,48.03,False,False
19,Female,6.24,3.87,7.56,83.73,0.61,8.31,2.07,Low,Alto,42.46,42.46,False,False
23,Male,1.91,3.55,7.56,80.07,2.31,6.48,4.57,Medium,Bajo,68.43,68.43,False,False
17,Male,2.06,8.75,6.22,72.71,1.15,6.11,4.05,Medium,Bajo,89.4,89.4,False,False
21,Male,2.46,4.79,5.72,65.74,1.66,5.24,2.78,Medium,Bajo,67.95,67.95,False,False
21,Male,4.78,4.05,8.21,70.11,2.35,9.96,5.18,Medium,Medio,55.96,55.96,False,False
24,Male,1.37,6.43,7.92,68.03,4.48,4.79,3.42,Medium,Bajo,89.64,89.64,False,False
20,Female,0.83,2.97,8.92,88.3,3.4,5.8,4.97,Medium,Bajo,78.14,78.14,False,False
19,Female,5.43,3.07,5.86,92.8,0.86,10.34,4.91,Low,Medio,46.83,46.83,False,False
20,Female,6.23,5.68,8.53,88.82,4.4,11.47,5.24,Low,Alto,78.58,78.57748494135171,False,True
20,Female,4.01,4.68,4.44,85.75,2.5,9.26,5.25,Medium,Medio,57.26,57.26,False,False
23,Male,2.91,3.65,6.06,72.31,1.02,7.31,4.4,Medium,Medio,67.7,67.7,False,False
23,Female,3.46,1.49,6.33,88.44,2.64,8.21,4.75,Medium,Medio,51.58,51.58,False,False
17,Male,3.11,5.69,6.2,84.2,0.95,7.99,4.88,Medium,Medio,79.15,79.14864479018888,False,True
22,Female,7.63,8.29,7.08,61.88,1.84,9.53,1.9,Low,Alto,66.98,66.9802670376812,False,True
23,Male,6.14,8.66,4.85,96.3,4.03,8.64,2.5,High,Alto,79.52,79.51605957912174,False,True
21,Male,1.66,3.12,8.33,63.2,3.29,3.18,1.52,Medium,Bajo,77.53,77.53,False,False
20,Male,3.07,6.4,6.76,80.11,2.39,5.02,1.95,Medium,Medio,82.4,82.4,False,False
24,Female,4.35,8.7,8.52,80.52,1.13,9.24,4.89,Medium,Medio,92.86,92.86,False,False
18,Male,4.9,4.68,4.01,93.48,1.41,10.64,5.74,Medium,Medio,56.98,56.975445103096256,False,True
19,Female,3.75,9.39,7.15,96.52,4.89,8.12,4.37,Medium,Medio,100.0,100.0,False,False
24,Male,6.48,9.13,6.06,97.59,1.71,11.91,5.43,Low,Alto,77.15,77.15197132714061,False,True
21,Female,6.14,2.87,6.53,82.79,3.08,8.73,2.59,Low,Alto,36.93,36.93,False,False
23,Female,4.04,3.33,7.72,87.16,2.5,9.27,5.23,Medium,Medio,54.87,54.87,False,False
22,Male,6.84,2.62,5.14,63.54,0.12,9.53,2.69,Low,Alto,21.86,21.86,False,False
17,Female,6.01,2.76,5.02,79.52,4.72,11.48,5.47,Low,Alto,35.2,35.2,False,False
18,Female,6.23,9.17,7.52,95.91,0.44,11.22,4.99,Low,Alto,93.03,93.02795549720352,False,True
16,Female,7.44,9.13,6.43,78.23,3.29,13.57,6.13,Low,Alto,77.3,77.30128940217016,False,True
24,Female,2.13,1.47,5.17,62.78,4.06,7.27,5.14,Medium,Bajo,40.69,40.69,False,False
22,Female,2.14,6.34,6.42,68.03,3.74,5.13,2.99,Medium,Bajo,83.87,83.87,False,False
16,Female,7.11,6.08,6.3,77.18,4.05,8.66,1.55,Low,Alto,51.85,51.85,False,False
18,Male,6.18,4.51,7.46,69.5,3.7,11.55,5.37,Low,Alto,41.72,41.72,False,False
19,Female,7.41,6.69,4.01,75.69,2.23,11.27,3.86,Low,Alto,39.82,39.82,False,False
19,Male,0.51,9.53,6.93,73.32,4.48,5.8,5.29,Medium,Bajo,100.0,100.0,False,False
20,Male,5.02,2.53,7.03,72.76,4.56,7.96,2.94,Low,Medio,41.61,41.61,False,False
18,Female,1.16,2.08,7.73,63.65,2.18,2.3,1.14,Medium,Bajo,58.17,58.17,False,False
18,Male,4.03,1.3,8.45,95.31,2.42,5.29,1.26,Medium,Medio,43.74,43.74,False,False
16,Male,1.25,4.27,6.2,87.71,2.43,5.6,4.35,Medium,Bajo,79.8,79.8,False,False
22,Female,1.02,4.04,5.71,84.94,1.39,2.59,1.57,Medium,Bajo,67.04,67.04,False,False
16,Female,0.1,4.88,4.51,84.26,0.57,4.83,4.73,Medium,Bajo,69.92,69.92,False,False
17,Female,5.04,5.53,5.68,75.86,1.31,8.14,3.1,Low,Medio,65.65,65.65029842634154,False,True
19,Female,2.87,7.82,4.34,92.93,4.22,6.69,3.82,High,Medio,84.51,84.51,False,False
19,Female,0.84,4.53,8.01,97.2,2.72,5.85,5.01,Medium,Bajo,91.73,91.725265464681,False,True
20,Male,2.58,3.98,8.04,60.22,4.25,4.85,2.27,Medium,Bajo,70.3,70.3,False,False
17,Male,1.35,8.44,6.09,63.17,3.73,4.41,3.06,Medium,Bajo,98.44,98.44,False,False
19,Female,7.53,8.65,5.3,87.0,1.74,12.18,4.65,High,Alto,70.16,70.16128773159791,False,True
16,Male,2.56,3.09,4.59,69.44,0.93,8.15,5.59,Medium,Bajo,57.15,57.15,False,False
17,Female,2.67,3.83,8.26,96.47,2.84,5.12,2.45,Medium,Bajo,78.67,78.67,False,False
16,Female,6.57,8.24,8.19,86.7,4.68,10.83,4.26,Low,Alto,77.27,77.2746708938854,False,True
19,Male,5.18,1.71,5.33,74.73,4.2,10.94,5.76,Low,Medio,20.16,20.16,False,False
19,Female,5.68,3.93,7.11,76.61,3.82,9.92,4.24,Low,Alto,49.05,49.05,False,False
22,Female,5.09,5.04,5.29,87.64,3.82,10.55,5.46,Low,Medio,52.2,52.2,False,False
24,Male,7.57,2.68,5.13,65.64,2.64,13.27,5.7,Low,Alto,14.74,14.74,False,False
24,Other,1.66,2.62,4.11,95.34,0.85,7.31,5.65,Medium,Bajo,60.3,60.3,False,False
20,Female,7.91,4.82,6.89,60.19,1.43,12.7,4.79,Low,Alto,19.05,19.05,False,False
16,Male,6.65,7.79,4.75,99.16,2.89,10.41,3.76,High,Alto,67.49,67.49452948807517,False,True
16,Female,4.71,8.56,4.06,66.71,1.58,6.19,1.48,High,Medio,61.66,61.66,False,False
21,Female,5.3,9.81,4.52,89.68,3.91,7.41,2.11,High,Medio,87.36,87.36057937284542,False,True
17,Female,5.19,1.67,5.57,61.6,1.87,7.47,2.28,Low,Medio,24.24,24.24,False,False
23,Female,0.47,2.95,7.35,77.26,0.57,1.64,1.17,Medium,Bajo,69.95,69.95,False,False
24,Female,1.74,7.81,5.01,85.21,3.91,3.25,1.51,High,Bajo,94.37,94.37,False,False
19,Male,7.69,5.87,8.44,62.81,3.49,10.16,2.47,Low,Alto,47.48,47.48,False,False
20,Female,4.27,3.95,5.44,77.73,1.27,5.72,1.45,Medium,Medio,39.14,39.14,False,False
23,Female,3.03,2.85,5.66,72.13,4.91,4.88,1.85,Medium,Medio,57.94,57.94,False,False
18,Male,6.1,3.52,5.09,79.93,2.02,7.37,1.27,Low,Alto,27.17,27.17,False,False
20,Male,4.2,4.86,5.27,80.18,3.4,7.28,3.08,Medium,Medio,57.01,57.01,False,False
18,Other,0.11,2.59,4.37,91.41,4.55,5.22,5.11,Medium,Bajo,56.23,56.23,False,False
18,Female,5.89,9.68,5.47,64.94,0.78,10.95,5.06,High,Alto,80.61,80.6085841346127,False,True
18,Female,5.86,1.97,8.3,63.31,4.4,11.38,5.52,Low,Alto,26.49,26.49,False,False
22,Female,1.32,9.87,7.44,76.08,3.52,6.05,4.73,Medium,Bajo,100.0,108.65529166457137,True,True
22,Female,7.15,8.02,7.83,95.5,0.84,9.87,2.72,Low,Alto,77.66,77.66253608932311,False,True
22,Female,1.79,4.81,4.52,94.21,3.32,6.3,4.51,Medium,Bajo,77.92,77.92,False,False
23,Female,3.66,7.66,6.28,82.4,4.37,8.43,4.77,Medium,Medio,84.23,84.23380926096776,False,True
20,Male,0.92,7.04,5.15,95.55,4.0,4.64,3.72,High,Bajo,98.04,98.04,False,False
20,Female,4.83,2.92,7.61,92.21,3.8,9.87,5.04,Medium,Medio,47.53,47.53,False,False
19,Female,3.0,4.05,8.85,71.12,0.81,4.36,1.36,Medium,Medio,57.49,57.49,False,False
22,Female,2.83,5.62,8.08,66.8,0.95,6.8,3.97,Medium,Medio,83.37,83.37,False,False
19,Female,6.62,6.74,4.18,72.05,2.74,10.02,3.4,Low,Alto,38.83,38.83,False,False
17,Female,0.08,5.89,5.58,69.08,2.9,5.11,5.03,Medium,Bajo,77.99,77.99,False,False
19,Male,6.38,5.26,4.14,84.91,4.72,8.02,1.64,Low,Alto,49.15,49.15,False,False
23,Male,4.57,4.99,4.2,83.4,2.34,6.63,2.06,Medium,Medio,59.34,59.34114857997725,False,True
24,Male,7.89,5.48,4.4,83.94,1.51,11.68,3.79,Low,Alto,40.12,40.11691373894256,False,True
18,Male,4.72,4.91,5.38,67.57,0.95,10.46,5.74,Medium,Medio,54.82,54.82,False,False
22,Other,0.44,5.87,5.52,91.67,0.27,1.86,1.42,Medium,Bajo,84.37,84.37,False,False
24,Male,0.41,8.99,6.0,77.35,0.34,5.13,4.72,Medium,Bajo,100.0,100.0,False,False
19,Male,7.07,6.7,6.02,78.9,2.87,9.1,2.03,Low,Alto,53.88,53.88,False,False
18,Female,6.73,7.5,7.86,99.88,0.88,8.26,1.53,Low,Alto,76.0,75.9995902669371,False,True
20,Female,2.77,6.38,4.71,71.29,4.26,5.74,2.97,Medium,Bajo,72.95,72.95,False,False
16,Male,4.94,6.79,4.79,75.77,2.98,8.86,3.92,Medium,Medio,60.5,60.5,False,False
18,Female,3.92,6.21,7.13,87.06,4.32,9.06,5.14,Medium,Medio,76.23,76.23,False,False
23,Female,7.74,1.24,6.86,95.22,2.14,11.91,4.17,Low,Alto,22.04,22.04,False,False
23,Male,7.6,10.0,4.77,65.07,2.98,11.06,3.46,High,Alto,75.02,75.02480268624527,False,True
19,Male,7.87,1.3,8.26,89.4,2.63,10.3,2.43,Low,Alto,18.69,18.69,False,False
17,Female,6.93,4.56,5.65,96.73,4.93,9.39,2.46,Low,Alto,49.02,49.02,False,False
23,Female,7.28,1.95,5.83,76.92,3.98,12.13,4.85,Low,Alto,25.03,25.03,False,False
23,Female,1.74,1.87,6.1,71.47,2.98,3.31,1.57,Medium,Bajo,54.31,54.31,False,False
19,Male,6.65,8.14,5.61,87.11,3.03,8.38,1.73,High,Alto,83.54,83.53725521458709,False,True
18,Male,5.67,4.83,6.79,69.84,1.24,10.27,4.6,Low,Alto,49.22,49.22,False,False
17,Female,7.7,8.21,5.94,75.37,3.67,13.51,5.81,High,Alto,66.0,66.00177190899166,False,True
24,Male,4.57,3.46,5.3,95.88,4.91,6.17,1.6,Medium,Medio,48.88,48.88,False,False
16,Male,0.68,3.31,8.52,83.61,0.65,4.73,4.05,Medium,Bajo,82.0,82.0,False,False
22,Female,4.78,3.26,5.54,63.8,3.19,6.98,2.2,Medium,Medio,37.73,37.73,False,False
20,Male,5.49,6.55,7.49,73.19,2.59,6.62,1.13,Low,Alto,66.29,66.29,False,False
23,Female,1.76,8.33,5.74,85.09,4.25,6.92,5.16,High,Bajo,85.7,85.7,False,False
19,Female,3.15,5.07,6.18,79.26,0.0,6.69,3.54,Medium,Medio,65.38,65.38,False,False
22,Male,4.79,4.41,5.18,86.41,0.68,5.91,1.12,Medium,Medio,49.31,49.31,False,False
20,Female,2.99,9.76,7.76,90.46,0.19,8.47,5.48,Medium,Medio,96.94,96.94,False,False
20,Male,3.0,2.05,7.69,79.22,0.81,6.68,3.68,Medium,Medio,60.28,60.28,False,False
24,Female,1.06,5.38,4.11,99.48,3.54,5.75,4.69,Medium,Bajo,79.45,79.45,False,False
24,Male,7.53,4.68,4.3,96.59,0.7,10.65,3.12,Low,Alto,23.84,23.84,False,False
24,Male,6.0,1.88,8.61,62.4,3.11,7.92,1.92,Low,Alto,38.05,38.05,False,False
21,Female,0.01,3.41,8.44,70.66,4.34,3.34,3.33,Medium,Bajo,80.86,80.86,False,False
21,Male,6.12,1.26,6.53,72.02,0.17,8.56,2.44,Low,Alto,24.33,24.33,False,False
20,Female,5.92,8.89,6.47,67.37,0.13,8.4,2.48,Low,Alto,72.1,72.09936997169508,False,True
24,Male,0.08,6.47,8.06,72.48,4.95,4.3,4.22,Medium,Bajo,83.34,83.34,False,False
23,Male,2.96,8.34,4.69,76.99,3.37,4.43,1.47,High,Medio,75.59,75.59,False,False
22,Female,4.85,5.69,7.27,62.06,0.7,7.84,2.99,Medium,Medio,56.33,56.33,False,False
22,Male,3.62,6.4,6.38,65.09,1.53,7.35,3.73,Medium,Medio,78.22,78.22,False,False
21,Male,6.22,7.31,7.72,63.85,4.93,10.77,4.55,Low,Alto,67.55,67.55371856459062,False,True
20,Female,3.4,9.17,4.15,61.85,1.14,7.56,4.16,High,Medio,71.27,71.27,False,False
19,Female,1.23,1.83,6.96,79.26,3.76,6.66,5.43,Medium,Bajo,61.79,61.79,False,False
18,Female,7.81,3.98,6.78,73.35,1.21,13.77,5.96,Low,Alto,34.71,34.71,False,False
18,Other,1.94,7.38,8.2,97.42,1.99,7.63,5.69,Medium,Bajo,100.0,100.0,False,False
21,Male,5.74,9.63,7.38,64.11,4.4,10.56,4.82,Low,Alto,93.11,93.10530198866468,False,True
19,Female,1.15,9.83,8.4,97.04,0.14,5.58,4.43,Medium,Bajo,100.0,100.0,False,False
21,Male,2.63,6.74,8.44,63.46,1.54,3.81,1.18,Medium,Bajo,84.73,84.73,False,False
18,Female,3.54,2.74,6.04,84.77,2.44,7.21,3.67,Medium,Medio,53.49,53.49,False,False
19,Male,1.54,2.07,4.69,69.91,3.13,5.86,4.32,Medium,Bajo,52.36,52.36,False,False
24,Other,3.6,9.51,7.15,93.07,0.14,6.66,3.06,Medium,Medio,100.0,100.0,False,False
20,Female,1.26,4.91,8.37,62.46,2.05,4.18,2.92,Medium,Bajo,82.35,82.35,False,False
22,Female,4.47,2.75,4.37,98.1,1.72,8.18,3.71,Medium,Medio,46.93,46.92642435697705,False,True
17,Female,5.31,9.41,6.79,61.89,0.13,10.84,5.53,Low,Medio,82.68,82.68381259990215,False,True
20,Female,0.5,1.94,4.57,69.64,1.78,2.8,2.3,Medium,Bajo,51.76,51.76,False,False
24,Female,6.97,7.57,4.13,78.57,4.66,9.97,3.0,High,Alto,51.93,51.9348063537041,False,True
18,Male,1.48,6.63,7.4,90.24,1.37,5.75,4.27,Medium,Bajo,99.96,99.96,False,False
24,Male,1.8,1.79,7.41,98.04,2.93,3.73,1.93,Medium,Bajo,74.11,74.11,False,False
21,Male,5.29,4.05,7.0,77.12,1.49,10.46,5.17,Low,Medio,52.81,52.81,False,False
19,Male,3.75,2.35,8.3,90.29,0.53,8.08,4.33,Medium,Medio,62.49,62.48533170339324,False,True
22,Female,4.0,6.44,4.4,89.09,1.45,6.76,2.76,Medium,Medio,67.45,67.45,False,False
23,Female,1.03,5.29,4.53,82.85,2.35,5.64,4.61,Medium,Bajo,78.39,78.39,False,False
21,Female,6.45,1.04,8.32,87.64,1.48,8.85,2.4,Low,Alto,34.05,34.05,False,False
20,Other,4.94,9.78,6.52,61.52,3.12,9.81,4.87,Medium,Medio,88.71,88.71,False,False
21,Female,1.08,4.15,5.37,77.66,4.75,2.43,1.35,Medium,Bajo,66.64,66.64,False,False
20,Male,2.99,3.32,7.69,91.43,0.35,6.12,3.13,Medium,Medio,68.8,68.8,False,False
23,Male,6.48,3.0,8.47,78.97,3.59,8.79,2.31,Low,Alto,40.58,40.58,False,False
16,Male,4.55,2.43,7.45,94.94,0.01,9.63,5.08,Medium,Medio,47.22,47.22,False,False
22,Male,0.87,9.99,7.96,93.35,0.01,5.63,4.76,Medium,Bajo,100.0,100.0,False,False
17,Female,2.98,3.66,5.41,94.54,0.66,8.19,5.21,Medium,Medio,66.06,66.06,False,False
24,Female,1.94,4.65,5.44,65.2,2.4,6.2,4.26,Medium,Bajo,61.8,61.8,False,False
16,Female,4.14,8.84,8.32,69.77,0.24,9.12,4.98,Medium,Medio,91.9,91.9,False,False
21,Female,6.75,6.78,7.07,61.18,3.61,9.94,3.19,Low,Alto,61.64,61.64389116766091,False,True
24,Female,3.49,4.32,5.17,99.31,0.15,7.88,4.39,Medium,Medio,59.06,59.06,False,False
16,Male,3.47,9.08,6.62,69.45,2.48,4.63,1.16,Medium,Medio,93.05,93.05,False,False
19,Female,7.24,7.75,7.43,74.68,3.38,12.64,5.4,Low,Alto,63.25,63.25143196437893,False,True
19,Male,4.61,3.05,5.09,71.0,1.19,9.03,4.42,Medium,Medio,37.42,37.42,False,False
24,Male,4.53,6.79,7.27,61.59,2.9,9.86,5.33,Medium,Medio,63.56,63.56,False,False
20,Male,2.1,9.3,4.21,70.45,1.31,6.95,4.85,High,Bajo,91.51,91.51,False,False
20,Female,4.86,5.47,5.52,63.93,1.07,7.29,2.43,Medium,Medio,58.57,58.57,False,False
21,Male,4.61,7.6,7.37,75.77,4.09,6.97,2.36,Medium,Medio,79.26,79.26,False,False
16,Male,3.17,9.74,4.75,98.67,1.66,8.17,5.0,High,Medio,100.0,100.0,False,False
16,Female,7.93,7.21,5.11,87.93,4.07,9.85,1.92,High,Alto,54.05,54.05198013821811,False,True
24,Female,7.06,1.92,8.4,88.28,1.08,8.61,1.55,Low,Alto,37.25,37.25,False,False
18,Male,6.0,3.2,7.37,78.13,1.78,7.08,1.08,Low,Alto,47.76,47.76,False,False
19,Male,4.3,6.36,6.49,92.45,0.51,6.79,2.49,Medium,Medio,70.66,70.66,False,False
16,Female,3.7,3.48,5.05,96.33,2.48,5.2,1.5,Medium,Medio,57.79,57.79,False,False
24,Male,1.48,9.62,5.71,98.46,1.91,6.49,5.01,High,Bajo,100.0,100.0,False,False
23,Female,2.45,4.65,6.87,63.96,0.03,5.87,3.42,Medium,Bajo,60.31,60.31,False,False
17,Female,6.19,5.12,4.78,95.19,2.32,8.45,2.26,Low,Alto,53.06,53.06,False,False
23,Male,3.63,7.31,6.41,69.0,0.37,7.64,4.01,Medium,Medio,72.12,72.12,False,False
22,Male,7.06,5.72,6.04,75.89,4.18,8.41,1.35,Low,Alto,53.6,53.59991660669596,False,True
21,Male,1.18,4.44,6.38,73.82,2.47,5.81,4.63,Medium,Bajo,84.9,84.9,False,False
16,Male,4.07,1.69,4.53,87.01,3.45,7.58,3.51,Medium,Medio,28.89,28.89,False,False
22,Male,5.18,6.37,4.53,83.92,4.11,6.21,1.03,Low,Medio,61.19,61.19,False,False
22,Female,4.13,8.81,8.82,64.36,0.26,6.73,2.6,Medium,Medio,90.55,90.55,False,False
24,Male,7.05,7.11,8.83,91.31,1.69,11.86,4.81,Low,Alto,79.14,79.14089727608169,False,True
16,Female,7.92,4.43,6.13,77.59,0.13,9.86,1.94,Low,Alto,30.1,30.1,False,False
17,Female,0.93,2.15,7.94,60.09,0.25,6.74,5.81,Medium,Bajo,60.98,60.98,False,False
24,Male,1.04,8.35,7.28,76.58,0.19,6.52,5.48,Medium,Bajo,100.0,100.0,False,False
24,Male,1.04,9.48,4.58,80.65,2.39,5.93,4.89,High,Bajo,97.02,97.02,False,False
21,Male,5.45,4.49,5.48,62.75,2.25,6.84,1.39,Low,Medio,44.75,44.75,False,False
21,Male,2.98,7.56,5.57,66.05,0.31,5.75,2.77,High,Medio,71.53,71.53,False,False
19,Female,5.87,4.7,6.98,99.74,1.31,8.36,2.49,Low,Alto,68.12,68.12,False,False
19,Male,3.24,5.52,6.9,94.85,1.22,4.93,1.69,Medium,Medio,76.99,76.99,False,False
20,Female,5.02,8.53,8.62,65.33,1.48,11.02,6.0,Low,Medio,93.6,93.60329764135054,False,True
18,Male,6.16,1.75,7.95,83.21,3.2,7.9,1.74,Low,Alto,45.54,45.54,False,False
16,Male,4.39,5.77,8.28,75.17,3.49,6.97,2.58,Medium,Medio,68.02,68.02,False,False
16,Female,4.32,2.93,8.46,81.75,1.7,9.72,5.4,Medium,Medio,57.93,57.93,False,False
22,Female,0.71,4.06,8.01,78.82,3.94,2.43,1.72,Medium,Bajo,71.8,71.8,False,False
16,Male,3.29,6.8,5.66,61.93,2.09,6.64,3.35,Medium,Medio,65.23,65.23,False,False
16,Male,4.37,1.25,5.08,72.62,2.61,10.25,5.88,Medium,Medio,24.22,24.22,False,False
18,Female,3.7,6.34,6.86,65.02,0.73,5.94,2.24,Medium,Medio,74.74,74.74,False,False
19,Male,7.21,3.55,7.45,79.56,1.16,11.73,4.52,Low,Alto,39.1,39.1,False,False
19,Male,7.25,7.03,5.93,96.29,3.64,8.65,1.4,High,Alto,63.54,63.53797789507355,False,True
17,Female,6.58,2.27,8.24,99.82,4.89,10.58,4.0,Low,Alto,47.81,47.80597370780488,False,True
16,Female,3.0,7.62,8.8,97.77,3.52,5.7,2.7,Medium,Medio,100.0,100.0,False,False
18,Female,5.74,6.81,6.85,99.43,0.27,10.24,4.5,Low,Alto,70.56,70.56,False,False
19,Female,3.16,9.74,6.28,60.61,0.71,6.32,3.16,Medium,Medio,86.17,86.17,False,False
18,Female,1.86,9.2,8.21,89.18,2.23,4.35,2.49,Medium,Bajo,100.0,100.0,False,False
23,Female,2.74,3.55,4.12,70.92,3.66,6.47,3.73,Medium,Bajo,49.28,49.28,False,False
16,Female,0.57,1.25,4.65,94.62,0.83,2.27,1.7,Medium,Bajo,57.01,57.01,False,False
17,Female,2.65,6.9,8.23,92.55,3.75,7.72,5.07,Medium,Bajo,93.82,93.82,False,False
22,Female,3.69,6.43,7.66,76.95,2.78,8.44,4.75,Medium,Medio,88.52,88.52,False,False
19,Male,7.64,1.25,6.08,78.93,3.87,11.36,3.72,Low,Alto,20.31,20.314128200718496,False,True
23,Male,2.51,2.1,8.44,70.6,2.79,5.35,2.84,Medium,Bajo,49.54,49.54,False,False
18,Female,7.22,6.26,5.76,71.55,3.01,12.8,5.58,Low,Alto,42.13,42.13,False,False
21,Female,1.83,9.21,7.17,99.25,1.24,6.0,4.17,Medium,Bajo,100.0,100.0,False,False
24,Male,1.53,9.16,7.17,95.55,3.6,3.95,2.42,Medium,Bajo,100.0,100.0,False,False
16,Female,4.15,2.36,4.92,67.67,4.22,9.18,5.03,Medium,Medio,41.28,41.28,False,False
16,Male,5.38,4.46,5.42,71.02,4.36,9.56,4.18,Low,Medio,41.88,41.88,False,False
23,Female,0.35,1.39,8.58,64.35,0.15,1.99,1.64,Medium,Bajo,69.37,69.37,False,False
18,Female,1.77,5.22,4.92,99.55,3.12,3.34,1.57,Medium,Bajo,85.98,85.98,False,False
20,Female,3.65,7.78,4.87,96.29,4.95,9.34,5.69,High,Medio,87.17,87.17414670150777,False,True
16,Male,2.65,8.11,6.4,82.08,2.93,5.09,2.44,Medium,Bajo,94.02,94.02227168023448,False,True
20,Female,5.7,5.49,4.46,87.72,0.86,10.02,4.32,Low,Alto,59.52,59.52,False,False
21,Male,4.09,1.86,8.47,89.92,4.39,5.27,1.18,Medium,Medio,59.12,59.12,False,False
23,Male,1.28,4.43,4.5,68.15,1.32,5.06,3.78,Medium,Bajo,64.67,64.67,False,False
18,Male,6.97,9.14,6.89,97.39,0.23,9.32,2.35,Low,Alto,97.24,97.24063262016568,False,True
18,Female,2.34,3.07,5.7,81.07,2.15,4.04,1.7,Medium,Bajo,59.48,59.48,False,False
24,Male,5.85,3.88,8.02,63.7,0.5,10.72,4.87,Low,Alto,53.72,53.72,False,False
19,Male,6.24,7.72,6.95,75.88,0.58,11.29,5.05,Low,Alto,80.03,80.03428674659627,False,True
19,Female,7.71,7.6,5.94,84.07,2.32,12.29,4.58,High,Alto,63.08,63.08043137291654,False,True
22,Female,3.99,9.21,8.92,74.11,3.06,5.05,1.06,Medium,Medio,100.0,100.0,False,False
17,Female,4.93,4.49,4.33,87.97,4.53,7.35,2.42,Medium,Medio,45.41,45.41,False,False
23,Female,2.68,5.63,6.89,95.28,3.53,5.48,2.8,Medium,Bajo,79.88,79.88,False,False
21,Male,5.43,5.21,8.95,90.88,4.21,9.88,4.45,Low,Medio,55.33,55.33,False,False
18,Female,3.71,9.35,7.45,85.71,2.06,8.49,4.78,Medium,Medio,99.38,99.38,False,False
24,Female,3.5,7.92,7.7,80.49,1.59,7.64,4.14,Medium,Medio,95.14,95.14,False,False
20,Male,6.84,8.48,4.16,70.18,2.96,11.79,4.95,High,Alto,66.94,66.94014593031294,False,True
23,Male,0.4,2.2,4.11,78.2,3.48,3.54,3.14,Medium,Bajo,54.83,54.83,False,False
22,Male,7.06,8.13,4.18,71.72,2.84,10.77,3.71,High,Alto,62.53,62.53034844502769,False,True
23,Male,6.82,4.9,8.96,97.36,1.32,8.14,1.32,Low,Alto,51.28,51.28,False,False
22,Female,4.05,1.21,8.9,96.29,1.85,7.19,3.14,Medium,Medio,59.01,59.0114673678463,False,True
18,Female,3.92,1.54,5.67,66.23,2.24,7.08,3.16,Medium,Medio,33.39,33.39,False,False
17,Female,2.89,7.1,5.45,92.9,0.07,6.95,4.06,High,Medio,83.08,83.08,False,False
22,Female,7.95,4.35,4.73,88.12,4.4,10.84,2.89,Low,Alto,25.1,25.1,False,False
18,Male,0.89,8.81,5.65,99.01,2.56,3.08,2.19,High,Bajo,100.0,100.0,False,False
18,Female,4.72,7.61,5.85,78.53,3.76,6.91,2.19,High,Medio,76.72,76.71791630980724,False,True
17,Male,5.45,1.2,7.74,88.89,0.86,7.12,1.67,Low,Medio,38.73,38.73,False,False
19,Other,7.47,7.18,8.33,80.72,2.78,11.98,4.51,Low,Alto,66.61,66.60994630451712,False,True
23,Male,6.24,2.73,7.73,62.78,4.63,10.35,4.11,Low,Alto,34.7,34.7,False,False
16,Female,5.15,4.8,7.23,61.87,1.07,9.05,3.9,Low,Medio,50.23,50.23,False,False
16,Male,0.93,6.62,7.83,64.88,1.73,4.59,3.66,Medium,Bajo,88.97,88.97,False,False
20,Male,2.99,8.85,7.69,71.85,1.94,5.83,2.84,Medium,Medio,97.7,97.7,False,False
20,Male,1.11,5.1,6.38,70.36,1.92,5.95,4.84,Medium,Bajo,84.38,84.38,False,False
16,Female,7.05,8.28,5.68,89.13,3.0,12.66,5.61,High,Alto,61.72,61.71950673844011,False,True
21,Female,6.0,8.05,5.41,88.64,1.97,9.2,3.2,High,Alto,79.14,79.13522099928684,False,True
16,Male,6.06,4.73,7.4,98.86,3.37,9.11,3.05,Low,Alto,54.43,54.43,False,False
20,Female,5.22,5.51,8.8,72.42,2.42,7.03,1.81,Low,Medio,71.92,71.92,False,False
24,Female,4.06,7.3,6.91,97.54,0.79,8.41,4.35,Medium,Medio,89.0,89.0,False,False
20,Female,1.2,1.28,8.56,84.51,4.74,4.99,3.79,Medium,Bajo,74.27,74.27,False,False
21,Female,2.64,9.02,4.07,79.81,1.2,8.58,5.94,High,Bajo,90.94,90.93566706341672,False,True
23,Male,1.1,7.93,7.97,86.71,2.81,5.02,3.92,Medium,Bajo,100.0,100.0,False,False
16,Male,5.8,3.24,8.27,88.11,0.3,8.24,2.44,Low,Alto,57.37,57.37,False,False
17,Female,1.28,9.83,7.15,66.88,4.59,5.09,3.81,Medium,Bajo,100.0,100.0,False,False
24,Female,5.62,2.61,8.67,90.07,4.64,11.54,5.92,Low,Alto,40.7,40.7,False,False
18,Other,5.54,9.23,6.95,89.01,1.82,10.16,4.62,Low,Alto,96.91,96.9112046824434,False,True
21,Female,3.67,3.92,5.2,99.9,0.6,5.31,1.64,Medium,Medio,62.0,62.0,False,False
20,Male,1.08,7.87,5.08,96.48,3.85,3.8,2.72,High,Bajo,99.9,99.9,False,False
17,Female,2.52,5.11,6.78,87.39,1.31,5.01,2.49,Medium,Bajo,77.95,77.9548155461802,False,True
22,Male,2.56,7.63,8.53,88.49,3.5,7.84,5.28,Medium,Bajo,100.0,100.0,False,False
19,Other,5.6,2.4,4.36,97.84,4.58,9.66,4.06,Low,Alto,32.39,32.39,False,False
16,Male,0.91,3.43,7.02,98.69,2.95,5.96,5.05,Medium,Bajo,74.21,74.21,False,False
19,Female,6.63,1.9,7.85,93.08,4.31,8.51,1.88,Low,Alto,25.9,25.9,False,False
21,Female,6.09,8.79,4.58,90.7,1.12,11.63,5.54,High,Alto,78.09,78.08514057166538,False,True
22,Male,1.49,3.67,4.58,64.45,4.55,2.78,1.29,Medium,Bajo,56.08,56.08,False,False
22,Male,5.75,7.25,5.83,93.21,1.13,8.62,2.87,High,Alto,66.79,66.78765430391987,False,True
22,Female,5.35,8.38,5.37,70.13,1.13,6.42,1.07,High,Medio,85.38,85.37809269072731,False,True
18,Female,5.98,9.11,4.99,82.55,4.4,7.9,1.92,High,Alto,78.68,78.68364110012325,False,True
21,Male,1.51,1.96,4.99,76.21,2.77,7.32,5.81,Medium,Bajo,48.74,48.74,False,False
23,Female,1.26,9.04,4.65,73.82,4.0,2.65,1.39,High,Bajo,99.38,99.38360270900402,False,True
19,Female,1.89,2.78,7.05,72.41,4.01,3.62,1.73,Medium,Bajo,63.5,63.5,False,False
23,Male,2.93,7.63,7.44,94.22,3.23,8.55,5.62,Medium,Medio,90.79,90.79,False,False
17,Male,6.35,7.56,7.51,90.77,0.95,10.9,4.55,Low,Alto,87.01,87.00756780001232,False,True
24,Female,5.9,1.08,6.66,80.94,3.46,8.93,3.03,Low,Alto,27.39,27.39,False,False
24,Female,7.4,2.99,8.76,86.58,0.32,8.74,1.34,Low,Alto,46.14,46.14188630185993,False,True
23,Female,0.47,5.43,8.4,99.38,1.0,5.4,4.93,Medium,Bajo,94.03,94.03,False,False
16,Female,0.09,4.78,8.79,75.9,3.21,3.55,3.46,Medium,Bajo,92.37,92.37,False,False
17,Male,5.59,9.27,5.94,82.04,4.54,8.21,2.62,High,Alto,89.97,89.96769705757842,False,True
21,Male,2.23,4.24,8.39,81.34,3.86,5.03,2.8,Medium,Bajo,76.07,76.07,False,False
20,Male,2.67,9.43,7.81,97.44,1.66,6.2,3.53,Medium,Bajo,100.0,105.14667541492985,True,True
24,Male,4.37,5.13,5.7,74.06,4.12,8.13,3.76,Medium,Medio,56.98,56.98,False,False
20,Female,0.82,9.68,4.53,99.45,4.83,5.91,5.09,High,Bajo,89.0,89.0,False,False
17,Female,5.14,7.64,7.41,72.19,1.66,10.0,4.86,Low,Medio,82.55,82.55311514715149,False,True
19,Male,2.6,8.46,4.68,64.36,0.93,7.44,4.84,High,Bajo,73.61,73.61,False,False
24,Male,5.06,1.94,5.47,67.65,0.99,9.71,4.65,Low,Medio,37.92,37.9178745931105,False,True
16,Female,6.67,6.28,6.5,77.05,2.0,11.46,4.79,Low,Alto,54.7,54.7,False,False
16,Female,1.37,2.28,7.4,85.99,0.26,5.76,4.39,Medium,Bajo,68.02,68.02,False,False
22,Female,7.45,3.68,8.63,80.67,2.44,12.79,5.34,Low,Alto,37.94,37.94,False,False
18,Female,4.25,6.61,6.97,75.05,3.66,8.04,3.79,Medium,Medio,73.82,73.82,False,False
17,Female,7.38,7.54,7.36,82.48,2.65,10.98,3.6,Low,Alto,70.56,70.56322342034841,False,True
24,Female,1.66,1.35,5.55,93.55,4.85,6.17,4.51,Medium,Bajo,63.71,63.71,False,False
18,Male,4.84,5.78,7.44,93.56,2.31,6.67,1.83,Medium,Medio,75.08,75.08,False,False
17,Male,3.23,6.09,6.19,89.05,0.07,8.11,4.88,Medium,Medio,79.24,79.24,False,False
23,Male,6.19,1.71,8.28,98.1,2.35,11.87,5.68,Low,Alto,38.86,38.86,False,False
21,Female,4.85,5.51,5.96,83.61,4.65,7.33,2.48,Medium,Medio,63.49,63.49,False,False
21,Female,3.96,7.42,6.34,60.31,0.48,8.02,4.06,Medium,Medio,68.5,68.5,False,False
22,Female,7.3,1.48,6.16,71.64,1.11,8.46,1.16,Low,Alto,15.13,15.13,False,False
22,Male,3.02,7.84,8.06,73.13,3.58,7.85,4.83,Medium,Medio,77.54,77.54,False,False
21,Male,1.76,6.19,8.77,81.89,1.47,5.56,3.8,Medium,Bajo,100.0,100.0,False,False
19,Male,4.86,8.5,5.64,96.2,3.83,9.23,4.37,High,Medio,89.63,89.63,False,False
24,Male,4.99,2.96,6.38,93.52,2.1,6.7,1.71,Medium,Medio,50.17,50.17,False,False
21,Female,3.51,8.5,7.53,69.29,3.98,8.56,5.05,Medium,Medio,80.85,80.85,False,False
19,Female,3.89,1.85,8.48,80.78,2.76,6.17,2.28,Medium,Medio,52.82,52.82,False,False
18,Other,7.68,4.63,6.47,86.37,0.41,12.1,4.42,Low,Alto,37.36,37.36,False,False
19,Female,5.86,2.8,4.54,99.5,1.93,9.83,3.97,Low,Alto,36.52,36.52,False,False
18,Female,0.88,8.88,5.84,61.25,1.67,5.15,4.27,High,Bajo,100.0,100.0,False,False
17,Female,1.7,7.34,6.75,78.56,4.05,2.95,1.25,Medium,Bajo,93.95,93.95,False,False
20,Male,7.8,1.23,6.09,99.52,3.12,12.51,4.71,Low,Alto,15.14,15.14,False,False
17,Female,5.81,1.09,4.93,99.09,3.89,10.79,4.98,Low,Alto,28.79,28.79,False,False
21,Female,7.32,3.62,4.18,73.23,1.86,10.69,3.37,Low,Alto,20.09,20.09,False,False
18,Female,2.43,2.29,7.44,60.0,3.46,5.47,3.04,Medium,Bajo,58.58,58.58374600269016,False,True
21,Male,5.93,6.67,8.96,83.47,0.33,8.64,2.71,Low,Alto,63.21,63.21,False,False
24,Male,5.71,6.97,8.6,94.68,0.18,11.35,5.64,Low,Alto,81.0,81.0,False,False
16,Male,2.36,9.48,7.42,72.97,1.44,7.14,4.78,Medium,Bajo,96.88,96.88,False,False
21,Female,4.41,9.57,8.21,97.37,3.87,8.9,4.49,Medium,Medio,95.92,95.92,False,False
24,Male,5.02,6.93,5.28,73.31,2.67,10.65,5.63,Low,Medio,58.14,58.14,False,False
19,Female,3.85,1.05,7.11,84.41,2.04,6.59,2.74,Medium,Medio,37.64,37.64,False,False
17,Female,6.62,4.23,4.3,88.88,4.48,10.77,4.15,Low,Alto,38.46,38.46,False,False
19,Male,6.66,5.62,7.54,73.82,2.49,11.09,4.43,Low,Alto,54.26,54.26,False,False
16,Female,6.8,5.49,8.85,74.09,3.07,12.78,5.98,Low,Alto,56.05,56.05,False,False
18,Female,6.43,6.43,8.3,78.8,4.93,9.57,3.14,Low,Alto,66.36,66.36,False,False
24,Male,3.9,9.64,6.67,93.41,2.61,6.9,3.0,Medium,Medio,99.3,99.3,False,False
20,Female,3.05,8.97,7.94,64.03,3.92,4.47,1.42,Medium,Medio,100.0,105.12481894381676,True,True
21,Male,6.65,1.98,8.72,85.26,2.07,8.14,1.49,Low,Alto,47.16,47.16,False,False
18,Male,3.92,3.39,5.08,87.09,0.18,7.48,3.56,Medium,Medio,56.17,56.17,False,False
20,Female,1.97,8.5,7.97,82.31,4.17,3.83,1.86,Medium,Bajo,100.0,100.0,False,False
23,Female,4.06,8.42,5.35,97.43,4.72,5.42,1.36,High,Medio,80.12,80.12,False,False
21,Other,1.13,3.48,8.38,84.08,2.17,6.95,5.82,Medium,Bajo,74.24,74.24,False,False
19,Female,5.53,7.58,4.49,85.38,2.52,11.29,5.76,High,Alto,65.93,65.932558286923,False,True
17,Female,2.69,7.05,4.89,83.99,2.12,5.32,2.63,High,Bajo,82.96,82.96,False,False
24,Female,2.09,5.26,7.6,88.88,4.98,7.04,4.95,Medium,Bajo,79.79,79.79,False,False
16,Female,7.65,2.81,4.87,65.42,4.52,13.01,5.36,Low,Alto,14.04,14.04,False,False
16,Female,6.22,9.0,4.79,95.77,0.21,9.54,3.32,High,Alto,77.21,77.20749441639087,False,True
19,Male,6.3,7.1,6.78,61.7,3.9,8.42,2.12,Low,Alto,80.26,80.25833790116695,False,True
22,Female,4.99,2.52,8.17,85.63,3.0,6.64,1.65,Medium,Medio,42.22,42.22,False,False
16,Male,6.71,7.34,5.34,84.62,0.13,8.41,1.7,High,Alto,67.12,67.12487779278962,False,True
24,Female,6.07,7.67,8.21,68.32,2.22,11.05,4.98,Low,Alto,77.96,77.96111988622889,False,True
19,Male,4.79,8.98,8.04,61.63,0.75,7.71,2.92,Medium,Medio,93.36,93.36404938145633,False,True
18,Female,7.69,3.01,6.9,65.55,4.37,12.16,4.47,Low,Alto,28.63,28.633261371103472,False,True
16,Male,1.53,9.9,7.23,70.87,0.06,5.22,3.69,Medium,Bajo,100.0,100.0,False,False
19,Male,7.55,2.38,4.2,95.28,4.37,10.52,2.97,Low,Alto,17.83,17.827820242011526,False,True
24,Female,3.21,6.41,5.84,94.23,4.7,4.83,1.62,Medium,Medio,88.83,88.83,False,False
21,Male,4.23,6.91,5.32,62.55,0.36,6.9,2.67,Medium,Medio,62.62,62.62,False,False
21,Female,0.98,4.77,4.75,71.57,3.6,6.18,5.2,Medium,Bajo,68.86,68.86,False,False
16,Male,4.32,5.28,5.95,95.57,2.74,9.38,5.06,Medium,Medio,58.22,58.22,False,False
17,Male,4.89,9.02,5.77,69.47,4.77,6.03,1.14,High,Medio,65.83,65.83,False,False
21,Male,7.98,6.81,7.64,99.84,3.99,9.68,1.7,Low,Alto,52.9,52.9,False,False
17,Female,7.8,5.47,6.99,70.27,3.47,12.58,4.78,Low,Alto,42.66,42.66,False,False
18,Male,7.73,2.16,8.57,89.56,4.63,10.41,2.68,Low,Alto,31.27,31.27,False,False
19,Female,2.79,1.07,4.73,76.68,0.8,7.01,4.22,Medium,Bajo,36.32,36.32,False,False
20,Male,7.93,2.12,4.3,65.45,1.88,11.74,3.81,Low,Alto,7.04,7.04,False,False
24,Male,3.64,9.61,6.67,70.21,4.21,7.9,4.26,Medium,Medio,88.76,88.76,False,False
19,Male,6.81,7.88,4.01,87.0,0.51,8.08,1.27,High,Alto,72.32,72.32258716509979,False,True
24,Male,1.73,9.7,7.94,73.48,4.68,7.39,5.66,Medium,Bajo,100.0,100.0,False,False
18,Female,4.05,1.32,6.53,84.17,3.73,5.15,1.1,Medium,Medio,40.1,40.1,False,False
23,Female,7.73,7.12,6.44,68.22,2.2,8.77,1.04,Low,Alto,48.8,48.79752737858515,False,True
16,Female,7.58,1.4,5.81,77.94,1.69,9.71,2.13,Low,Alto,12.92,12.92,False,False
24,Male,5.47,8.04,5.87,80.49,0.74,11.44,5.97,High,Alto,83.82,83.81803362900654,False,True
24,Male,6.38,4.43,6.16,76.51,0.47,7.74,1.36,Low,Alto,40.57,40.57,False,False
17,Male,1.41,1.86,4.08,67.92,2.12,6.78,5.37,Medium,Bajo,54.74,54.74,False,False
19,Female,5.77,6.11,4.42,78.46,4.22,7.57,1.8,Low,Alto,51.49,51.49,False,False
23,Male,4.94,3.52,6.53,87.72,2.66,6.49,1.55,Medium,Medio,57.04,57.04,False,False
22,Female,0.73,6.94,4.75,98.6,2.26,5.62,4.89,Medium,Bajo,83.36,83.36,False,False
16,Male,0.91,6.92,7.89,91.58,1.6,6.14,5.23,Medium,Bajo,95.85,95.85,False,False
20,Male,0.87,7.35,5.37,66.46,0.78,5.83,4.96,High,Bajo,86.56,86.56,False,False
22,Male,5.79,9.93,4.49,70.91,4.95,8.0,2.21,High,Alto,84.03,84.02644811541781,False,True
19,Male,1.13,4.48,5.18,63.15,0.13,6.53,5.4,Medium,Bajo,68.2,68.2,False,False
16,Female,3.74,5.19,5.79,65.43,1.56,5.1,1.36,Medium,Medio,56.87,56.87,False,False
24,Male,2.86,8.24,4.18,70.03,3.85,5.57,2.71,High,Medio,77.93,77.93,False,False
20,Female,4.4,6.21,4.71,67.98,2.6,7.72,3.32,Medium,Medio,65.18,65.18,False,False
17,Male,5.65,1.34,5.62,68.55,1.57,6.99,1.34,Low,Alto,14.18,14.18,False,False
23,Female,5.48,8.59,5.55,69.23,4.96,9.38,3.9,High,Alto,74.85,74.8472501484439,False,True
17,Male,4.12,1.46,8.0,72.03,3.1,7.92,3.8,Medium,Medio,45.1,45.1,False,False
18,Female,3.71,2.54,8.22,65.02,1.48,9.67,5.96,Medium,Medio,47.9,47.9,False,False
16,Female,3.18,1.92,4.97,71.11,4.24,7.29,4.11,Medium,Medio,40.61,40.61,False,False
17,Other,6.9,1.7,4.62,87.54,0.75,9.89,2.99,Low,Alto,16.57,16.56957957190751,False,True
22,Male,2.65,1.23,7.17,69.46,2.32,7.6,4.95,Medium,Bajo,52.72,52.72264087650508,False,True
17,Female,2.07,1.5,8.02,66.87,4.2,4.74,2.67,Medium,Bajo,53.84,53.84,False,False
21,Male,5.95,4.98,8.82,62.71,4.92,9.61,3.66,Low,Alto,54.92,54.92,False,False
18,Male,2.88,3.28,4.03,80.0,1.92,4.16,1.28,Medium,Medio,59.4,59.4,False,False
19,Male,6.78,2.14,6.07,93.68,0.69,9.39,2.61,Low,Alto,25.84,25.84,False,False
23,Male,2.62,6.93,7.67,62.36,2.83,6.26,3.64,Medium,Bajo,75.86,75.86,False,False
18,Other,5.62,3.04,8.14,81.69,4.72,10.13,4.51,Low,Alto,53.62,53.62,False,False
21,Male,0.36,1.17,4.31,86.02,3.33,1.86,1.5,Medium,Bajo,27.32,27.32,False,False
16,Female,3.08,4.77,7.4,83.7,3.01,8.07,4.99,Medium,Medio,69.42,69.42,False,False
22,Female,2.75,3.79,5.44,95.1,1.55,8.25,5.5,Medium,Bajo,62.28,62.28,False,False
23,Female,6.53,3.87,4.37,94.66,3.03,8.94,2.41,Low,Alto,31.02,31.02,False,False
23,Female,7.74,5.01,6.45,62.29,4.42,12.57,4.83,Low,Alto,31.01,31.01,False,False
18,Male,3.69,7.02,4.79,74.44,1.88,5.59,1.9,High,Medio,66.19,66.19,False,False
16,Female,6.6,6.55,7.69,86.83,1.21,10.22,3.62,Low,Alto,53.49,53.49,False,False
24,Male,5.6,9.44,7.71,98.1,2.4,10.59,4.99,Low,Alto,100.0,106.3943009843576,True,True
21,Female,7.74,5.66,8.21,92.19,1.88,10.67,2.93,Low,Alto,54.67,54.67,False,False
24,Female,6.49,5.25,5.89,67.06,2.35,7.62,1.13,Low,Alto,45.9,45.90042885819427,False,True
22,Other,0.62,2.92,4.07,71.17,0.48,4.32,3.7,Medium,Bajo,51.47,51.47,False,False
16,Male,5.71,7.8,5.3,90.54,1.68,10.93,5.22,High,Alto,83.37,83.36772220198995,False,True
16,Male,4.28,2.27,6.34,78.86,4.13,5.82,1.54,Medium,Medio,47.17,47.17,False,False
21,Male,0.13,5.42,7.47,81.89,2.0,1.28,1.15,Medium,Bajo,86.87,86.87,False,False
20,Male,2.01,4.79,5.91,84.36,4.84,7.06,5.05,Medium,Bajo,80.08,80.08,False,False
24,Male,7.37,6.92,6.68,64.13,3.54,9.71,2.34,Low,Alto,39.35,39.35,False,False
17,Female,7.32,9.14,6.54,94.24,1.83,10.23,2.91,Low,Alto,76.02,76.0166620269118,False,True
23,Male,6.39,9.52,4.82,94.53,1.26,7.82,1.43,High,Alto,81.91,81.90815401309386,False,True
20,Female,7.85,2.51,7.12,78.73,3.43,9.33,1.48,Low,Alto,27.37,27.37,False,False
17,Female,6.45,3.36,6.2,85.07,1.51,10.52,4.07,Low,Alto,29.17,29.17,False,False
21,Female,0.08,8.3,8.04,86.4,4.63,3.84,3.76,Medium,Bajo,100.0,105.17843966197064,True,True
23,Male,2.3,5.66,7.45,67.59,0.58,4.76,2.46,Medium,Bajo,90.29,90.29019200488388,False,True
19,Male,0.24,5.08,4.56,64.5,0.14,3.5,3.26,Medium,Bajo,62.07,62.07,False,False
17,Male,0.75,7.4,6.44,60.83,1.11,3.69,2.94,Medium,Bajo,85.83,85.83,False,False
20,Male,1.75,6.42,7.51,96.52,3.03,6.23,4.48,Medium,Bajo,98.94,98.94,False,False
17,Female,4.03,9.74,4.44,73.83,4.17,9.34,5.31,High,Medio,86.94,86.94,False,False
17,Male,6.78,6.26,7.96,63.43,0.85,11.61,4.83,Low,Alto,51.59,51.59,False,False
21,Female,6.9,5.19,5.11,78.63,2.92,7.92,1.02,Low,Alto,41.38,41.38,False,False
24,Female,4.93,5.89,6.52,63.03,0.72,6.43,1.5,Medium,Medio,52.24,52.24,False,False
19,Female,7.0,7.8,8.2,63.41,2.82,10.58,3.58,Low,Alto,74.05,74.05329433761166,False,True
21,Male,4.0,6.51,6.86,79.56,0.09,9.26,5.26,Medium,Medio,69.82,69.82,False,False
22,Male,7.11,6.82,6.12,80.35,2.79,9.29,2.18,Low,Alto,50.22,50.22300618241369,False,True
21,Female,3.63,9.74,4.03,83.21,2.61,9.02,5.39,High,Medio,96.02,96.02,False,False
23,Female,2.22,6.57,4.67,86.25,0.21,3.77,1.55,Medium,Bajo,92.51,92.51479498377525,False,True
19,Male,7.33,4.42,6.89,86.73,3.45,8.69,1.36,Low,Alto,41.15,41.15,False,False
16,Male,3.1,7.22,6.47,77.32,2.86,8.67,5.57,Medium,Medio,89.22,89.22,False,False
22,Male,4.03,6.94,5.82,85.74,3.12,5.84,1.81,Medium,Medio,72.83,72.83,False,False
18,Female,2.63,1.12,8.62,72.19,2.65,5.95,3.32,Medium,Bajo,53.65,53.65,False,False
21,Male,5.3,5.21,5.66,77.65,3.61,7.93,2.63,Low,Medio,51.91,51.91,False,False
17,Female,7.96,7.69,6.69,75.73,2.63,9.7,1.74,Low,Alto,58.48,58.47801400812924,False,True
24,Male,0.2,5.49,6.84,73.16,4.61,4.36,4.16,Medium,Bajo,70.35,70.35,False,False
16,Female,7.2,8.02,6.64,69.54,4.72,13.02,5.82,Low,Alto,63.05,63.04908827482368,False,True
21,Female,0.03,5.06,6.39,63.14,3.63,4.32,4.29,Medium,Bajo,81.36,81.36,False,False
21,Female,2.91,9.85,5.69,80.24,4.56,5.68,2.77,High,Medio,97.38,97.38,False,False
20,Male,1.35,3.64,8.54,81.49,4.62,5.91,4.56,Medium,Bajo,86.38,86.38,False,False
20,Male,6.06,1.83,6.25,73.45,1.31,7.78,1.72,Low,Alto,30.14,30.14,False,False
16,Male,0.4,4.87,6.64,99.03,4.97,4.3,3.9,Medium,Bajo,80.75,80.75,False,False
20,Female,4.43,5.88,7.28,82.28,1.34,7.78,3.35,Medium,Medio,71.68,71.68,False,False
17,Female,2.36,4.14,4.34,95.56,0.09,5.16,2.8,Medium,Bajo,61.96,61.96,False,False
22,Female,1.07,3.18,7.91,82.8,4.81,5.77,4.7,Medium,Bajo,73.03,73.03,False,False
18,Male,6.17,7.05,6.56,67.6,1.12,7.76,1.59,Low,Alto,75.28,75.27733383777644,False,True
19,Female,1.74,4.39,7.29,98.98,2.92,5.4,3.66,Medium,Bajo,79.08,79.08,False,False
18,Male,1.79,6.68,7.86,95.41,4.85,7.06,5.27,Medium,Bajo,97.06,97.06,False,False
18,Female,2.2,8.01,8.37,78.85,0.25,4.21,2.01,Medium,Bajo,100.0,100.0,False,False
19,Male,4.69,7.85,5.96,69.72,1.35,7.01,2.32,High,Medio,75.05,75.05,False,False
20,Female,5.28,4.38,8.06,68.91,3.04,9.58,4.3,Low,Medio,56.15,56.15,False,False
16,Male,0.14,6.11,5.29,92.24,3.81,5.0,4.86,Medium,Bajo,74.52,74.52,False,False
19,Male,1.93,5.05,7.3,62.76,4.04,4.35,2.42,Medium,Bajo,77.38,77.38,False,False
23,Female,3.45,8.84,4.51,85.52,4.42,6.25,2.8,High,Medio,78.1,78.1,False,False
22,Male,2.66,8.91,4.1,85.61,0.84,7.36,4.7,High,Bajo,86.48,86.48,False,False
24,Female,7.07,4.09,4.48,67.3,1.85,9.5,2.43,Low,Alto,34.03,34.03235269194346,False,True
20,Female,6.3,1.83,5.6,88.2,3.57,10.63,4.33,Low,Alto,23.93,23.93,False,False
19,Female,5.01,2.51,4.16,88.22,3.58,6.8,1.79,Low,Medio,49.9,49.8972094872685,False,True
23,Male,2.7,4.3,7.15,74.0,1.54,5.76,3.06,Medium,Bajo,72.5,72.5,False,False
24,Female,5.61,6.08,5.58,79.34,1.52,10.05,4.44,Low,Alto,50.4,50.4,False,False
22,Female,6.75,6.91,7.68,93.31,1.6,10.05,3.3,Low,Alto,82.26,82.26101186135013,False,True
22,Male,4.76,3.98,4.23,80.93,4.46,5.86,1.1,Medium,Medio,45.67,45.666515277131936,False,True
20,Female,6.28,7.01,5.08,84.73,4.55,9.31,3.03,High,Alto,70.21,70.21112120909112,False,True
19,Male,5.99,9.44,6.04,76.51,0.07,8.43,2.44,Low,Alto,81.57,81.56577854612104,False,True
16,Male,4.57,6.87,5.91,65.98,1.63,6.08,1.51,Medium,Medio,63.11,63.11,False,False
22,Male,2.5,2.43,4.65,99.92,1.96,3.55,1.05,Medium,Bajo,62.7,62.7,False,False
16,Male,5.97,6.22,8.97,81.26,4.91,7.2,1.23,Low,Alto,67.58,67.58,False,False
16,Male,1.65,5.88,5.42,73.46,4.72,7.4,5.75,Medium,Bajo,93.02,93.02392390435298,False,True
20,Female,6.24,8.84,7.61,88.55,3.14,10.99,4.75,Low,Alto,86.49,86.48766053869787,False,True
24,Female,6.44,4.15,5.1,84.83,0.23,12.14,5.7,Low,Alto,38.21,38.21,False,False
21,Male,6.58,4.81,8.39,69.32,0.96,8.15,1.57,Low,Alto,58.07,58.06529505715372,False,True
18,Female,3.78,6.39,5.94,95.08,2.17,7.63,3.85,Medium,Medio,88.39,88.39065812357094,False,True
18,Female,1.54,5.72,8.5,62.84,4.8,2.96,1.42,Medium,Bajo,91.91,91.91,False,False
22,Female,0.8,7.47,5.71,84.23,0.47,1.93,1.13,High,Bajo,91.72,91.72,False,False
21,Female,5.95,1.36,4.04,79.12,3.96,9.28,3.33,Low,Alto,21.4,21.4,False,False
24,Female,7.09,6.07,6.59,72.73,0.96,11.32,4.23,Low,Alto,43.2,43.2,False,False
21,Male,5.21,2.1,6.62,93.06,2.54,6.53,1.32,Low,Medio,46.23,46.23,False,False
20,Male,1.15,3.84,4.6,86.25,3.83,3.98,2.83,Medium,Bajo,72.24,72.24,False,False
22,Male,7.48,6.95,5.17,90.38,3.46,8.93,1.45,Low,Alto,44.69,44.69,False,False
16,Female,7.91,2.42,7.92,76.59,3.88,10.72,2.81,Low,Alto,25.3,25.3,False,False
22,Male,3.47,3.78,4.18,97.7,4.07,6.83,3.36,Medium,Medio,59.64,59.64,False,False
18,Female,4.76,7.33,6.45,73.79,1.53,7.45,2.69,Medium,Medio,83.37,83.37,False,False
24,Male,6.22,6.86,6.65,81.24,1.82,10.1,3.88,Low,Alto,67.03,67.03,False,False
21,Female,5.89,1.82,7.44,97.35,4.08,9.81,3.92,Low,Alto,42.42,42.42,False,False
24,Male,7.74,6.2,4.19,63.33,0.19,10.4,2.66,Low,Alto,31.32,31.32,False,False
20,Male,0.92,2.33,6.93,64.35,2.57,3.87,2.95,Medium,Bajo,58.51,58.51,False,False
22,Male,4.65,3.27,4.02,99.77,4.6,7.86,3.21,Medium,Medio,46.13,46.13,False,False
19,Male,5.54,5.13,5.33,98.86,4.43,8.42,2.88,Low,Alto,59.56,59.56,False,False
22,Male,7.12,1.98,6.5,90.87,4.02,11.92,4.8,Low,Alto,30.9,30.9,False,False
16,Female,6.31,8.97,7.72,79.37,0.11,8.69,2.38,Low,Alto,89.16,89.15537575782855,False,True
22,Male,7.82,2.49,4.63,80.24,4.44,13.11,5.29,Low,Alto,8.3,8.3,False,False
23,Male,4.1,8.03,4.85,70.29,4.56,6.76,2.66,High,Medio,70.99,70.99,False,False
20,Female,6.65,8.47,7.35,77.31,3.32,11.27,4.62,Low,Alto,74.64,74.64291181274325,False,True
17,Male,3.42,9.95,5.87,77.25,1.49,8.84,5.42,High,Medio,87.63,87.63,False,False
20,Female,3.38,4.86,7.12,61.44,2.45,8.82,5.44,Medium,Medio,66.69,66.69,False,False
21,Other,2.03,8.87,8.99,78.13,3.81,5.29,3.26,Medium,Bajo,100.0,100.0,False,False
17,Male,6.0,8.82,8.18,79.19,4.07,8.83,2.83,Low,Alto,91.61,91.60851790855456,False,True
21,Male,7.89,2.56,5.77,86.63,1.72,11.92,4.03,Low,Alto,18.48,18.48,False,False
21,Male,2.05,5.31,6.52,80.66,1.63,3.97,1.92,Medium,Bajo,77.8,77.8,False,False
16,Female,0.45,1.54,8.52,94.47,3.68,5.4,4.95,Medium,Bajo,79.83,79.8334046449075,False,True
16,Female,6.52,6.59,4.46,74.7,3.43,11.08,4.56,Low,Alto,48.69,48.69,False,False
18,Female,4.96,6.23,6.26,76.39,2.57,9.94,4.98,Medium,Medio,59.43,59.43,False,False
18,Female,7.68,2.84,5.89,82.86,2.1,10.85,3.17,Low,Alto,24.68,24.68,False,False
19,Male,2.02,8.18,5.47,68.11,3.29,5.81,3.79,High,Bajo,85.41,85.41,False,False
17,Female,0.57,1.34,8.97,75.74,0.16,2.08,1.51,Medium,Bajo,69.64,69.64,False,False
24,Female,3.94,8.26,7.67,87.45,0.38,8.38,4.44,Medium,Medio,96.21,96.21,False,False
22,Female,0.68,1.24,5.94,76.47,2.87,4.11,3.43,Medium,Bajo,68.17,68.17,False,False
22,Female,2.09,6.91,8.15,96.26,1.05,5.64,3.55,Medium,Bajo,100.0,100.0,False,False
21,Female,1.01,1.71,6.45,84.61,3.87,6.24,5.23,Medium,Bajo,65.04,65.04,False,False
18,Male,1.79,3.26,8.36,66.15,3.86,6.65,4.86,Medium,Bajo,72.87,72.87,False,False
21,Male,0.85,7.5,5.33,79.5,3.55,4.53,3.68,High,Bajo,83.92,83.92,False,False
23,Female,7.63,3.52,5.12,90.59,4.52,10.41,2.78,Low,Alto,22.07,22.07,False,False
23,Male,2.23,5.6,5.24,85.73,0.7,5.46,3.23,Medium,Bajo,74.98,74.98,False,False
24,Female,3.55,9.24,6.69,95.41,1.3,6.3,2.75,Medium,Medio,98.96,98.96,False,False
16,Male,7.19,1.45,5.46,90.0,1.26,8.95,1.76,Low,Alto,32.36,32.36,False,False
16,Female,5.42,8.3,4.74,62.46,3.91,9.65,4.23,High,Medio,64.16,64.15807030325684,False,True
18,Female,4.94,1.59,8.97,64.5,2.61,9.4,4.46,Medium,Medio,38.65,38.65,False,False
18,Male,5.64,2.14,8.5,85.99,1.26,11.5,5.86,Low,Alto,47.1,47.1,False,False
23,Female,6.63,2.07,7.18,69.54,0.68,9.91,3.28,Low,Alto,33.27,33.272891033045994,False,True
16,Female,6.35,9.0,7.65,83.51,4.47,13.01,6.66,Low,Alto,95.35,95.34593616847732,False,True
17,Female,5.14,2.62,8.68,91.69,3.46,7.08,1.94,Low,Medio,52.27,52.27,False,False
17,Male,6.95,8.85,7.2,83.08,2.64,11.4,4.45,Low,Alto,75.08,75.08422924601614,False,True
18,Male,4.28,9.92,6.59,76.62,4.83,10.25,5.97,Medium,Medio,93.3,93.3,False,False
21,Male,2.22,4.45,8.41,85.85,4.25,6.42,4.2,Medium,Bajo,76.64,76.64,False,False
16,Male,7.04,6.68,6.84,65.74,0.89,10.3,3.26,Low,Alto,48.0,48.0,False,False
17,Female,4.33,8.01,4.63,88.93,2.54,7.91,3.58,High,Medio,77.88,77.88,False,False
16,Other,7.25,4.53,5.83,87.88,2.43,12.48,5.23,Low,Alto,38.05,38.05,False,False
20,Female,0.32,2.46,6.23,80.58,4.22,6.02,5.7,Medium,Bajo,60.29,60.29,False,False
22,Female,3.18,4.9,8.68,71.15,0.75,6.45,3.27,Medium,Medio,71.71,71.71,False,False
23,Female,7.58,7.95,7.3,91.9,2.26,12.44,4.86,Low,Alto,78.47,78.46560685387576,False,True
16,Male,2.0,8.03,8.38,80.42,3.18,7.67,5.67,Medium,Bajo,100.0,100.0,False,False
22,Female,7.53,3.07,7.79,62.37,4.73,9.94,2.41,Low,Alto,25.16,25.16,False,False
20,Male,7.63,2.57,5.55,96.74,4.5,11.1,3.47,Low,Alto,35.48,35.47861972906644,False,True
16,Female,6.78,8.93,7.29,90.71,2.67,13.04,6.26,Low,Alto,89.1,89.09506562376205,False,True
18,Male,4.51,1.4,4.98,83.39,3.03,7.28,2.77,Medium,Medio,40.96,40.96,False,False
22,Male,5.18,7.61,6.04,77.47,4.26,9.28,4.1,Low,Medio,87.09,87.09320020549467,False,True
16,Female,6.96,1.42,8.03,98.4,3.72,11.25,4.29,Low,Alto,39.27,39.27,False,False
22,Female,6.21,8.54,7.06,91.0,4.4,7.98,1.77,Low,Alto,87.64,87.63938067395253,False,True
20,Female,5.04,9.15,8.13,81.4,4.48,10.07,5.03,Low,Medio,95.46,95.45932719932284,False,True
16,Female,7.86,3.68,5.27,86.13,4.16,10.92,3.06,Low,Alto,28.79,28.79,False,False
16,Male,5.49,1.67,7.75,71.23,0.05,8.99,3.5,Low,Alto,40.57,40.57,False,False
16,Female,7.8,5.33,5.01,67.83,1.55,12.01,4.21,Low,Alto,28.28,28.28,False,False
24,Male,0.46,3.69,6.73,70.93,2.02,3.51,3.05,Medium,Bajo,69.57,69.56753371522323,False,True
18,Female,1.11,4.75,6.17,71.73,3.39,3.74,2.63,Medium,Bajo,78.89,78.89,False,False
20,Female,3.61,6.98,6.78,89.59,1.53,7.34,3.73,Medium,Medio,84.1,84.1,False,False
24,Male,3.08,2.89,4.68,65.6,1.62,5.81,2.73,Medium,Medio,38.14,38.14,False,False
21,Female,6.26,4.21,5.81,91.1,2.0,9.43,3.17,Low,Alto,46.38,46.38,False,False
24,Female,1.28,8.04,7.33,80.94,4.78,2.82,1.54,Medium,Bajo,100.0,100.0,False,False
23,Male,7.81,6.79,6.79,75.38,2.19,13.03,5.22,Low,Alto,50.19,50.189390786929785,False,True
23,Female,2.52,3.94,6.74,72.02,0.7,5.58,3.06,Medium,Bajo,75.41,75.41336208657823,False,True
16,Female,3.43,6.98,6.55,80.53,0.03,4.84,1.41,Medium,Medio,96.0,96.00323037145546,False,True
24,Female,2.2,7.89,8.72,72.7,1.18,7.15,4.95,Medium,Bajo,100.0,100.0,False,False
21,Male,4.63,6.33,8.67,77.18,4.69,5.73,1.1,Medium,Medio,66.52,66.52,False,False
24,Male,0.47,3.16,5.8,89.56,4.77,4.47,4.0,Medium,Bajo,73.82,73.82,False,False
18,Female,1.2,1.0,5.76,85.04,2.65,5.71,4.51,Medium,Bajo,55.36,55.36,False,False
18,Male,5.97,8.23,6.77,89.92,3.23,7.93,1.96,Low,Alto,78.66,78.65767779556447,False,True
21,Other,1.49,8.4,4.48,88.52,3.98,3.15,1.66,High,Bajo,100.0,100.0,False,False
24,Male,1.88,7.28,5.52,92.6,0.28,3.45,1.57,High,Bajo,94.48,94.48,False,False
22,Female,6.34,1.69,5.15,68.07,1.87,12.31,5.97,Low,Alto,17.32,17.32,False,False
18,Female,0.75,6.27,5.12,99.8,3.21,5.53,4.78,Medium,Bajo,90.74,90.74,False,False
18,Male,3.5,8.39,7.19,79.03,4.49,6.06,2.56,Medium,Medio,98.14,98.14,False,False
17,Male,0.18,4.51,5.92,88.73,3.63,2.86,2.68,Medium,Bajo,78.07,78.07,False,False
24,Female,2.77,2.78,4.86,87.11,1.75,7.01,4.24,Medium,Bajo,50.36,50.36,False,False
18,Female,5.59,6.29,8.44,82.65,4.55,8.88,3.29,Low,Alto,70.32,70.32,False,False
20,Male,0.72,8.44,8.37,99.83,3.32,3.08,2.36,Medium,Bajo,100.0,100.0,False,False
24,Female,7.11,1.44,8.31,68.69,4.15,8.4,1.29,Low,Alto,23.02,23.02,False,False
23,Male,7.28,6.37,5.95,76.87,1.93,12.2,4.92,Low,Alto,51.26,51.26,False,False
17,Male,0.84,6.79,4.28,65.11,0.01,6.28,5.44,Medium,Bajo,82.55,82.55272926911232,False,True
18,Female,7.93,6.42,4.53,67.27,0.83,9.96,2.03,Low,Alto,22.89,22.89,False,False
17,Male,2.38,6.85,5.38,88.52,4.64,3.7,1.32,Medium,Bajo,89.43,89.43,False,False
23,Female,0.67,6.68,5.1,60.19,0.17,2.26,1.59,Medium,Bajo,79.12,79.12,False,False
21,Male,0.04,2.17,8.37,95.59,2.98,3.11,3.07,Medium,Bajo,80.43,80.43,False,False
21,Male,3.27,3.11,8.93,85.33,2.05,5.77,2.5,Medium,Medio,69.66,69.66,False,False
24,Male,5.04,6.57,8.08,77.64,2.15,6.41,1.37,Low,Medio,72.59,72.59,False,False
23,Female,2.66,1.16,7.65,73.25,2.0,5.93,3.27,Medium,Bajo,54.54,54.54,False,False
19,Female,6.69,6.71,6.94,65.05,0.34,8.71,2.02,Low,Alto,59.77,59.76980482956508,False,True
19,Female,5.73,6.99,7.85,96.86,0.61,7.06,1.33,Low,Alto,84.03,84.03,False,False
24,Male,2.8,3.15,8.74,88.49,0.31,7.09,4.29,Medium,Bajo,70.88,70.88,False,False
16,Male,5.87,6.38,7.01,73.46,0.27,9.73,3.86,Low,Alto,69.01,69.01,False,False
17,Female,7.52,5.81,4.77,62.84,0.43,12.65,5.13,Low,Alto,34.57,34.57,False,False
17,Male,0.74,3.35,4.82,73.03,3.48,3.25,2.51,Medium,Bajo,48.11,48.11,False,False
21,Female,2.45,5.17,6.92,67.39,0.57,4.13,1.68,Medium,Bajo,66.3,66.3,False,False
19,Male,3.71,9.19,5.67,91.45,1.31,6.51,2.8,High,Medio,95.21,95.21,False,False
18,Female,3.98,4.84,8.55,88.78,3.28,8.87,4.89,Medium,Medio,69.4,69.4,False,False
18,Male,4.34,6.67,7.06,79.93,0.56,6.55,2.21,Medium,Medio,67.37,67.37,False,False
18,Female,2.41,1.32,7.38,95.43,4.55,4.69,2.28,Medium,Bajo,72.38,72.38248427722482,False,True
21,Male,5.34,1.7,4.03,67.23,2.39,7.08,1.74,Low,Medio,13.87,13.87,False,False
23,Male,5.16,1.73,6.49,78.08,4.82,11.09,5.93,Low,Medio,40.21,40.21,False,False
22,Male,4.62,8.0,6.16,88.42,0.96,10.46,5.84,Medium,Medio,77.49,77.49,False,False
19,Male,0.91,4.15,7.53,62.71,0.15,5.2,4.29,Medium,Bajo,75.61,75.61,False,False
19,Male,3.82,3.05,5.91,74.91,2.95,5.89,2.07,Medium,Medio,50.81,50.81,False,False
17,Female,2.85,7.73,8.88,82.87,1.64,7.68,4.83,Medium,Medio,86.77,86.77,False,False
16,Female,3.93,2.53,7.35,74.67,2.86,7.85,3.92,Medium,Medio,49.82,49.82,False,False
24,Female,7.37,3.22,7.3,79.21,2.37,12.12,4.75,Low,Alto,31.05,31.05,False,False
17,Female,3.84,4.88,8.6,84.32,2.29,9.14,5.3,Medium,Medio,75.97,75.97,False,False
23,Female,0.11,3.98,8.98,74.74,4.26,2.7,2.59,Medium,Bajo,83.74,83.74,False,False
24,Male,3.51,6.27,4.99,64.24,0.96,9.08,5.57,Medium,Medio,62.47,62.47,False,False
19,Male,6.57,4.04,8.05,65.58,2.5,12.06,5.49,Low,Alto,36.76,36.76,False,False
23,Male,6.24,4.54,4.81,81.08,2.08,9.98,3.74,Low,Alto,42.03,42.03,False,False
24,Female,4.11,8.77,6.29,66.99,3.37,8.53,4.42,Medium,Medio,85.57,85.57,False,False
20,Male,2.0,8.96,4.5,95.59,0.25,5.06,3.06,High,Bajo,100.0,100.0,False,False
22,Male,3.72,8.45,7.12,93.37,2.65,8.0,4.28,Medium,Medio,91.74,91.74,False,False
19,Female,4.51,8.78,6.34,73.96,2.39,8.25,3.74,Medium,Medio,79.22,79.22,False,False
16,Male,8.0,6.13,7.14,93.24,4.87,10.61,2.61,Low,Alto,43.47,43.47,False,False
18,Female,5.15,6.82,7.39,81.33,3.78,7.76,2.61,Low,Medio,72.75,72.75,False,False
20,Female,5.55,6.01,7.1,66.36,0.77,9.81,4.26,Low,Alto,66.73,66.7260259620361,False,True
18,Male,3.93,8.07,5.47,84.57,2.55,9.71,5.78,High,Medio,84.27,84.27,False,False
22,Male,2.84,5.96,8.18,87.18,3.92,4.85,2.01,Medium,Medio,81.95,81.95,False,False
24,Female,6.5,2.0,6.76,63.36,2.62,9.46,2.96,Low,Alto,35.43,35.426229069365974,False,True
21,Female,3.96,8.29,6.45,72.58,1.78,8.99,5.03,Medium,Medio,74.97,74.97,False,False
16,Male,7.4,7.29,8.31,60.22,1.88,9.58,2.18,Low,Alto,67.92,67.91877055542612,False,True
22,Female,3.66,8.38,5.42,72.66,1.84,9.63,5.97,High,Medio,76.95,76.95,False,False
18,Female,0.54,2.71,6.64,73.42,0.1,4.93,4.39,Medium,Bajo,69.34,69.34,False,False
20,Male,5.46,3.44,7.41,85.21,3.65,11.01,5.55,Low,Medio,58.86,58.86,False,False
19,Male,0.37,3.66,4.63,67.96,3.05,5.56,5.19,Medium,Bajo,54.54,54.54,False,False
20,Female,2.0,5.57,5.77,61.2,1.34,6.89,4.89,Medium,Bajo,78.74,78.74,False,False
20,Male,2.83,2.2,8.01,72.63,3.15,3.99,1.16,Medium,Medio,60.91,60.91,False,False
21,Female,5.92,4.47,5.18,93.02,1.54,8.95,3.03,Low,Alto,43.89,43.89,False,False
21,Male,3.95,2.64,6.47,75.97,1.22,5.96,2.01,Medium,Medio,45.05,45.05,False,False
23,Female,0.23,3.38,7.15,76.6,3.71,5.59,5.36,Medium,Bajo,67.82,67.82,False,False
23,Female,4.93,7.36,7.36,78.76,4.05,9.33,4.4,Medium,Medio,73.45,73.45,False,False
24,Female,3.29,8.69,7.64,90.07,3.13,4.83,1.54,Medium,Medio,95.99,95.99,False,False
23,Male,7.37,1.21,8.33,79.2,3.92,10.17,2.8,Low,Alto,23.56,23.56,False,False
17,Male,4.0,6.09,5.96,63.65,1.83,5.35,1.35,Medium,Medio,60.93,60.93,False,False
16,Female,5.67,1.32,7.53,68.26,0.36,10.37,4.7,Low,Alto,35.55,35.55,False,False
17,Male,1.75,1.77,7.66,67.52,3.02,4.84,3.09,Medium,Bajo,64.43,64.43,False,False
17,Male,6.09,7.35,5.5,80.31,1.28,8.26,2.17,High,Alto,72.52,72.51786224138978,False,True
18,Female,5.77,7.62,8.84,61.2,3.89,9.36,3.59,Low,Alto,80.73,80.72709447867132,False,True
22,Male,6.96,8.02,8.02,71.34,1.79,8.44,1.48,Low,Alto,72.04,72.0448223761719,False,True
17,Male,0.27,5.27,5.45,84.29,3.35,2.56,2.29,Medium,Bajo,80.62,80.62,False,False
16,Male,3.58,8.74,7.38,74.19,2.76,5.46,1.88,Medium,Medio,90.95,90.95,False,False
21,Female,5.43,2.5,7.59,88.31,4.09,11.08,5.65,Low,Medio,53.57,53.57097520585627,False,True
24,Female,0.76,3.25,6.16,75.65,4.16,3.65,2.89,Medium,Bajo,69.8,69.8,False,False
18,Male,3.28,2.21,8.32,99.17,0.34,7.2,3.92,Medium,Medio,64.14,64.14,False,False
21,Male,7.48,8.12,7.4,98.61,1.48,11.05,3.57,Low,Alto,83.85,83.8518519813395,False,True
18,Male,3.49,3.06,7.29,91.99,4.35,7.79,4.3,Medium,Medio,52.07,52.07,False,False
16,Female,7.88,2.4,5.1,98.18,2.02,10.28,2.4,Low,Alto,13.44,13.44,False,False
20,Male,0.45,6.61,6.04,68.19,2.57,2.05,1.6,Medium,Bajo,92.72,92.72,False,False
19,Female,5.74,1.69,6.17,90.04,0.92,7.15,1.41,Low,Alto,32.34,32.34,False,False
22,Male,4.65,1.4,7.67,72.87,2.76,6.62,1.97,Medium,Medio,42.37,42.37,False,False
21,Other,4.0,1.96,7.09,89.01,1.32,7.41,3.41,Medium,Medio,57.09,57.09,False,False
22,Male,7.77,1.0,4.43,74.96,4.15,9.95,2.18,Low,Alto,4.61,4.61,False,False
20,Female,1.04,7.27,5.54,71.58,1.0,4.21,3.17,High,Bajo,94.7,94.7,False,False
19,Male,7.17,6.06,6.37,98.35,1.8,8.32,1.15,Low,Alto,56.03,56.03,False,False
22,Male,5.53,2.89,7.68,68.4,0.48,9.67,4.14,Low,Alto,47.49,47.49,False,False
22,Female,2.07,3.1,7.72,90.34,2.94,7.46,5.39,Medium,Bajo,73.09,73.09,False,False
21,Female,7.21,8.3,6.45,86.99,4.71,8.45,1.24,Low,Alto,78.66,78.66434026198958,False,True
23,Male,3.43,5.52,4.58,72.14,0.87,5.52,2.09,Medium,Medio,57.48,57.48,False,False
19,Female,6.51,7.29,5.46,78.33,0.1,9.1,2.59,High,Alto,66.47,66.47368997405772,False,True
20,Female,3.11,5.07,5.27,65.72,2.11,5.55,2.44,Medium,Medio,60.04,60.04,False,False
19,Female,6.81,3.14,7.91,96.85,3.74,8.01,1.2,Low,Alto,53.26,53.26378787338706,False,True
16,Male,5.09,9.73,4.9,98.72,4.88,6.62,1.53,High,Medio,87.18,87.18418573283289,False,True
23,Female,1.13,6.09,6.32,89.3,0.26,6.69,5.56,Medium,Bajo,89.1,89.1,False,False
16,Female,5.2,2.18,7.35,93.98,3.93,9.76,4.56,Low,Medio,46.29,46.29,False,False
20,Male,1.53,4.65,8.82,63.3,1.84,7.32,5.79,Medium,Bajo,99.96,99.95932033289448,False,True
21,Female,3.3,3.96,9.0,75.36,0.77,6.5,3.2,Medium,Medio,68.98,68.98,False,False
21,Male,1.36,2.93,8.76,73.23,0.96,6.76,5.4,Medium,Bajo,77.83,77.83,False,False
20,Male,0.18,9.4,7.59,82.6,4.62,5.26,5.08,Medium,Bajo,100.0,100.0,False,False
18,Female,1.7,8.93,7.73,67.33,4.05,7.07,5.37,Medium,Bajo,99.08,99.08,False,False
20,Female,4.29,2.79,7.8,82.54,1.56,5.49,1.2,Medium,Medio,53.02,53.02,False,False
23,Male,3.85,4.17,8.31,86.17,4.7,8.11,4.26,Medium,Medio,73.4,73.4,False,False
17,Male,4.01,7.86,8.76,65.29,0.53,7.84,3.83,Medium,Medio,98.07,98.07,False,False
21,Female,1.98,2.88,6.23,65.27,1.61,5.71,3.73,Medium,Bajo,56.64,56.6426724843427,False,True
24,Male,5.48,6.32,6.08,61.42,3.26,9.0,3.52,Low,Alto,54.42,54.42,False,False
23,Female,5.63,7.3,6.3,90.44,5.0,10.61,4.98,Low,Alto,92.22,92.21948512373164,False,True
23,Female,2.86,6.89,7.3,73.24,2.33,8.7,5.84,Medium,Medio,87.04,87.04,False,False
23,Male,7.05,7.36,7.88,69.02,4.05,12.19,5.14,Low,Alto,77.4,77.40097449823884,False,True
22,Female,5.15,7.36,8.35,91.12,4.58,10.5,5.35,Low,Medio,84.59,84.58644417825894,False,True
23,Female,5.7,9.68,6.28,65.73,0.05,9.12,3.42,Low,Alto,81.18,81.17795573608466,False,True
21,Male,2.22,4.12,5.82,77.09,1.44,6.67,4.45,Medium,Bajo,64.47,64.47145161538674,False,True
17,Female,0.0,8.91,8.92,89.79,0.5,3.08,3.08,Medium,Bajo,100.0,100.0,False,False
17,Female,6.92,1.2,5.16,82.95,3.88,9.72,2.8,Low,Alto,18.87,18.87,False,False
23,Female,6.58,3.59,5.11,82.16,2.84,12.06,5.48,Low,Alto,49.84,49.84448956339083,False,True
16,Female,0.99,1.44,7.58,66.3,0.48,6.52,5.53,Medium,Bajo,65.4,65.4,False,False
21,Male,2.99,6.86,4.9,67.24,2.1,7.4,4.41,Medium,Medio,78.17,78.17,False,False
21,Male,5.29,1.91,6.0,83.3,2.57,10.48,5.19,Low,Medio,32.64,32.64,False,False
19,Male,5.22,8.61,5.46,60.94,3.49,8.02,2.8,High,Medio,75.27,75.27154150918226,False,True
18,Male,6.88,6.82,4.84,94.76,3.9,10.05,3.17,Low,Alto,54.56,54.56,False,False
18,Male,1.12,1.26,6.9,74.02,0.44,6.23,5.11,Medium,Bajo,62.33,62.33,False,False
16,Female,3.44,7.43,5.87,76.66,2.44,6.43,2.99,High,Medio,78.08,78.08,False,False
18,Female,0.78,8.76,6.31,70.34,0.81,1.98,1.2,Medium,Bajo,100.0,100.0,False,False
19,Female,3.12,6.95,4.98,95.07,3.77,5.89,2.77,Medium,Medio,77.34,77.34,False,False
20,Female,0.12,1.27,7.84,85.7,3.29,3.11,2.99,Medium,Bajo,66.25,66.25,False,False
18,Female,7.19,8.72,5.57,78.0,3.62,8.96,1.77,High,Alto,79.22,79.22104900177543,False,True
21,Female,4.22,7.59,5.71,83.41,0.37,6.94,2.72,High,Medio,86.83,86.83,False,False
20,Female,6.8,4.41,5.26,75.21,2.55,12.47,5.67,Low,Alto,39.83,39.8284966595333,False,True
18,Male,0.48,3.96,6.17,78.62,4.2,5.77,5.29,Medium,Bajo,80.99,80.98700972412709,False,True
21,Female,1.82,5.32,6.32,74.31,3.57,5.05,3.23,Medium,Bajo,81.85,81.85,False,False
21,Female,2.08,8.8,6.65,76.43,4.31,6.63,4.55,Medium,Bajo,100.0,100.0,False,False
23,Male,3.09,3.27,8.84,72.6,1.03,4.85,1.76,Medium,Medio,74.06,74.06,False,False
17,Female,6.42,1.91,8.52,63.11,1.43,11.18,4.76,Low,Alto,30.27,30.27,False,False
16,Female,3.09,8.78,7.05,61.49,2.21,6.47,3.38,Medium,Medio,88.09,88.09,False,False
19,Male,1.64,1.24,4.19,66.96,2.62,6.25,4.61,Medium,Bajo,45.45,45.45,False,False
22,Female,0.52,9.2,7.06,70.07,1.26,4.74,4.22,Medium,Bajo,100.0,100.0,False,False
18,Male,0.64,3.75,4.45,95.62,1.91,2.8,2.16,Medium,Bajo,72.1,72.1,False,False
18,Male,6.08,5.57,7.55,84.45,3.44,11.25,5.17,Low,Alto,64.84,64.84318758214494,False,True
20,Female,3.56,2.19,5.95,98.33,3.23,7.42,3.86,Medium,Medio,62.29,62.29,False,False
20,Female,5.78,9.07,8.15,73.59,0.55,10.73,4.95,Low,Alto,85.49,85.49457428528882,False,True
18,Female,5.46,7.75,8.71,76.07,4.93,6.93,1.47,Low,Medio,85.67,85.66606792505769,False,True
24,Female,1.08,9.32,6.09,88.79,2.81,5.16,4.08,Medium,Bajo,100.0,108.08097739333525,True,True
19,Male,1.14,7.15,6.3,83.12,2.42,3.6,2.46,Medium,Bajo,94.78,94.78,False,False
18,Female,6.04,2.66,6.95,81.12,4.84,11.34,5.3,Low,Alto,35.58,35.58,False,False
17,Female,5.77,3.77,4.99,83.02,0.7,11.52,5.75,Low,Alto,44.56,44.56,False,False
24,Other,3.02,5.38,8.64,83.37,2.72,4.3,1.28,Medium,Medio,85.42,85.42,False,False
19,Male,0.62,6.47,6.16,90.63,4.03,5.24,4.62,Medium,Bajo,95.92,95.92,False,False
18,Female,0.1,9.34,4.83,86.72,1.99,1.61,1.51,High,Bajo,96.13,96.13,False,False
22,Female,2.31,4.46,7.81,98.29,3.68,7.6,5.29,Medium,Bajo,84.53,84.53,False,False
23,Female,0.07,7.33,5.1,97.92,4.5,1.69,1.62,High,Bajo,97.73,97.73,False,False
17,Female,1.84,9.65,4.72,76.88,1.31,3.82,1.98,High,Bajo,94.81,94.81,False,False
22,Male,3.36,2.37,6.81,61.43,1.21,5.62,2.26,Medium,Medio,47.77,47.77,False,False
20,Female,0.97,8.76,7.36,60.44,1.8,5.61,4.64,Medium,Bajo,100.0,100.0,False,False
20,Female,0.83,4.79,6.85,64.93,2.09,3.29,2.46,Medium,Bajo,80.82,80.82,False,False
18,Male,7.17,7.59,7.28,63.0,0.56,11.15,3.98,Low,Alto,68.73,68.72985145797139,False,True
20,Female,4.68,3.64,4.58,74.93,1.16,8.54,3.86,Medium,Medio,36.9,36.9,False,False
17,Female,7.48,4.01,6.38,62.11,4.37,10.49,3.01,Low,Alto,34.96,34.96,False,False
19,Male,2.77,1.24,5.79,85.0,2.83,6.47,3.7,Medium,Bajo,47.08,47.08,False,False
21,Female,5.19,9.32,8.49,67.61,1.34,7.01,1.82,Low,Medio,85.37,85.3677082956327,False,True
16,Male,1.64,8.32,4.25,80.56,4.72,7.02,5.38,High,Bajo,90.69,90.69,False,False
19,Male,4.95,1.85,5.49,64.12,3.87,6.99,2.04,Medium,Medio,35.93,35.93,False,False
21,Female,1.04,10.0,8.71,93.11,1.81,6.44,5.4,Medium,Bajo,100.0,100.0,False,False
24,Male,0.02,6.45,8.92,91.2,3.83,3.61,3.59,Medium,Bajo,100.0,100.0,False,False
17,Male,7.07,8.23,7.7,75.46,2.98,11.52,4.45,Low,Alto,79.2,79.19685290607694,False,True
22,Male,4.44,1.6,4.38,96.42,3.42,6.73,2.29,Medium,Medio,37.15,37.15,False,False
21,Male,7.42,4.51,6.81,67.43,1.61,9.53,2.11,Low,Alto,31.92,31.92,False,False
17,Female,2.67,7.03,6.0,92.56,1.05,6.12,3.45,Medium,Bajo,87.74,87.74,False,False
23,Female,2.62,1.96,8.03,81.83,1.27,4.96,2.34,Medium,Bajo,58.83,58.83,False,False
22,Female,3.21,5.4,4.28,73.18,0.42,6.33,3.12,Medium,Medio,63.26,63.26,False,False
20,Female,5.65,4.98,4.99,63.37,2.36,8.85,3.2,Low,Alto,40.15,40.15,False,False
20,Male,4.53,2.94,6.45,66.85,2.03,6.88,2.35,Medium,Medio,49.8,49.8,False,False
22,Female,7.4,3.7,4.79,94.51,0.01,9.86,2.46,Low,Alto,35.58,35.576225053619034,False,True
24,Female,0.2,9.7,7.46,84.28,4.28,6.06,5.86,Medium,Bajo,100.0,100.0,False,False
24,Female,5.67,3.6,8.1,69.48,3.41,9.61,3.94,Low,Alto,43.56,43.56,False,False
24,Female,2.64,2.92,7.52,79.83,2.23,7.8,5.16,Medium,Bajo,57.18,57.18,False,False
21,Female,1.44,5.83,6.2,64.31,4.84,2.67,1.23,Medium,Bajo,80.37,80.37107998549722,False,True
21,Female,4.08,7.04,8.39,63.95,4.7,5.09,1.01,Medium,Medio,71.94,71.94,False,False
18,Male,4.04,7.53,4.69,96.31,0.48,7.64,3.6,High,Medio,71.16,71.16,False,False
16,Female,1.1,7.79,5.3,78.31,3.08,6.23,5.13,High,Bajo,94.1,94.1,False,False
22,Male,1.62,1.33,6.45,74.46,4.09,5.67,4.05,Medium,Bajo,60.69,60.69,False,False
19,Male,3.27,4.54,4.31,97.96,0.86,7.36,4.09,Medium,Medio,55.28,55.28,False,False
16,Male,3.27,7.97,4.48,75.96,0.64,4.97,1.7,High,Medio,77.78,77.77744074377118,False,True
23,Male,2.54,9.14,5.99,73.45,1.3,8.43,5.89,High,Bajo,96.75,96.75,False,False
21,Male,1.19,6.42,8.72,70.92,1.4,4.84,3.65,Medium,Bajo,96.29,96.29,False,False
21,Male,0.03,1.47,8.54,82.6,4.82,1.54,1.51,Medium,Bajo,59.19,59.19,False,False
17,Female,7.76,4.57,6.33,82.34,3.9,10.83,3.07,Low,Alto,34.4,34.4,False,False
16,Female,7.55,1.67,4.71,60.65,0.3,8.91,1.36,Low,Alto,7.37,7.37,False,False
17,Other,3.87,7.74,4.89,86.16,3.93,6.96,3.09,High,Medio,78.19,78.19,False,False
19,Male,7.96,1.57,5.89,91.53,0.85,12.52,4.56,Low,Alto,26.75,26.75,False,False
17,Female,5.39,2.67,5.05,84.64,1.79,8.01,2.62,Low,Medio,32.82,32.82,False,False
16,Female,0.55,4.75,4.41,94.8,1.59,3.12,2.57,Medium,Bajo,79.26,79.26,False,False
22,Male,0.94,5.16,7.37,71.06,1.36,4.51,3.57,Medium,Bajo,79.81,79.81,False,False
23,Female,7.33,4.66,6.91,67.68,1.54,10.82,3.49,Low,Alto,47.34,47.34332647762403,False,True
21,Female,5.04,5.17,5.46,87.89,3.77,8.38,3.34,Low,Medio,53.34,53.34,False,False
19,Male,6.75,7.42,7.89,67.54,1.33,10.33,3.58,Low,Alto,67.92,67.91854144643477,False,True
21,Female,7.19,4.32,7.88,63.64,4.0,8.43,1.24,Low,Alto,31.72,31.72,False,False
18,Female,3.58,5.93,6.46,63.86,0.46,6.95,3.37,Medium,Medio,59.69,59.69,False,False
23,Male,0.39,3.73,4.48,90.74,2.98,6.35,5.96,Medium,Bajo,70.39,70.39,False,False
17,Male,1.51,4.18,8.59,61.15,4.32,6.33,4.82,Medium,Bajo,76.39,76.39,False,False
20,Male,0.53,6.52,7.34,71.58,0.4,2.97,2.44,Medium,Bajo,100.0,100.0,False,False
16,Male,1.51,5.41,5.24,65.17,3.17,5.9,4.39,Medium,Bajo,81.79,81.78988038378894,False,True
21,Female,3.28,7.51,7.05,90.2,2.56,5.93,2.65,Medium,Medio,91.8,91.8,False,False
17,Female,0.95,6.04,6.03,80.14,1.66,2.91,1.96,Medium,Bajo,88.19,88.18681186758415,False,True
19,Male,1.33,8.23,7.18,68.22,0.5,6.2,4.87,Medium,Bajo,91.37,91.37,False,False
21,Female,3.57,4.99,6.37,90.02,3.38,5.62,2.05,Medium,Medio,62.21,62.21,False,False
23,Male,2.72,5.42,6.43,90.01,1.55,8.01,5.29,Medium,Bajo,68.72,68.72,False,False
23,Male,3.74,7.03,7.68,80.92,1.69,6.64,2.9,Medium,Medio,90.05,90.05,False,False
21,Male,3.43,2.99,7.07,71.03,3.59,8.21,4.78,Medium,Medio,61.32,61.32,False,False
19,Female,5.16,4.47,4.4,83.45,4.73,7.46,2.3,Low,Medio,55.65,55.65,False,False
23,Male,7.5,6.62,4.33,97.34,1.67,11.76,4.26,Low,Alto,34.06,34.06,False,False
23,Male,0.86,1.26,5.53,62.07,3.73,2.92,2.06,Medium,Bajo,39.86,39.86,False,False
16,Male,0.79,4.93,6.15,70.68,4.78,1.9,1.11,Medium,Bajo,77.0,77.0,False,False
19,Female,6.82,6.39,5.38,71.4,0.49,11.89,5.07,Low,Alto,41.82,41.82,False,False
19,Other,4.05,9.71,7.26,85.27,2.65,9.33,5.28,Medium,Medio,100.0,100.0,False,False
22,Male,6.13,8.89,4.98,86.05,0.06,11.53,5.4,High,Alto,75.42,75.42369325142297,False,True
22,Male,1.72,3.53,7.52,68.25,4.13,2.9,1.18,Medium,Bajo,69.48,69.48,False,False
23,Female,6.63,5.56,7.87,68.64,1.43,11.43,4.8,Low,Alto,42.21,42.21,False,False
20,Female,7.39,1.51,4.62,97.13,1.66,12.57,5.18,Low,Alto,13.62,13.62,False,False
22,Male,5.08,3.17,7.25,90.25,3.44,7.64,2.56,Low,Medio,54.05,54.05,False,False
23,Female,0.85,7.97,8.81,97.37,3.95,4.2,3.35,Medium,Bajo,100.0,100.0,False,False
24,Female,7.16,2.11,4.96,93.19,2.0,10.2,3.04,Low,Alto,22.48,22.48,False,False
18,Male,6.34,3.32,8.55,76.08,3.33,9.54,3.2,Low,Alto,39.78,39.78,False,False
18,Female,6.01,9.5,7.03,64.88,4.78,11.24,5.23,Low,Alto,77.66,77.65858445055682,False,True
19,Female,0.29,8.41,6.95,85.18,4.43,3.38,3.09,Medium,Bajo,99.98,99.98,False,False
20,Female,6.39,8.04,4.26,74.08,3.51,8.9,2.51,High,Alto,67.35,67.35251023817376,False,True
16,Male,1.1,8.78,7.74,77.02,4.72,2.75,1.65,Medium,Bajo,100.0,100.0,False,False
22,Male,1.78,7.75,6.39,77.04,4.38,6.15,4.37,Medium,Bajo,100.0,100.0,False,False
24,Male,4.62,2.09,7.61,97.46,3.65,6.04,1.42,Medium,Medio,56.25,56.25,False,False
23,Male,2.12,5.65,8.05,62.75,4.59,3.43,1.31,Medium,Bajo,80.57,80.57,False,False
20,Female,5.29,5.0,6.62,67.72,4.09,9.7,4.41,Low,Medio,61.34,61.34,False,False
19,Female,4.86,3.8,5.32,84.32,2.51,9.33,4.47,Medium,Medio,49.32,49.32,False,False
22,Female,0.87,8.51,4.71,95.35,2.51,2.87,2.0,High,Bajo,99.95,99.95,False,False
20,Other,5.25,5.18,4.8,96.72,0.04,11.04,5.79,Low,Medio,60.02,60.02,False,False
22,Male,7.39,1.54,8.33,82.35,0.15,12.33,4.94,Low,Alto,27.95,27.95,False,False
16,Female,1.29,3.47,4.62,61.38,3.73,5.72,4.43,Medium,Bajo,59.44,59.44,False,False
16,Female,4.78,3.06,5.92,74.52,2.77,9.55,4.77,Medium,Medio,42.66,42.66,False,False
18,Male,2.73,8.99,5.67,96.75,3.8,5.79,3.06,High,Bajo,100.0,101.18377040672814,True,True
17,Female,3.68,6.83,8.33,80.0,4.75,6.96,3.28,Medium,Medio,81.7,81.7,False,False
17,Male,2.3,6.04,6.39,89.06,2.26,7.65,5.35,Medium,Bajo,86.85,86.85,False,False
22,Female,2.83,5.56,8.98,70.77,0.44,3.96,1.13,Medium,Medio,75.51,75.51,False,False
17,Female,0.23,6.85,7.69,61.0,3.13,5.24,5.01,Medium,Bajo,90.63,90.63,False,False
19,Male,7.56,7.5,7.94,83.13,0.5,11.09,3.53,Low,Alto,72.39,72.38703736728945,False,True
17,Female,5.0,5.99,4.49,93.4,3.11,8.32,3.32,Medium,Medio,52.43,52.43,False,False
21,Female,4.01,9.44,5.27,99.61,2.64,6.64,2.63,High,Medio,95.73,95.73,False,False
23,Male,3.07,9.79,4.68,93.87,3.56,7.11,4.04,High,Medio,88.18,88.18,False,False
19,Male,4.31,9.96,6.32,82.16,1.75,8.69,4.38,Medium,Medio,88.07,88.07,False,False
20,Male,3.04,7.02,7.59,84.35,0.72,4.84,1.8,Medium,Medio,86.76,86.76,False,False
19,Female,2.88,9.39,4.85,92.97,1.18,6.71,3.83,High,Medio,100.0,100.0,False,False
18,Female,3.71,4.64,4.65,60.79,3.42,7.03,3.32,Medium,Medio,60.59,60.59152811309706,False,True
20,Female,2.21,8.74,7.07,98.07,2.39,7.12,4.91,Medium,Bajo,100.0,108.47047216315411,True,True
24,Female,1.44,9.18,5.15,81.25,2.7,5.17,3.73,High,Bajo,100.0,100.0,False,False
23,Female,4.45,9.14,6.4,98.08,1.61,7.6,3.15,Medium,Medio,89.77,89.77,False,False
23,Male,6.74,8.48,4.26,90.58,4.18,10.38,3.64,High,Alto,75.98,75.97924923226502,False,True
23,Female,1.22,4.66,7.4,66.09,5.0,4.67,3.45,Medium,Bajo,89.62,89.6226704450395,False,True
23,Male,0.26,2.43,6.71,66.61,1.56,5.94,5.68,Medium,Bajo,61.81,61.81,False,False
22,Male,1.97,4.01,7.24,74.15,3.59,4.53,2.56,Medium,Bajo,65.75,65.75,False,False
23,Female,7.84,7.91,5.38,70.56,0.86,9.03,1.19,High,Alto,65.9,65.89798196799624,False,True
23,Male,6.63,3.1,5.39,77.57,3.71,10.94,4.31,Low,Alto,41.91,41.90623047443143,False,True
23,Female,4.77,5.3,8.01,84.16,2.15,8.79,4.02,Medium,Medio,67.14,67.14,False,False
22,Female,7.43,6.09,7.59,77.46,3.03,12.98,5.55,Low,Alto,47.11,47.11,False,False
16,Male,3.56,6.43,6.9,62.26,1.19,5.15,1.59,Medium,Medio,81.49,81.49,False,False
19,Male,7.41,8.87,6.72,99.03,4.26,11.48,4.07,Low,Alto,80.82,80.81772701483462,False,True
19,Female,2.37,6.95,4.47,77.0,0.87,4.12,1.75,Medium,Bajo,77.13,77.13,False,False
20,Female,1.92,8.08,8.28,94.04,4.64,5.2,3.28,Medium,Bajo,100.0,100.0,False,False
21,Male,5.1,6.24,7.85,62.96,0.31,10.1,5.0,Low,Medio,68.14,68.14,False,False
19,Male,3.03,8.5,6.95,92.4,1.44,8.32,5.29,Medium,Medio,92.38,92.37839281437353,False,True
17,Female,5.01,3.37,8.59,66.94,2.81,10.18,5.17,Low,Medio,55.6,55.6,False,False
21,Female,2.44,2.89,4.84,87.18,4.29,6.18,3.74,Medium,Bajo,63.23,63.23,False,False
23,Male,4.94,9.34,7.43,86.47,2.89,9.11,4.17,Medium,Medio,80.23,80.23,False,False
23,Male,2.21,7.24,8.81,96.39,1.08,5.97,3.76,Medium,Bajo,96.28,96.28,False,False
22,Female,0.41,7.04,5.55,72.83,4.3,4.22,3.81,High,Bajo,88.59,88.59,False,False
21,Female,7.3,5.21,4.08,64.36,2.98,12.73,5.43,Low,Alto,26.77,26.77,False,False
17,Other,7.07,4.39,7.67,94.58,1.16,9.12,2.05,Low,Alto,59.7,59.70146255883277,False,True
22,Female,7.77,6.0,4.03,73.26,2.81,10.96,3.19,Low,Alto,34.5,34.5,False,False
20,Female,5.73,2.09,8.36,69.3,3.38,9.78,4.05,Low,Alto,40.46,40.46,False,False
21,Male,5.46,5.09,4.28,79.45,3.4,10.29,4.83,Low,Medio,54.79,54.79,False,False
23,Female,4.47,5.1,7.26,65.85,3.62,9.28,4.81,Medium,Medio,64.26,64.26,False,False
23,Male,1.01,5.85,5.89,71.88,4.48,2.6,1.59,Medium,Bajo,76.57,76.57,False,False
18,Female,1.51,6.71,5.02,75.41,4.12,3.62,2.11,Medium,Bajo,87.76,87.76,False,False
22,Male,2.32,9.62,8.49,71.09,3.04,7.88,5.56,Medium,Bajo,100.0,100.0,False,False
16,Male,7.12,6.87,7.73,78.01,0.16,9.91,2.79,Low,Alto,60.28,60.28,False,False
16,Female,1.38,8.95,5.7,75.39,3.75,2.39,1.01,High,Bajo,100.0,100.0,False,False
22,Female,7.38,6.01,5.42,90.98,4.87,9.38,2.0,Low,Alto,53.01,53.01,False,False
24,Male,4.18,6.64,7.68,96.74,1.53,10.03,5.85,Medium,Medio,82.91,82.91,False,False
22,Female,5.72,1.63,8.18,64.04,3.03,8.27,2.55,Low,Alto,46.82,46.81945007151288,False,True
20,Male,0.88,2.2,7.58,92.93,3.84,4.95,4.07,Medium,Bajo,64.35,64.35,False,False
23,Male,2.15,6.22,7.2,97.27,3.2,6.78,4.63,Medium,Bajo,86.68,86.68,False,False
17,Female,7.67,4.56,5.14,87.46,4.61,11.9,4.23,Low,Alto,28.86,28.86,False,False
24,Male,2.13,8.19,8.26,99.86,2.37,5.02,2.89,Medium,Bajo,100.0,100.0,False,False
21,Female,2.37,5.89,7.75,73.4,2.66,5.52,3.15,Medium,Bajo,89.7,89.7,False,False
24,Male,1.58,8.94,6.59,93.21,0.19,6.77,5.19,Medium,Bajo,100.0,107.06858644273484,True,True
17,Female,1.03,9.75,6.56,86.95,4.5,5.34,4.31,Medium,Bajo,100.0,100.0,False,False
18,Female,1.87,2.33,6.85,72.94,1.31,2.99,1.12,Medium,Bajo,68.77,68.77,False,False
23,Male,5.14,4.55,8.14,88.19,4.89,7.16,2.02,Low,Medio,54.36,54.36,False,False
16,Male,3.64,6.98,7.71,80.38,1.01,6.07,2.43,Medium,Medio,74.0,74.0,False,False
22,Female,4.43,3.75,8.28,67.56,1.27,7.26,2.83,Medium,Medio,52.9,52.9,False,False
22,Female,0.98,3.4,6.54,66.96,2.42,4.86,3.88,Medium,Bajo,58.44,58.44,False,False
16,Male,6.42,8.32,7.12,88.54,3.3,9.25,2.83,Low,Alto,88.86,88.86242955130578,False,True
24,Female,5.92,9.27,7.81,88.48,2.2,11.4,5.48,Low,Alto,100.0,104.915653849148,True,True
23,Male,0.17,7.96,5.16,81.23,1.76,3.54,3.37,High,Bajo,92.69,92.69,False,False
19,Male,3.07,5.71,6.22,80.06,2.7,6.58,3.51,Medium,Medio,69.12,69.12,False,False
20,Female,0.55,4.98,7.1,67.2,4.79,3.69,3.14,Medium,Bajo,79.15,79.15,False,False
17,Male,6.34,5.86,8.58,77.17,4.81,8.89,2.55,Low,Alto,57.11,57.11,False,False
24,Female,5.9,5.17,4.08,94.86,1.64,10.52,4.62,Low,Alto,44.42,44.42,False,False
21,Female,7.22,5.53,5.06,94.19,3.4,9.37,2.15,Low,Alto,41.9,41.9,False,False
18,Female,1.89,2.83,5.17,86.44,3.61,6.34,4.45,Medium,Bajo,65.34,65.34,False,False
22,Female,3.65,9.13,5.63,99.89,3.27,7.3,3.65,High,Medio,84.99,84.99,False,False
24,Female,1.48,7.79,5.41,95.73,0.57,2.99,1.51,High,Bajo,96.19,96.18549629406964,False,True
18,Female,2.97,7.13,6.95,65.81,2.7,4.06,1.09,Medium,Medio,83.45,83.45274083221561,False,True
17,Female,4.18,9.55,8.43,75.97,3.82,6.03,1.85,Medium,Medio,99.33,99.33,False,False
22,Other,0.43,3.56,7.18,65.28,1.0,5.24,4.81,Medium,Bajo,62.77,62.77,False,False
22,Female,5.72,1.73,5.21,78.64,1.74,8.64,2.92,Low,Alto,36.62,36.62,False,False
19,Male,4.35,8.44,8.32,91.06,1.02,9.37,5.02,Medium,Medio,97.35,97.35,False,False
24,Female,6.41,9.66,6.93,66.23,4.43,10.14,3.73,Low,Alto,91.21,91.20976080889824,False,True
23,Female,2.17,6.21,5.09,95.22,4.29,3.33,1.16,Medium,Bajo,84.07,84.07,False,False
16,Female,7.23,1.53,5.81,82.76,0.85,12.46,5.23,Low,Alto,20.5,20.5,False,False
16,Female,7.67,7.7,7.63,89.96,3.8,13.67,6.0,Low,Alto,70.52,70.52436446679961,False,True
20,Female,7.35,1.66,7.69,61.81,1.82,8.72,1.37,Low,Alto,25.62,25.62,False,False
21,Other,6.22,5.86,6.88,63.75,3.43,8.26,2.04,Low,Alto,55.78,55.78,False,False
18,Male,6.5,3.5,4.72,84.83,2.47,11.08,4.58,Low,Alto,33.69,33.69,False,False
24,Female,4.59,9.24,8.02,93.53,2.36,10.58,5.99,Medium,Medio,100.0,100.0,False,False
21,Male,1.52,5.06,5.54,94.95,4.41,6.9,5.38,Medium,Bajo,87.99,87.98642754838725,False,True
19,Female,5.42,9.09,7.86,87.53,3.18,6.91,1.49,Low,Medio,98.84,98.83756187464044,False,True
22,Female,5.7,3.69,7.24,68.04,1.18,9.74,4.04,Low,Alto,36.88,36.88,False,False
23,Male,7.88,4.49,5.32,67.8,0.55,12.21,4.33,Low,Alto,20.71,20.71,False,False
24,Male,4.33,9.52,5.06,95.25,4.67,8.48,4.15,High,Medio,93.93,93.93,False,False
21,Female,2.17,2.81,4.65,64.53,0.77,6.01,3.84,Medium,Bajo,48.26,48.26,False,False
21,Male,5.47,6.21,5.21,87.44,3.67,7.93,2.46,Low,Alto,61.14,61.14,False,False
23,Male,7.84,4.5,4.79,81.34,2.48,12.18,4.34,Low,Alto,27.06,27.06,False,False
20,Female,1.42,7.97,7.09,76.86,0.7,6.06,4.64,Medium,Bajo,94.84,94.84,False,False
18,Male,2.61,2.16,6.99,77.61,3.88,6.49,3.88,Medium,Bajo,60.15,60.145987993357096,False,True
18,Female,4.34,4.93,6.93,97.81,4.52,7.83,3.49,Medium,Medio,64.39,64.39,False,False
21,Female,1.36,7.29,7.21,94.46,0.61,3.46,2.1,Medium,Bajo,100.0,100.0,False,False
17,Male,0.18,4.66,8.07,94.6,0.34,3.9,3.72,Medium,Bajo,84.03,84.03,False,False
21,Male,2.7,1.53,8.57,76.26,4.25,4.34,1.64,Medium,Bajo,59.87,59.87,False,False
21,Female,6.92,7.35,5.15,64.28,2.5,8.28,1.36,High,Alto,65.19,65.18667867727007,False,True
23,Female,0.35,5.53,6.94,99.91,3.37,5.24,4.89,Medium,Bajo,90.67,90.67,False,False
22,Female,3.43,1.1,4.39,65.81,2.21,7.81,4.38,Medium,Medio,21.25,21.25,False,False
23,Female,6.1,6.51,4.6,80.62,2.06,10.35,4.25,Low,Alto,52.73,52.72982331498017,False,True
24,Female,7.26,8.83,6.91,70.58,1.5,13.27,6.01,Low,Alto,77.88,77.88165076265686,False,True
21,Male,7.88,2.0,6.43,80.43,2.81,10.78,2.9,Low,Alto,13.83,13.83,False,False
18,Male,3.38,6.32,7.79,72.2,0.8,6.38,3.0,Medium,Medio,74.54,74.54,False,False
18,Male,7.6,7.56,6.13,95.88,3.59,10.67,3.07,Low,Alto,68.71,68.71342354627689,False,True
16,Male,0.28,1.64,4.64,98.73,2.75,3.61,3.33,Medium,Bajo,53.79,53.79,False,False
20,Female,5.97,1.2,8.36,76.4,4.24,9.53,3.56,Low,Alto,23.78,23.78,False,False
19,Female,5.14,5.18,4.41,62.81,4.61,10.03,4.89,Low,Medio,39.63,39.63,False,False
24,Male,2.0,8.12,4.94,86.53,4.5,4.09,2.09,High,Bajo,91.76,91.76,False,False
24,Female,4.06,2.45,5.38,75.07,3.01,7.23,3.17,Medium,Medio,39.61,39.61,False,False
20,Male,1.04,8.53,8.98,99.44,1.59,4.57,3.53,Medium,Bajo,100.0,100.0,False,False
19,Male,6.97,6.91,6.08,63.57,1.79,8.82,1.85,Low,Alto,48.49,48.49,False,False
22,Female,2.86,3.99,6.51,64.77,3.26,7.37,4.51,Medium,Medio,59.83,59.83,False,False
21,Male,5.01,5.64,7.85,87.98,3.56,6.29,1.28,Low,Medio,74.99,74.99,False,False
19,Male,1.27,9.69,7.18,90.35,0.81,5.2,3.93,Medium,Bajo,100.0,108.52538975628008,True,True
17,Male,1.65,2.95,8.21,78.84,4.99,3.66,2.01,Medium,Bajo,82.78,82.78,False,False
16,Male,7.94,5.5,6.43,71.09,0.54,8.98,1.04,Low,Alto,43.56,43.56,False,False
19,Female,6.02,6.62,8.86,72.39,3.04,8.6,2.58,Low,Alto,66.76,66.76,False,False
19,Female,7.7,2.24,7.98,73.52,2.66,10.85,3.15,Low,Alto,22.72,22.72,False,False
16,Male,2.37,1.39,6.01,69.01,2.95,7.46,5.09,Medium,Bajo,52.5,52.5,False,False
21,Male,1.32,1.12,5.91,94.03,2.67,4.36,3.04,Medium,Bajo,59.22,59.22,False,False
19,Female,4.02,3.92,8.65,62.6,0.29,9.6,5.58,Medium,Medio,62.55,62.55,False,False
16,Female,3.96,1.67,7.42,76.29,4.98,9.17,5.21,Medium,Medio,48.22,48.22,False,False
16,Male,1.4,8.23,7.11,89.9,4.91,3.36,1.96,Medium,Bajo,100.0,100.0,False,False
16,Male,5.71,9.71,7.58,60.15,2.62,7.65,1.94,Low,Alto,83.65,83.64716903177693,False,True
23,Female,2.89,1.55,6.8,95.12,1.04,5.11,2.22,Medium,Medio,57.41,57.41,False,False
23,Female,1.49,4.89,4.8,88.25,0.91,4.29,2.8,Medium,Bajo,71.97,71.97,False,False
17,Male,2.66,1.23,5.6,62.93,0.29,6.58,3.92,Medium,Bajo,36.99,36.99,False,False
22,Female,4.51,2.21,6.79,95.8,3.06,6.13,1.62,Medium,Medio,54.65,54.65,False,False
23,Male,5.81,3.91,4.09,79.49,2.39,9.47,3.66,Low,Alto,33.14,33.14,False,False
23,Female,3.86,4.54,6.19,86.09,2.08,7.76,3.9,Medium,Medio,59.47,59.47,False,False
22,Female,4.2,9.46,7.78,95.28,2.63,8.5,4.3,Medium,Medio,100.0,100.0,False,False
20,Female,1.11,4.56,4.82,95.25,4.36,4.86,3.75,Medium,Bajo,84.61,84.61,False,False
16,Male,7.32,5.47,4.32,76.35,0.35,12.45,5.13,Low,Alto,45.42,45.42,False,False
24,Male,7.43,3.21,8.18,69.51,2.72,11.64,4.21,Low,Alto,38.04,38.04,False,False
22,Male,5.47,1.0,7.09,70.3,3.51,11.09,5.62,Low,Alto,35.51,35.51,False,False
17,Female,0.14,9.09,4.88,90.64,4.85,4.64,4.5,High,Bajo,100.0,100.0,False,False
21,Male,4.3,1.74,8.03,97.18,3.7,7.48,3.18,Medium,Medio,66.68,66.68,False,False
17,Male,5.03,9.68,7.29,62.89,2.74,7.08,2.05,Low,Medio,99.03,99.02838993682737,False,True
16,Male,7.96,2.18,5.67,60.6,3.83,9.01,1.05,Low,Alto,8.85,8.85,False,False
22,Female,7.97,6.44,5.88,92.92,4.99,9.42,1.45,Low,Alto,46.95,46.95,False,False
17,Male,6.86,9.99,4.78,75.46,4.44,8.81,1.95,High,Alto,72.76,72.75762353957128,False,True
17,Male,0.51,2.25,8.18,71.06,0.45,2.59,2.08,Medium,Bajo,60.24,60.24,False,False
20,Male,7.63,4.82,6.55,67.53,2.87,12.34,4.71,Low,Alto,38.78,38.77558878844396,False,True
20,Female,4.9,8.02,6.79,73.86,3.93,7.83,2.93,Medium,Medio,77.65,77.65,False,False
22,Female,6.41,1.29,8.42,98.86,3.36,9.03,2.62,Low,Alto,34.67,34.67,False,False
16,Female,3.26,7.21,4.08,99.08,2.08,4.52,1.26,High,Medio,80.77,80.77,False,False
23,Female,2.56,1.72,4.33,73.26,1.61,6.25,3.69,Medium,Bajo,41.61,41.61,False,False
18,Female,3.71,3.13,4.81,98.55,3.14,7.77,4.06,Medium,Medio,57.98,57.98,False,False
19,Male,1.17,2.44,4.15,71.99,2.06,6.56,5.39,Medium,Bajo,54.69,54.69,False,False
24,Female,2.86,9.17,7.29,94.18,1.96,6.37,3.51,Medium,Medio,100.0,100.0,False,False
19,Male,6.86,2.62,7.17,68.48,4.18,7.9,1.04,Low,Alto,19.95,19.95,False,False
20,Male,0.3,1.36,5.05,93.06,1.58,1.63,1.33,Medium,Bajo,47.9,47.9,False,False
22,Female,1.21,6.29,4.75,74.15,3.22,3.57,2.36,Medium,Bajo,77.31,77.31,False,False
19,Male,1.0,4.12,4.73,67.83,4.37,2.7,1.7,Medium,Bajo,68.54,68.54,False,False
16,Male,3.22,4.65,8.77,97.39,3.11,8.07,4.85,Medium,Medio,76.73,76.73,False,False
24,Male,7.98,2.07,7.47,68.57,2.46,9.52,1.54,Low,Alto,21.43,21.43,False,False
19,Female,1.39,7.73,6.93,99.67,0.18,3.19,1.8,Medium,Bajo,100.0,100.0,False,False
24,Male,1.16,6.41,5.61,64.34,3.41,5.49,4.33,Medium,Bajo,80.41,80.41,False,False
21,Female,7.32,4.28,6.17,60.4,4.99,9.52,2.2,Low,Alto,29.99,29.99,False,False
16,Female,7.06,2.54,4.45,94.83,4.04,12.91,5.85,Low,Alto,21.75,21.75,False,False
18,Female,0.26,6.34,8.99,83.46,3.17,5.58,5.32,Medium,Bajo,100.0,100.0,False,False
17,Male,6.01,8.01,7.78,76.87,2.35,10.73,4.72,Low,Alto,84.13,84.12999548134037,False,True
24,Female,5.24,3.81,7.11,63.28,1.12,7.96,2.72,Low,Medio,53.57,53.574839194451776,False,True
16,Male,6.14,1.23,6.94,83.0,3.46,7.42,1.28,Low,Alto,36.41,36.41,False,False
24,Male,3.96,2.93,6.52,75.75,0.89,6.64,2.68,Medium,Medio,44.45,44.45,False,False
24,Male,7.93,7.14,5.29,79.34,4.44,10.81,2.88,High,Alto,47.28,47.2844343638609,False,True
23,Female,0.35,9.9,5.13,85.22,1.77,1.99,1.64,High,Bajo,100.0,100.0,False,False
23,Male,1.87,1.12,6.75,85.6,2.0,3.47,1.6,Medium,Bajo,60.84,60.84,False,False
16,Male,3.17,3.76,4.35,98.42,1.08,7.51,4.34,Medium,Medio,62.39,62.39,False,False
23,Male,3.6,1.56,4.37,86.2,2.41,5.76,2.16,Medium,Medio,30.34,30.34,False,False
18,Male,7.37,3.85,6.8,73.58,3.4,11.76,4.39,Low,Alto,31.44,31.44,False,False
22,Female,4.48,4.65,8.6,73.19,1.51,8.22,3.74,Medium,Medio,65.43,65.43,False,False
16,Female,0.36,9.29,8.57,79.09,3.51,5.87,5.51,Medium,Bajo,100.0,100.0,False,False
16,Female,3.26,1.73,4.05,70.37,3.1,8.25,4.99,Medium,Medio,31.44,31.44,False,False
20,Male,3.33,7.99,4.54,75.06,1.86,5.09,1.76,High,Medio,80.11,80.11,False,False
20,Male,7.72,4.56,6.92,93.68,1.56,11.77,4.05,Low,Alto,41.71,41.71,False,False
23,Other,4.79,8.3,8.24,94.39,4.31,9.06,4.27,Medium,Medio,98.98,98.98,False,False
22,Male,5.09,5.62,8.77,85.11,0.06,10.4,5.31,Low,Medio,82.34,82.34,False,False
23,Female,5.71,1.35,8.3,83.31,3.58,9.91,4.2,Low,Alto,42.98,42.98,False,False
21,Male,6.14,9.49,7.37,77.08,2.09,7.86,1.72,Low,Alto,90.97,90.9708999502487,False,True
21,Female,5.08,1.74,5.0,85.44,3.59,7.37,2.29,Low,Medio,35.63,35.63,False,False
17,Male,1.9,6.38,4.36,92.24,2.54,6.09,4.19,Medium,Bajo,86.06,86.06,False,False
21,Male,6.99,8.9,4.24,89.51,0.42,12.55,5.56,High,Alto,75.87,75.8719012047443,False,True
20,Female,5.86,1.72,7.06,61.42,4.91,11.32,5.46,Low,Alto,30.72,30.72,False,False
18,Female,5.93,5.99,4.18,89.25,0.43,8.73,2.8,Low,Alto,53.22,53.22,False,False
21,Male,7.61,8.04,7.35,88.8,0.79,13.12,5.51,Low,Alto,75.65,75.65279734632385,False,True
23,Female,6.19,9.52,7.29,63.96,2.1,9.98,3.79,Low,Alto,94.14,94.13800371459588,False,True
24,Female,6.63,7.52,4.4,66.01,4.72,9.95,3.32,High,Alto,54.11,54.11263315405466,False,True
16,Male,7.61,3.51,8.53,91.52,1.47,10.36,2.75,Low,Alto,47.15,47.15,False,False
18,Male,1.21,7.3,6.61,82.36,2.84,5.6,4.39,Medium,Bajo,97.99,97.99,False,False
18,Male,3.98,7.35,8.52,92.87,2.61,7.98,4.0,Medium,Medio,86.21,86.21,False,False
23,Male,4.64,7.3,8.51,67.39,1.65,7.51,2.87,Medium,Medio,71.31,71.31,False,False
16,Female,2.63,8.69,4.99,61.22,3.48,7.44,4.81,High,Bajo,83.46,83.46,False,False
20,Male,6.72,1.79,5.9,66.48,2.51,9.62,2.9,Low,Alto,19.62,19.62,False,False
18,Male,6.1,1.98,4.67,78.1,2.89,10.02,3.92,Low,Alto,18.46,18.46,False,False
17,Male,5.77,6.77,7.87,80.93,1.05,8.73,2.96,Low,Alto,68.51,68.51,False,False
23,Female,7.62,9.15,6.23,94.31,4.63,9.56,1.94,Low,Alto,79.05,79.04780267681176,False,True
18,Male,2.08,5.19,8.64,88.65,0.55,3.89,1.81,Medium,Bajo,94.05,94.05,False,False
22,Male,5.88,9.65,5.04,99.62,3.45,10.16,4.28,High,Alto,88.78,88.78100999297867,False,True
16,Male,4.41,9.44,7.44,63.15,4.43,9.47,5.06,Medium,Medio,87.45,87.45,False,False
21,Female,2.5,9.13,8.95,65.21,0.42,5.84,3.34,Medium,Bajo,100.0,100.0,False,False
18,Male,1.28,9.19,7.33,63.37,0.14,3.91,2.63,Medium,Bajo,100.0,100.0,False,False
23,Female,7.17,9.08,4.34,81.54,1.67,9.85,2.68,High,Alto,66.8,66.80050017443472,False,True
21,Male,4.76,8.38,6.94,70.67,3.95,8.75,3.99,Medium,Medio,80.22,80.22,False,False
17,Male,6.6,7.25,4.9,87.35,3.59,9.94,3.34,High,Alto,68.26,68.25916954345982,False,True
21,Female,4.36,1.22,4.15,65.31,4.11,5.36,1.0,Medium,Medio,30.88,30.87904942932205,False,True
22,Male,1.76,2.19,5.67,64.13,1.99,6.62,4.86,Medium,Bajo,52.21,52.21,False,False
20,Female,2.7,2.21,5.33,78.41,4.97,4.41,1.71,Medium,Bajo,44.06,44.06,False,False
18,Female,3.05,1.21,7.94,75.04,1.83,7.42,4.37,Medium,Medio,44.85,44.85,False,False
19,Female,7.78,2.05,5.87,93.17,4.03,10.5,2.72,Low,Alto,16.02,16.02,False,False
19,Female,0.05,9.28,7.66,93.5,1.75,3.94,3.89,Medium,Bajo,100.0,100.0,False,False
21,Male,7.89,6.97,4.08,64.7,1.09,13.17,5.28,Low,Alto,34.72,34.72,False,False
16,Male,7.84,3.81,4.07,92.49,1.68,9.61,1.77,Low,Alto,25.22,25.22,False,False
19,Female,7.97,8.14,4.15,82.57,0.96,12.86,4.89,High,Alto,54.27,54.26873081183903,False,True
19,Female,3.81,5.4,5.1,80.14,0.65,5.0,1.19,Medium,Medio,57.77,57.77,False,False
16,Female,7.71,2.28,5.87,63.79,1.82,13.32,5.61,Low,Alto,24.24,24.24,False,False
24,Male,3.16,8.96,7.04,89.59,0.73,5.17,2.01,Medium,Medio,95.36,95.36,False,False
19,Male,0.21,4.05,8.93,62.39,2.51,5.18,4.97,Medium,Bajo,75.58,75.58,False,False
22,Female,1.79,7.29,5.77,71.11,0.18,3.13,1.34,High,Bajo,88.08,88.08070592775219,False,True
18,Male,7.56,3.62,4.28,63.82,2.16,10.2,2.64,Low,Alto,19.0,19.0,False,False
18,Male,0.11,5.5,4.97,81.23,4.79,4.28,4.17,Medium,Bajo,86.27,86.27,False,False
23,Male,4.37,8.35,8.49,85.81,1.79,8.66,4.29,Medium,Medio,90.6,90.6,False,False
23,Female,0.6,2.41,7.5,95.63,0.69,5.09,4.49,Medium,Bajo,70.48,70.48,False,False
16,Male,2.29,9.8,7.95,89.35,1.53,5.04,2.75,Medium,Bajo,100.0,100.0,False,False
17,Female,0.7,1.63,4.62,98.44,3.96,5.03,4.33,Medium,Bajo,67.45,67.44543707876892,False,True
23,Male,6.88,5.81,4.67,90.44,1.57,10.02,3.14,Low,Alto,32.1,32.1,False,False
16,Female,4.73,9.24,4.56,71.92,1.92,8.56,3.83,High,Medio,77.92,77.92,False,False
23,Female,6.64,8.74,7.62,81.9,3.94,10.96,4.32,Low,Alto,93.97,93.96727618904193,False,True
23,Male,5.51,3.09,5.05,78.32,1.3,7.35,1.84,Low,Alto,46.55,46.54629036935015,False,True
17,Female,7.77,2.3,7.22,82.64,2.39,13.0,5.23,Low,Alto,23.61,23.61,False,False
19,Male,4.08,7.52,6.58,82.88,0.32,9.42,5.34,Medium,Medio,83.79,83.79,False,False
21,Male,5.11,1.38,6.72,88.08,0.87,7.13,2.02,Low,Medio,41.86,41.86,False,False
24,Female,4.61,5.37,4.98,63.32,1.05,7.69,3.08,Medium,Medio,52.21,52.21,False,False
23,Male,3.87,8.17,7.18,89.87,2.32,7.19,3.32,Medium,Medio,93.34,93.34,False,False
23,Male,6.77,6.04,4.22,65.75,4.1,10.51,3.74,Low,Alto,41.72,41.72,False,False
22,Male,5.16,2.69,8.97,61.05,1.77,6.27,1.11,Low,Medio,41.03,41.03,False,False
24,Male,6.41,5.38,4.13,80.76,1.9,11.2,4.79,Low,Alto,34.83,34.83,False,False
17,Female,6.29,9.29,4.25,83.26,1.51,11.6,5.31,High,Alto,73.79,73.78900096552441,False,True
18,Male,1.53,6.55,5.62,61.39,1.6,3.24,1.71,Medium,Bajo,73.84,73.84,False,False
23,Female,5.2,7.49,8.16,80.61,2.02,10.68,5.48,Low,Medio,94.17,94.1722737960531,False,True
21,Female,1.6,4.03,5.29,81.38,4.5,6.85,5.25,Medium,Bajo,74.77,74.77,False,False
24,Male,4.67,2.7,6.36,62.1,0.12,8.38,3.71,Medium,Medio,42.32,42.32,False,False
19,Male,5.42,3.3,4.09,88.46,3.12,7.79,2.37,Low,Medio,45.77,45.77,False,False
23,Female,7.98,5.8,4.39,68.41,4.44,10.02,2.04,Low,Alto,26.26,26.26,False,False
18,Male,0.24,3.52,7.04,91.78,2.08,3.69,3.45,Medium,Bajo,73.13,73.13,False,False
18,Male,0.73,5.88,4.97,72.43,3.25,4.27,3.54,Medium,Bajo,76.25,76.25,False,False
23,Male,0.62,7.37,7.47,79.12,2.93,4.88,4.26,Medium,Bajo,100.0,100.0,False,False
20,Female,3.19,7.61,7.93,95.67,1.69,8.2,5.01,Medium,Medio,91.73,91.73,False,False
18,Female,6.57,2.48,8.25,92.25,0.69,12.24,5.67,Low,Alto,51.58,51.58,False,False
16,Male,6.75,7.75,4.67,91.27,1.1,11.73,4.98,High,Alto,69.16,69.1647670000971,False,True
18,Male,5.9,7.05,6.28,66.42,0.29,11.45,5.55,Low,Alto,71.11,71.11387109843166,False,True
24,Female,7.18,1.11,8.74,61.93,3.82,10.68,3.5,Low,Alto,22.53,22.53,False,False
20,Female,2.58,1.53,7.86,84.23,2.66,3.77,1.19,Medium,Bajo,55.62,55.62,False,False
17,Female,0.71,6.82,4.58,76.43,3.93,1.97,1.26,Medium,Bajo,85.52,85.52,False,False
22,Female,0.47,4.45,6.51,96.36,1.45,2.81,2.34,Medium,Bajo,71.23,71.22721644654703,False,True
17,Male,6.82,2.31,8.61,73.98,4.02,10.89,4.07,Low,Alto,33.18,33.18,False,False
19,Female,5.84,1.4,6.2,76.42,1.55,8.52,2.68,Low,Alto,31.88,31.88,False,False
22,Male,5.59,2.43,8.19,81.04,0.61,7.42,1.83,Low,Alto,43.76,43.763551266360565,False,True
19,Male,2.72,9.62,6.48,91.86,2.67,7.97,5.25,Medium,Bajo,98.72,98.72,False,False
22,Female,3.04,7.55,4.53,70.73,4.73,8.96,5.92,High,Medio,71.57,71.57,False,False
22,Male,7.66,5.75,4.74,97.67,2.07,8.74,1.08,Low,Alto,38.71,38.71,False,False
16,Other,0.51,9.47,4.23,81.6,2.58,1.96,1.45,High,Bajo,94.48,94.48,False,False
21,Male,6.19,6.57,4.98,93.64,2.26,9.69,3.5,Low,Alto,57.45,57.44579285336973,False,True
24,Female,2.48,7.53,8.47,81.02,2.29,5.17,2.69,Medium,Bajo,95.2,95.2,False,False
17,Female,0.31,3.54,7.25,90.88,1.07,5.22,4.91,Medium,Bajo,88.46,88.46449441031899,False,True
18,Male,5.94,6.3,7.69,62.06,2.11,10.21,4.27,Low,Alto,60.14,60.14,False,False
20,Female,2.65,2.29,7.11,91.97,2.48,3.99,1.34,Medium,Bajo,66.28,66.28,False,False
24,Male,5.78,4.64,5.93,80.96,3.72,9.5,3.72,Low,Alto,47.05,47.05,False,False
19,Female,5.66,1.3,5.08,77.98,0.7,8.34,2.68,Low,Alto,30.88,30.88,False,False
16,Male,4.28,2.95,8.63,64.46,2.86,10.11,5.83,Medium,Medio,47.47,47.47,False,False
19,Female,6.22,1.67,6.57,89.66,3.31,9.6,3.38,Low,Alto,38.73,38.73,False,False
21,Male,4.65,4.49,6.41,65.25,1.91,10.29,5.64,Medium,Medio,57.56,57.56,False,False
20,Male,2.29,8.59,8.98,67.69,2.75,3.44,1.15,Medium,Bajo,92.95,92.95,False,False
16,Male,5.87,4.4,5.92,65.06,3.55,7.39,1.52,Low,Alto,43.49,43.49,False,False
19,Male,4.71,8.48,8.27,60.26,2.33,7.64,2.93,Medium,Medio,80.96,80.96,False,False
21,Female,0.1,6.91,8.31,86.48,1.67,5.53,5.43,Medium,Bajo,100.0,100.0,False,False
19,Female,7.21,5.59,5.16,70.83,4.12,10.93,3.72,Low,Alto,37.04,37.04,False,False
24,Female,4.37,3.13,4.47,65.98,4.94,9.49,5.12,Medium,Medio,35.09,35.09,False,False
20,Male,6.36,8.51,8.13,72.8,1.08,9.37,3.01,Low,Alto,91.19,91.18811034103015,False,True
23,Female,7.06,1.49,6.13,79.96,4.45,8.62,1.56,Low,Alto,19.95,19.95,False,False
24,Male,3.56,7.2,4.01,80.14,2.73,5.79,2.23,High,Medio,64.22,64.22,False,False
20,Female,4.06,6.59,6.5,74.69,2.24,8.29,4.23,Medium,Medio,71.4,71.4,False,False
21,Other,3.33,4.97,7.1,79.8,4.47,8.69,5.36,Medium,Medio,67.64,67.64,False,False
16,Male,3.6,3.16,7.88,77.09,4.55,6.87,3.27,Medium,Medio,63.03,63.03,False,False
22,Male,7.16,4.88,8.71,92.91,1.36,9.13,1.97,Low,Alto,47.1,47.1,False,False
19,Male,6.11,8.57,8.31,61.18,1.79,10.5,4.39,Low,Alto,96.4,96.39740855966684,False,True
17,Female,1.01,8.53,8.7,94.72,4.26,2.99,1.98,Medium,Bajo,100.0,100.0,False,False
20,Female,4.88,9.47,4.16,69.76,2.45,8.73,3.85,High,Medio,66.65,66.65,False,False
18,Female,7.97,3.77,7.56,88.87,1.44,9.48,1.51,Low,Alto,33.51,33.51,False,False
21,Male,4.76,4.48,5.13,76.2,4.81,9.82,5.06,Medium,Medio,47.08,47.08,False,False
23,Female,6.29,1.17,4.94,71.77,1.09,11.32,5.03,Low,Alto,12.79,12.79,False,False
22,Female,5.98,9.23,7.78,84.61,3.05,9.86,3.88,Low,Alto,100.0,100.8153080249565,True,True
18,Male,2.8,3.96,6.09,90.76,2.14,3.99,1.19,Medium,Bajo,77.13,77.13,False,False
23,Female,2.97,4.64,8.58,78.0,2.26,5.37,2.4,Medium,Medio,84.67,84.67,False,False
17,Male,5.79,9.17,4.21,78.66,0.53,7.48,1.69,High,Alto,77.97,77.9727782161764,False,True
24,Male,4.0,5.74,8.01,62.35,1.29,7.62,3.62,Medium,Medio,65.28,65.28,False,False
19,Female,4.56,6.1,4.68,96.96,0.83,6.07,1.51,Medium,Medio,66.33,66.33,False,False
16,Male,5.7,2.59,4.88,93.88,3.75,11.05,5.35,Low,Alto,47.46,47.45914603068748,False,True
23,Female,6.22,5.49,6.39,75.92,3.49,11.47,5.25,Low,Alto,51.27,51.27,False,False
22,Female,2.17,9.26,5.98,90.6,3.97,3.95,1.78,High,Bajo,100.0,109.32554943709695,True,True
20,Male,1.17,6.03,6.43,72.53,3.5,5.64,4.47,Medium,Bajo,88.35,88.35,False,False
20,Female,2.33,3.3,8.7,89.22,0.64,6.81,4.48,Medium,Bajo,75.68,75.68,False,False
22,Female,4.06,1.28,7.29,80.67,4.89,7.04,2.98,Medium,Medio,38.6,38.6,False,False
20,Male,2.74,4.03,5.45,78.43,0.94,4.5,1.76,Medium,Bajo,59.79,59.79,False,False
23,Male,4.55,6.15,4.86,62.26,1.75,6.21,1.66,Medium,Medio,65.16,65.16,False,False
21,Male,0.43,1.38,6.1,98.62,3.53,5.13,4.7,Medium,Bajo,64.15,64.15,False,False
20,Male,4.08,6.49,6.26,93.5,0.7,6.18,2.1,Medium,Medio,81.39,81.39,False,False
24,Male,2.94,5.71,7.01,91.74,0.85,6.96,4.02,Medium,Medio,89.8,89.8,False,False
17,Male,4.28,8.05,5.33,72.2,4.38,9.61,5.33,High,Medio,67.67,67.67,False,False
16,Male,3.38,1.26,7.84,71.58,1.66,7.35,3.97,Medium,Medio,60.96,60.96,False,False
23,Female,2.27,8.03,4.49,82.93,3.33,8.14,5.87,High,Bajo,97.2,97.19900938805417,False,True
18,Male,7.23,5.69,6.8,93.85,4.29,11.46,4.23,Low,Alto,56.42,56.42,False,False
22,Female,1.48,4.33,7.12,97.39,4.87,4.05,2.57,Medium,Bajo,81.73,81.73,False,False
23,Female,5.45,9.69,5.03,70.76,1.05,10.71,5.26,High,Medio,92.47,92.47239528343034,False,True
21,Female,7.4,2.44,8.13,84.3,0.61,9.95,2.55,Low,Alto,28.18,28.18,False,False
24,Male,4.31,5.87,7.08,88.96,3.7,10.17,5.86,Medium,Medio,73.08,73.08,False,False
22,Female,7.01,3.89,7.23,69.06,0.94,10.4,3.39,Low,Alto,45.16,45.15567152199824,False,True
20,Female,1.0,5.75,6.49,76.3,2.9,6.77,5.77,Medium,Bajo,85.16,85.16,False,False
23,Female,3.95,5.97,8.55,67.5,2.66,5.87,1.92,Medium,Medio,80.32,80.32,False,False
17,Male,3.66,1.81,7.47,87.96,2.8,4.72,1.06,Medium,Medio,50.52,50.52,False,False
22,Male,0.06,6.95,5.91,94.55,3.25,2.04,1.98,Medium,Bajo,83.61,83.61,False,False
19,Female,3.55,6.71,5.19,95.1,4.25,5.04,1.49,Medium,Medio,74.95,74.95,False,False
24,Male,2.95,7.93,4.36,86.8,1.36,7.62,4.67,High,Medio,87.19,87.19,False,False
16,Male,5.36,1.82,4.83,73.89,2.78,7.68,2.32,Low,Medio,39.87,39.87,False,False
22,Male,7.51,3.68,8.96,86.44,1.68,11.71,4.2,Low,Alto,58.46,58.464409495396254,False,True
21,Female,0.69,6.85,6.03,94.57,1.59,5.03,4.34,Medium,Bajo,97.78,97.78,False,False
23,Other,2.62,2.23,8.49,85.03,0.1,7.06,4.44,Medium,Bajo,62.47,62.47,False,False
20,Male,3.55,7.1,4.85,76.52,3.0,8.71,5.16,High,Medio,83.1,83.1,False,False
16,Female,3.64,1.53,6.13,96.79,4.86,5.38,1.74,Medium,Medio,52.27,52.27,False,False
16,Female,6.2,4.01,8.8,93.41,3.81,7.45,1.25,Low,Alto,60.02,60.02,False,False
24,Female,3.55,8.62,4.46,95.3,1.21,4.7,1.15,High,Medio,87.91,87.91,False,False
21,Female,0.22,7.97,6.97,96.13,3.58,1.74,1.52,Medium,Bajo,98.54,98.54,False,False
20,Female,5.68,6.8,8.6,75.75,1.49,8.58,2.9,Low,Alto,72.77,72.77,False,False
16,Female,6.6,8.24,8.16,94.39,3.77,12.92,6.32,Low,Alto,82.89,82.88736310790757,False,True
21,Male,4.11,7.38,8.23,82.81,4.27,6.88,2.77,Medium,Medio,89.51,89.51,False,False
21,Female,4.65,5.67,8.28,61.53,1.67,7.91,3.26,Medium,Medio,67.23,67.23,False,False
18,Male,1.3,9.82,7.26,85.43,0.01,6.37,5.07,Medium,Bajo,100.0,100.0,False,False
23,Male,1.77,7.25,5.1,78.82,1.53,7.36,5.59,High,Bajo,93.47,93.47,False,False
16,Female,1.88,6.41,7.65,71.01,1.03,7.74,5.86,Medium,Bajo,88.42,88.42,False,False
16,Female,3.45,4.68,8.89,98.82,3.09,8.58,5.13,Medium,Medio,78.8,78.8,False,False
21,Female,7.37,9.05,6.58,62.2,1.45,10.94,3.57,Low,Alto,70.85,70.84836592617543,False,True
16,Male,4.17,3.66,5.3,97.84,0.18,6.32,2.15,Medium,Medio,55.4,55.4,False,False
21,Male,1.54,1.08,6.87,66.37,2.66,5.53,3.99,Medium,Bajo,56.22,56.22,False,False
16,Female,2.13,2.77,7.45,75.08,4.37,4.11,1.98,Medium,Bajo,77.7,77.70444615193898,False,True
21,Male,3.07,1.99,5.04,76.69,2.26,4.35,1.28,Medium,Medio,40.66,40.66,False,False
18,Female,4.99,3.87,7.6,89.24,1.88,10.59,5.6,Medium,Medio,53.98,53.98,False,False
23,Male,3.52,8.43,6.94,68.62,0.89,6.94,3.42,Medium,Medio,84.55,84.55,False,False
21,Male,3.14,6.86,7.06,99.44,1.94,6.68,3.54,Medium,Medio,87.79,87.79,False,False
16,Other,4.52,2.52,5.53,89.96,1.65,8.57,4.05,Medium,Medio,48.22,48.22,False,False
20,Male,1.93,8.1,4.78,91.6,4.97,5.19,3.26,High,Bajo,100.0,106.77435870249268,True,True
23,Male,0.63,5.54,7.12,64.26,0.15,3.85,3.22,Medium,Bajo,79.78,79.78,False,False
18,Male,0.2,5.61,6.93,79.05,1.19,5.78,5.58,Medium,Bajo,85.1,85.1,False,False
21,Female,2.01,4.26,5.69,97.82,0.34,7.09,5.08,Medium,Bajo,68.71,68.71,False,False
20,Female,0.73,8.78,5.48,70.8,4.29,2.79,2.06,High,Bajo,90.73,90.73,False,False
21,Male,2.69,3.86,5.74,65.82,2.09,5.15,2.46,Medium,Bajo,60.43,60.43,False,False
16,Male,6.18,1.85,6.45,79.42,3.98,10.48,4.3,Low,Alto,30.19,30.19,False,False
22,Female,5.73,3.72,8.87,97.22,3.46,9.59,3.86,Low,Alto,65.77,65.77,False,False
24,Male,4.89,7.44,7.82,79.47,4.64,9.72,4.83,Medium,Medio,88.98,88.98324493105763,False,True
17,Female,6.82,6.92,8.26,76.19,0.12,11.46,4.64,Low,Alto,74.58,74.58232379788947,False,True
20,Male,2.26,2.69,6.53,86.01,1.04,6.8,4.54,Medium,Bajo,53.96,53.96,False,False
19,Male,7.08,2.01,6.63,97.48,3.51,12.48,5.4,Low,Alto,33.56,33.56,False,False
21,Female,3.19,6.95,5.02,61.96,2.93,8.02,4.83,Medium,Medio,64.3,64.3,False,False
21,Male,3.21,7.09,7.61,66.14,3.47,5.42,2.21,Medium,Medio,71.9,71.9,False,False
17,Female,3.24,4.3,6.11,65.31,2.88,8.6,5.36,Medium,Medio,59.27,59.27,False,False
17,Male,0.78,8.59,7.71,63.41,2.91,3.46,2.68,Medium,Bajo,100.0,100.0,False,False
19,Male,7.59,9.53,5.88,72.08,4.66,13.35,5.76,Low,Alto,78.19,78.19001880565955,False,True
16,Other,1.11,2.85,4.54,69.17,4.61,6.23,5.12,Medium,Bajo,54.26,54.26,False,False
24,Male,2.73,6.19,4.87,81.95,0.19,4.1,1.37,Medium,Bajo,86.17,86.17,False,False
22,Female,2.55,1.05,8.06,73.09,2.07,7.41,4.86,Medium,Bajo,56.41,56.41,False,False
22,Male,0.6,7.42,5.29,76.21,2.55,4.1,3.5,High,Bajo,83.4,83.4,False,False
18,Female,1.22,4.73,5.32,97.67,1.79,7.11,5.89,Medium,Bajo,71.04,71.04,False,False
18,Female,0.36,2.74,8.65,66.23,0.25,3.65,3.29,Medium,Bajo,69.45,69.45,False,False
16,Male,2.34,7.77,7.29,75.54,2.36,3.68,1.34,Medium,Bajo,81.46,81.46,False,False
18,Female,6.93,8.3,4.57,70.28,4.88,9.4,2.47,High,Alto,56.12,56.11686332822008,False,True
18,Female,2.72,2.0,4.72,81.97,0.36,5.87,3.15,Medium,Bajo,38.0,38.0,False,False
19,Male,0.99,1.37,5.36,89.45,4.08,4.95,3.96,Medium,Bajo,55.89,55.88775945794549,False,True
19,Female,5.17,4.01,6.97,92.68,0.98,6.93,1.76,Low,Medio,59.07,59.06577726647791,False,True
18,Female,7.97,6.63,7.76,80.61,2.88,11.55,3.58,Low,Alto,45.63,45.63,False,False
23,Male,1.86,8.14,5.37,94.2,1.94,5.28,3.42,High,Bajo,100.0,100.0,False,False
23,Male,2.24,5.91,8.35,91.4,1.75,7.42,5.18,Medium,Bajo,95.78,95.77934088892452,False,True
16,Male,7.77,6.23,4.55,66.28,4.35,10.28,2.51,Low,Alto,38.79,38.79,False,False
22,Male,1.43,8.2,5.04,69.82,4.87,4.68,3.25,High,Bajo,94.73,94.73,False,False
17,Female,4.09,5.76,8.85,86.87,1.93,7.03,2.94,Medium,Medio,78.44,78.44,False,False
16,Female,1.92,6.5,4.67,98.99,3.2,6.08,4.16,Medium,Bajo,84.67,84.67,False,False
18,Female,7.46,5.65,8.44,75.05,2.78,12.64,5.18,Low,Alto,62.19,62.185583503143,False,True
19,Male,7.43,8.45,7.12,69.19,0.38,12.23,4.8,Low,Alto,64.99,64.98910729524616,False,True
21,Male,6.52,3.12,4.37,94.77,0.21,9.85,3.33,Low,Alto,28.2,28.2,False,False
20,Female,2.52,3.38,6.42,67.98,3.87,6.71,4.19,Medium,Bajo,55.14,55.14,False,False
19,Female,3.23,2.15,6.59,87.9,1.97,5.84,2.61,Medium,Medio,63.23,63.232523698259534,False,True
23,Female,1.94,8.38,8.66,61.37,1.54,3.66,1.72,Medium,Bajo,98.38,98.38,False,False
19,Male,7.13,4.71,6.11,60.76,4.93,9.73,2.6,Low,Alto,45.96,45.95737763757664,False,True
17,Male,7.32,4.13,6.23,78.06,0.43,10.54,3.22,Low,Alto,38.88,38.88,False,False
18,Male,3.35,9.83,4.56,86.26,1.35,6.55,3.2,High,Medio,87.25,87.25,False,False
21,Other,5.25,9.34,7.2,65.7,4.28,9.94,4.69,Low,Medio,94.44,94.4370259974146,False,True
23,Male,1.32,9.75,5.05,90.56,2.07,7.0,5.68,High,Bajo,100.0,106.43597575110796,True,True
23,Female,3.48,2.28,4.39,65.15,2.92,6.42,2.94,Medium,Medio,38.7,38.7,False,False
24,Female,5.04,9.0,8.96,81.35,0.24,6.48,1.44,Low,Medio,100.0,118.63293578685628,True,True
22,Male,3.08,3.96,5.35,72.33,4.6,4.25,1.17,Medium,Medio,56.56,56.56,False,False
17,Female,2.86,1.11,4.71,90.09,0.68,3.88,1.02,Medium,Medio,42.33,42.33,False,False
23,Female,0.01,4.52,7.5,92.16,1.07,5.7,5.69,Medium,Bajo,96.2,96.2,False,False
22,Female,6.43,5.58,8.11,62.64,0.78,12.41,5.98,Low,Alto,53.9,53.9,False,False
23,Male,7.11,1.97,4.32,67.7,2.49,8.37,1.26,Low,Alto,12.34,12.344683543085363,False,True
18,Male,7.76,5.84,4.53,95.71,4.08,10.55,2.79,Low,Alto,34.03,34.03,False,False
22,Male,5.75,8.38,4.45,76.62,1.33,10.1,4.35,High,Alto,84.85,84.85154266180427,False,True
24,Male,4.39,4.4,4.23,79.07,0.71,6.28,1.89,Medium,Medio,44.94,44.94,False,False
18,Female,2.15,4.17,7.3,66.72,2.05,6.12,3.97,Medium,Bajo,64.42,64.42,False,False
21,Female,7.99,4.05,6.94,99.8,4.91,13.06,5.07,Low,Alto,36.96,36.96,False,False
17,Male,4.72,9.31,7.31,96.92,0.06,10.01,5.29,Medium,Medio,100.0,102.56915866139552,True,True
17,Female,5.45,1.44,6.53,60.08,2.52,9.98,4.53,Low,Medio,21.13,21.13,False,False
20,Female,5.46,5.01,8.09,82.03,3.35,6.87,1.41,Low,Medio,60.12,60.12,False,False
20,Male,6.76,3.38,6.73,94.89,4.03,9.5,2.74,Low,Alto,33.81,33.81,False,False
22,Male,0.08,9.04,8.59,77.22,3.73,5.92,5.84,Medium,Bajo,100.0,100.0,False,False
17,Female,1.76,1.86,6.43,77.47,0.37,3.72,1.96,Medium,Bajo,64.56,64.56,False,False
22,Female,5.32,4.7,7.95,75.17,2.31,8.59,3.27,Low,Medio,56.75,56.75,False,False
20,Female,7.16,4.66,6.04,61.15,0.39,9.83,2.67,Low,Alto,41.99,41.99,False,False
21,Male,5.48,9.0,6.18,91.61,3.1,7.51,2.03,Low,Alto,84.95,84.9460695066112,False,True
23,Male,3.31,2.94,8.24,78.27,0.39,5.93,2.62,Medium,Medio,63.13,63.13,False,False
19,Male,2.89,6.8,4.54,81.24,0.24,4.84,1.95,Medium,Medio,80.04,80.04,False,False
22,Female,5.9,2.21,6.82,70.23,1.53,11.29,5.39,Low,Alto,37.99,37.99,False,False
21,Female,5.89,9.53,7.58,91.36,4.69,7.8,1.91,Low,Alto,100.0,107.33792050275942,True,True
17,Male,4.86,6.34,7.75,91.75,3.55,8.98,4.12,Medium,Medio,85.92,85.92092926496484,False,True
23,Female,2.33,6.64,6.96,82.12,0.02,8.04,5.71,Medium,Bajo,87.05,87.04548955076007,False,True
24,Female,7.4,4.9,6.24,96.19,1.42,13.16,5.76,Low,Alto,43.38,43.38,False,False
20,Female,4.42,4.08,5.3,64.64,0.09,8.42,4.0,Medium,Medio,42.3,42.3,False,False
19,Other,6.32,2.91,8.55,91.47,1.47,8.67,2.35,Low,Alto,47.93,47.93,False,False
21,Male,1.71,6.44,5.85,82.34,3.43,3.95,2.24,Medium,Bajo,93.44,93.44,False,False
23,Female,2.75,9.59,7.99,69.24,3.8,7.49,4.74,Medium,Bajo,100.0,100.0,False,False
18,Male,7.0,4.24,4.16,65.29,4.02,12.9,5.9,Low,Alto,24.1,24.1,False,False
16,Male,0.4,8.95,5.16,72.04,4.55,1.79,1.39,High,Bajo,92.01,92.01,False,False
19,Female,4.1,2.34,5.73,94.25,1.83,9.05,4.95,Medium,Medio,50.26,50.26,False,False
19,Female,3.85,9.43,7.36,91.5,4.31,5.46,1.61,Medium,Medio,100.0,100.0,False,False
16,Female,6.01,4.15,5.6,85.81,3.64,8.5,2.49,Low,Alto,37.31,37.31,False,False
24,Female,2.26,4.42,4.21,63.61,2.69,6.09,3.83,Medium,Bajo,50.55,50.55,False,False
18,Female,1.75,5.17,4.87,98.19,4.77,4.24,2.49,Medium,Bajo,84.66,84.65657448914709,False,True
20,Female,7.41,7.46,5.3,72.22,4.74,11.66,4.25,High,Alto,53.29,53.2906906686928,False,True
21,Male,4.57,7.48,4.88,84.28,4.49,7.66,3.09,High,Medio,61.09,61.09,False,False
23,Female,0.84,5.32,5.02,92.12,1.01,2.94,2.1,Medium,Bajo,81.33,81.32596209306496,False,True
21,Female,1.54,5.71,7.84,65.31,1.04,5.19,3.65,Medium,Bajo,88.3,88.3,False,False
18,Male,7.99,1.27,6.06,86.09,4.51,9.11,1.12,Low,Alto,13.03,13.03,False,False
21,Male,1.56,3.74,6.03,61.29,1.99,6.27,4.71,Medium,Bajo,73.11,73.10685487482296,False,True
16,Female,4.88,4.11,8.83,64.07,3.99,8.49,3.61,Medium,Medio,52.96,52.96,False,False
19,Female,3.36,6.03,6.23,88.93,3.43,9.09,5.73,Medium,Medio,83.45,83.4513276150322,False,True
21,Female,7.08,6.02,8.64,66.2,3.81,8.59,1.51,Low,Alto,54.44,54.44,False,False
22,Female,6.04,7.39,5.5,77.74,0.13,10.7,4.66,High,Alto,75.83,75.82814408046143,False,True
18,Male,4.78,7.45,6.0,69.93,2.15,7.28,2.5,Medium,Medio,56.22,56.22,False,False
24,Female,0.09,3.12,5.98,76.85,4.29,2.96,2.87,Medium,Bajo,56.91,56.91,False,False
22,Female,7.04,7.93,6.73,63.09,2.45,9.78,2.74,Low,Alto,73.01,73.01140711546493,False,True
16,Female,3.56,1.18,6.92,90.2,3.45,6.35,2.79,Medium,Medio,50.75,50.75,False,False
17,Female,7.45,7.45,5.24,63.16,3.78,10.6,3.15,High,Alto,56.45,56.44658809894175,False,True
16,Female,3.96,1.92,7.97,93.52,0.6,5.07,1.11,Medium,Medio,51.23,51.23,False,False
24,Female,5.55,7.57,6.48,86.5,0.78,10.78,5.23,Low,Alto,77.9,77.90290628157018,False,True
24,Female,0.55,5.74,4.04,76.66,3.62,5.96,5.41,Medium,Bajo,66.39,66.39,False,False
22,Male,5.96,4.94,6.96,94.66,0.27,7.16,1.2,Low,Alto,45.1,45.1,False,False
18,Female,2.7,7.22,7.99,67.45,1.71,7.58,4.88,Medium,Bajo,87.34,87.34,False,False
20,Male,2.81,1.33,5.25,70.58,4.59,4.17,1.36,Medium,Medio,47.81,47.81,False,False
19,Male,0.95,3.01,4.19,65.48,2.87,5.99,5.04,Medium,Bajo,51.77,51.77,False,False
22,Female,1.17,6.55,8.04,75.26,4.55,5.23,4.06,Medium,Bajo,92.93,92.93,False,False
24,Male,1.49,8.62,8.88,99.47,1.55,4.02,2.53,Medium,Bajo,100.0,100.0,False,False
17,Female,2.63,4.43,4.38,66.44,3.18,6.7,4.07,Medium,Bajo,61.07,61.07,False,False
23,Male,7.14,3.33,8.69,93.24,1.43,10.67,3.53,Low,Alto,44.96,44.96,False,False
24,Male,2.95,5.67,5.8,86.08,0.56,7.13,4.18,Medium,Medio,73.52,73.52,False,False
24,Female,5.79,6.6,8.71,60.63,4.95,9.17,3.38,Low,Alto,57.55,57.55,False,False
22,Male,0.66,4.78,7.24,97.8,0.88,5.52,4.86,Medium,Bajo,81.32,81.32,False,False
24,Female,4.73,8.89,8.45,98.84,0.94,5.96,1.23,Medium,Medio,99.89,99.89,False,False
24,Male,3.86,5.71,7.93,97.0,4.21,6.58,2.72,Medium,Medio,77.28,77.28,False,False
18,Male,7.82,1.32,4.14,80.07,4.01,11.62,3.8,Low,Alto,1.51,1.51,False,False
19,Male,6.77,3.01,4.33,68.82,4.89,10.71,3.94,Low,Alto,33.34,33.34,False,False
17,Male,3.64,5.06,6.63,75.65,0.36,5.49,1.85,Medium,Medio,66.03,66.03,False,False
18,Female,6.2,7.28,4.65,84.57,0.47,7.57,1.37,High,Alto,70.47,70.4671950772809,False,True
20,Male,1.54,2.98,6.31,75.15,2.24,2.64,1.1,Medium,Bajo,66.16,66.16,False,False
20,Female,4.49,9.76,8.75,88.33,2.96,7.57,3.08,Medium,Medio,97.84,97.84,False,False
21,Female,0.6,3.87,5.47,91.82,0.19,3.25,2.65,Medium,Bajo,71.35,71.35,False,False
22,Female,2.78,5.79,6.44,68.38,0.79,6.62,3.84,Medium,Bajo,88.55,88.55204292002914,False,True
22,Female,1.81,1.17,5.92,76.2,3.52,5.06,3.25,Medium,Bajo,55.76,55.76,False,False
16,Male,5.75,8.96,7.15,98.31,3.34,8.72,2.97,Low,Alto,83.63,83.63438729291582,False,True
17,Male,3.92,8.1,4.97,69.99,0.45,9.14,5.22,High,Medio,71.77,71.77,False,False
24,Female,6.01,2.76,5.3,73.86,4.66,10.12,4.11,Low,Alto,30.97,30.97,False,False
17,Female,4.12,9.4,8.29,61.43,1.27,8.35,4.23,Medium,Medio,83.73,83.73,False,False
21,Female,0.69,3.84,8.06,73.29,4.44,3.6,2.91,Medium,Bajo,73.78,73.78,False,False
16,Female,5.88,7.23,7.95,74.84,4.61,10.76,4.88,Low,Alto,72.5,72.49591766145325,False,True
18,Male,6.67,8.37,7.85,63.99,2.45,8.43,1.76,Low,Alto,74.47,74.46802511465496,False,True
17,Male,7.23,7.67,6.3,60.06,2.06,10.24,3.01,Low,Alto,60.97,60.96806847485341,False,True
18,Female,4.58,9.26,7.64,83.02,1.39,5.82,1.24,Medium,Medio,94.92,94.92,False,False
20,Female,6.03,8.78,5.94,72.06,4.04,7.61,1.58,High,Alto,68.34,68.33538857404203,False,True
21,Male,6.02,9.95,4.5,60.71,0.98,7.43,1.41,High,Alto,86.08,86.08133065184691,False,True
24,Female,1.25,2.64,5.97,94.4,3.11,4.46,3.21,Medium,Bajo,68.61,68.61,False,False
19,Male,1.31,3.74,4.79,83.38,2.84,5.8,4.49,Medium,Bajo,67.51,67.51,False,False
22,Male,0.57,6.73,5.95,66.85,1.24,3.13,2.56,Medium,Bajo,79.28,79.28,False,False
21,Female,2.56,7.6,5.49,94.61,4.92,3.69,1.13,High,Bajo,87.51,87.51,False,False
17,Female,3.79,5.81,7.0,70.14,4.23,8.33,4.54,Medium,Medio,71.61,71.61,False,False
23,Female,7.98,1.67,5.81,69.1,0.1,10.02,2.04,Low,Alto,1.95,1.95,False,False
22,Male,3.45,8.57,7.53,95.79,2.11,8.06,4.61,Medium,Medio,100.0,100.0,False,False
22,Male,5.81,9.65,6.56,67.18,1.79,6.85,1.04,Low,Alto,89.02,89.01649442185493,False,True
23,Female,5.55,4.65,8.6,95.16,4.41,8.11,2.56,Low,Alto,56.83,56.83,False,False
16,Male,1.64,3.02,4.46,92.12,1.32,5.75,4.11,Medium,Bajo,71.63,71.63,False,False
16,Female,0.47,1.17,7.44,72.39,4.99,5.83,5.36,Medium,Bajo,65.43,65.43,False,False
23,Female,4.37,3.14,7.36,61.38,1.0,9.14,4.77,Medium,Medio,45.91,45.91,False,False
19,Female,5.6,7.3,8.75,63.3,1.22,8.85,3.25,Low,Alto,77.85,77.84710687738469,False,True
20,Male,7.97,9.18,5.85,64.38,3.33,12.58,4.61,High,Alto,60.79,60.78904912131478,False,True
23,Female,2.87,1.84,5.53,95.63,0.81,6.56,3.69,Medium,Medio,45.24,45.24,False,False
20,Male,7.17,5.98,4.86,76.16,4.44,12.24,5.07,Low,Alto,44.9,44.9,False,False
19,Male,3.06,7.26,5.33,61.3,0.55,7.92,4.86,High,Medio,63.16,63.16,False,False
21,Male,5.52,3.49,6.51,82.26,4.92,11.4,5.88,Low,Alto,47.17,47.17,False,False
20,Male,4.79,6.13,8.19,68.32,4.37,6.31,1.52,Medium,Medio,76.91,76.91,False,False
22,Female,0.42,7.44,5.42,69.41,4.2,3.12,2.7,High,Bajo,78.15,78.15,False,False
22,Male,0.63,8.54,4.79,66.43,2.04,2.59,1.96,High,Bajo,87.86,87.86,False,False
19,Male,0.17,5.07,5.36,90.48,2.57,4.32,4.15,Medium,Bajo,84.56,84.56,False,False
20,Other,2.97,7.73,4.5,60.02,2.28,7.29,4.32,High,Medio,74.16,74.16,False,False
18,Male,5.97,3.72,8.63,77.56,4.94,7.99,2.02,Low,Alto,55.1,55.1,False,False
19,Female,1.38,2.92,8.36,63.47,0.17,4.49,3.11,Medium,Bajo,68.32,68.32,False,False
19,Male,4.85,2.69,5.54,82.09,1.91,8.86,4.01,Medium,Medio,36.86,36.86,False,False
18,Male,2.31,4.23,5.23,73.84,4.84,6.6,4.29,Medium,Bajo,60.43,60.43,False,False
20,Female,6.38,1.32,8.53,61.13,1.85,7.89,1.51,Low,Alto,29.48,29.48,False,False
20,Male,6.39,3.55,4.01,78.44,1.99,12.0,5.61,Low,Alto,31.57,31.57,False,False
22,Female,6.2,6.87,7.0,82.82,3.16,7.37,1.17,Low,Alto,65.41,65.41,False,False
19,Male,4.2,6.83,8.58,69.91,4.54,10.06,5.86,Medium,Medio,83.95,83.95,False,False
19,Male,2.28,1.66,6.54,90.62,1.47,4.86,2.58,Medium,Bajo,57.0,57.0,False,False
24,Male,6.48,3.59,4.01,74.84,4.74,9.06,2.58,Low,Alto,21.8,21.8,False,False
21,Male,1.49,6.13,5.09,89.97,1.41,4.72,3.23,Medium,Bajo,78.72,78.72,False,False
19,Male,2.32,3.87,8.61,83.16,4.08,6.79,4.47,Medium,Bajo,79.33,79.33,False,False
17,Female,1.47,4.76,4.09,94.77,1.38,3.27,1.8,Medium,Bajo,79.82,79.82,False,False
21,Female,5.39,7.42,5.97,81.88,0.36,7.66,2.27,High,Medio,92.82,92.82209158159708,False,True
17,Male,5.49,1.08,7.95,67.43,4.06,11.3,5.81,Low,Alto,44.9,44.9,False,False
20,Male,5.22,3.49,8.19,92.9,2.25,10.6,5.38,Low,Medio,62.58,62.58,False,False
21,Female,3.32,2.28,6.39,91.32,1.95,5.38,2.06,Medium,Medio,56.37,56.37,False,False
19,Female,0.8,2.15,5.16,98.89,2.15,4.67,3.87,Medium,Bajo,59.67,59.67,False,False
18,Female,7.01,9.26,6.73,63.74,3.06,9.31,2.3,Low,Alto,68.49,68.48555703383708,False,True
22,Female,4.06,4.39,5.32,83.65,1.31,7.81,3.75,Medium,Medio,56.69,56.69,False,False
17,Male,3.26,5.74,5.28,79.67,1.19,6.09,2.83,Medium,Medio,67.16,67.16,False,False
21,Male,4.71,7.6,8.04,86.83,2.42,7.52,2.81,Medium,Medio,92.89,92.89,False,False
19,Female,1.54,1.43,4.77,99.21,0.18,5.72,4.18,Medium,Bajo,61.53,61.53,False,False
21,Female,1.06,3.17,4.03,81.29,3.21,3.32,2.26,Medium,Bajo,61.2,61.2,False,False
19,Female,3.24,8.49,5.68,87.43,4.11,6.26,3.02,High,Medio,83.82,83.82,False,False
19,Male,1.82,8.76,6.45,73.89,3.64,7.45,5.63,Medium,Bajo,100.0,100.0,False,False
19,Other,1.95,4.36,7.53,71.96,2.35,6.73,4.78,Medium,Bajo,78.11,78.11,False,False
24,Female,7.14,4.37,7.91,73.41,2.83,10.06,2.92,Low,Alto,39.47,39.47,False,False
22,Male,4.25,7.81,7.32,61.54,0.13,6.4,2.15,Medium,Medio,73.65,73.65,False,False
18,Female,3.87,3.66,7.13,71.39,4.56,8.17,4.3,Medium,Medio,59.42,59.42,False,False
18,Male,5.52,2.05,7.33,66.92,2.79,10.56,5.04,Low,Alto,33.72,33.72,False,False
21,Male,7.61,3.32,5.36,78.3,1.58,12.91,5.3,Low,Alto,21.25,21.25,False,False
21,Male,0.9,4.49,5.91,78.43,1.47,4.72,3.82,Medium,Bajo,69.98,69.98,False,False
19,Male,6.67,1.47,7.08,90.61,3.3,10.25,3.58,Low,Alto,44.04,44.04,False,False
24,Male,4.67,5.31,4.33,80.09,2.92,9.27,4.6,Medium,Medio,60.96,60.95640138192927,False,True
19,Female,1.17,7.66,5.48,78.52,0.94,3.05,1.88,High,Bajo,89.79,89.79,False,False
24,Male,2.38,5.62,6.03,69.27,2.05,7.64,5.26,Medium,Bajo,58.41,58.41,False,False
19,Female,3.86,1.65,6.67,94.1,3.38,5.23,1.37,Medium,Medio,41.44,41.44,False,False
17,Male,5.53,4.96,6.43,63.64,1.49,9.55,4.02,Low,Alto,47.1,47.1,False,False
17,Male,1.94,7.38,7.59,99.29,2.55,5.89,3.95,Medium,Bajo,100.0,100.0,False,False
20,Female,4.28,1.52,6.37,79.04,1.27,6.83,2.55,Medium,Medio,52.04,52.04,False,False
19,Female,5.48,1.54,8.52,67.44,0.36,6.66,1.18,Low,Alto,36.7,36.7,False,False
22,Female,3.59,4.34,5.9,74.17,1.94,8.18,4.59,Medium,Medio,60.11,60.11,False,False
20,Other,6.9,2.75,6.63,60.61,3.66,8.02,1.12,Low,Alto,24.13,24.13,False,False
21,Male,6.96,9.41,4.02,66.66,1.07,8.86,1.9,High,Alto,64.64,64.63958998344191,False,True
19,Male,3.77,6.23,5.55,73.41,3.77,7.49,3.72,Medium,Medio,65.76,65.76,False,False
17,Female,7.78,3.59,8.33,82.18,3.35,13.48,5.7,Low,Alto,33.33,33.33,False,False
24,Other,0.6,7.34,5.67,65.18,2.54,1.93,1.33,High,Bajo,82.06,82.06,False,False
22,Female,0.03,4.37,5.27,87.04,4.86,3.92,3.89,Medium,Bajo,76.95,76.95,False,False
19,Female,3.05,2.19,6.72,93.77,4.42,5.69,2.64,Medium,Medio,64.01,64.01,False,False
18,Female,4.81,3.14,4.39,82.89,2.82,9.16,4.35,Medium,Medio,37.92,37.92,False,False
18,Male,5.03,6.78,6.66,71.88,2.79,10.79,5.76,Low,Medio,69.96,69.96,False,False
24,Female,3.81,1.47,5.52,64.86,1.39,6.15,2.34,Medium,Medio,36.27,36.27,False,False
20,Female,1.0,3.45,5.92,60.62,4.6,6.78,5.78,Medium,Bajo,72.38,72.38073868772057,False,True
18,Female,1.36,2.87,7.96,89.27,4.48,6.71,5.35,Medium,Bajo,81.06,81.06,False,False
20,Male,6.82,2.81,7.31,85.14,3.71,10.86,4.04,Low,Alto,42.76,42.76,False,False
17,Male,6.94,7.14,6.23,79.05,0.64,11.73,4.79,Low,Alto,60.86,60.86017572159167,False,True
19,Male,5.39,8.43,6.89,64.08,3.52,10.71,5.32,Low,Medio,83.68,83.68413802251347,False,True
17,Male,5.31,7.44,7.83,68.28,1.27,10.33,5.02,Low,Medio,91.36,91.35856129607252,False,True
17,Female,4.78,6.81,7.73,92.61,0.94,7.41,2.63,Medium,Medio,78.45,78.45,False,False
23,Male,1.62,9.25,4.93,79.19,3.8,6.68,5.06,High,Bajo,95.88,95.88,False,False
16,Male,3.43,1.53,5.5,98.51,4.8,6.0,2.57,Medium,Medio,48.88,48.88,False,False
22,Male,5.57,2.51,5.74,100.0,0.54,10.91,5.34,Low,Alto,41.77,41.77,False,False
20,Female,4.3,4.73,4.94,92.03,0.82,6.58,2.28,Medium,Medio,63.19,63.19,False,False
23,Female,0.15,4.35,4.06,70.33,1.1,4.01,3.86,Medium,Bajo,63.1,63.1,False,False
16,Male,7.63,4.76,4.87,69.24,4.81,12.09,4.46,Low,Alto,26.61,26.61,False,False
22,Male,6.76,2.86,8.04,70.15,3.48,9.89,3.13,Low,Alto,34.95,34.95,False,False
20,Male,2.08,2.35,6.73,99.47,3.39,6.99,4.91,Medium,Bajo,65.7,65.7,False,False
19,Female,4.93,5.58,5.71,73.41,2.53,10.56,5.63,Medium,Medio,64.03,64.03,False,False
22,Male,7.15,9.04,6.81,88.26,2.69,9.32,2.17,Low,Alto,83.43,83.43434585024843,False,True
17,Female,0.77,4.53,7.7,98.36,1.45,1.94,1.17,Medium,Bajo,87.35,87.34710212279455,False,True
16,Male,4.02,1.39,5.77,92.78,0.77,8.15,4.13,Medium,Medio,44.54,44.54,False,False
16,Male,3.65,7.36,6.33,83.9,3.9,7.66,4.01,Medium,Medio,82.43,82.43,False,False
16,Female,3.28,3.62,4.32,66.76,2.35,5.99,2.71,Medium,Medio,49.03,49.03,False,False
20,Male,6.68,3.21,6.99,67.0,1.28,11.61,4.93,Low,Alto,25.39,25.39,False,False
22,Female,3.05,3.92,5.78,79.7,3.16,8.18,5.13,Medium,Medio,60.63,60.63,False,False
17,Male,0.51,7.51,6.17,98.08,1.05,3.17,2.66,Medium,Bajo,95.6,95.6,False,False
23,Female,0.53,8.37,6.11,96.18,2.44,4.94,4.41,Medium,Bajo,95.26,95.26,False,False
19,Female,0.34,6.29,7.16,66.65,0.95,4.55,4.21,Medium,Bajo,92.02,92.02,False,False
18,Female,3.27,3.9,6.86,71.51,3.8,5.98,2.71,Medium,Medio,59.06,59.06,False,False
23,Male,5.75,3.79,6.11,83.55,1.6,11.6,5.85,Low,Alto,43.33,43.33,False,False
17,Male,1.63,2.12,4.08,79.1,2.21,4.36,2.73,Medium,Bajo,58.02,58.02,False,False
18,Male,5.17,9.4,7.1,64.77,3.77,9.27,4.1,Low,Medio,100.0,101.24636980048577,True,True
18,Female,5.5,6.74,8.4,74.77,3.3,8.4,2.9,Low,Alto,69.43,69.43,False,False
16,Female,2.04,1.24,7.85,98.19,2.0,3.1,1.06,Medium,Bajo,62.62,62.62,False,False
21,Male,4.8,6.96,8.91,98.06,0.36,6.26,1.46,Medium,Medio,80.73,80.73,False,False
17,Male,5.48,5.02,4.7,82.38,4.61,7.64,2.16,Low,Alto,51.35,51.35197149834196,False,True
16,Female,3.73,9.75,5.11,85.41,0.04,8.79,5.06,High,Medio,96.64,96.64,False,False
17,Male,2.69,8.37,6.7,68.88,3.67,5.9,3.21,Medium,Bajo,89.09,89.09,False,False
21,Male,4.95,2.54,5.18,89.68,4.73,8.89,3.94,Medium,Medio,51.55,51.54920051299548,False,True
19,Male,7.82,7.48,4.17,62.1,1.53,13.54,5.72,High,Alto,50.18,50.1788944982729,False,True
21,Female,3.41,5.37,6.01,68.83,0.38,5.15,1.74,Medium,Medio,66.42,66.42,False,False
24,Female,3.13,2.68,5.44,60.24,1.25,8.44,5.31,Medium,Medio,36.12,36.12,False,False
23,Other,3.71,7.29,5.32,75.43,1.57,6.61,2.9,High,Medio,77.66,77.66,False,False
16,Male,0.61,5.93,8.77,94.01,2.26,3.3,2.69,Medium,Bajo,97.77,97.77,False,False
23,Female,4.43,1.27,5.19,99.3,2.63,8.56,4.13,Medium,Medio,37.17,37.17,False,False
24,Female,2.63,6.82,4.65,86.71,3.63,8.12,5.49,Medium,Bajo,80.15,80.15,False,False
21,Male,0.97,6.71,4.63,89.79,4.5,3.71,2.74,Medium,Bajo,88.77,88.77,False,False
20,Female,3.73,2.3,8.03,70.51,2.32,8.54,4.81,Medium,Medio,50.64,50.64,False,False
21,Male,0.03,4.14,7.57,80.81,3.73,1.13,1.1,Medium,Bajo,73.37,73.37,False,False
21,Male,3.21,6.27,4.65,89.46,0.64,7.33,4.12,Medium,Medio,79.88,79.88,False,False
24,Male,0.85,2.25,5.1,79.89,1.64,5.0,4.15,Medium,Bajo,55.22,55.22,False,False
19,Male,0.19,8.67,7.74,63.54,0.59,3.97,3.78,Medium,Bajo,92.28,92.28,False,False
17,Female,6.6,1.25,5.37,89.63,3.46,12.29,5.69,Low,Alto,27.51,27.51212485293937,False,True
24,Male,7.33,1.93,8.91,68.78,4.54,13.02,5.69,Low,Alto,30.41,30.41,False,False
17,Male,1.66,2.04,6.7,63.91,4.45,4.37,2.71,Medium,Bajo,58.53,58.53,False,False
24,Male,4.31,5.75,4.96,79.12,1.63,7.59,3.28,Medium,Medio,59.54,59.54,False,False
17,Female,2.22,6.58,8.29,62.98,1.17,7.18,4.96,Medium,Bajo,83.16,83.16,False,False
23,Female,3.95,4.63,5.6,85.18,1.37,9.17,5.22,Medium,Medio,57.93,57.93,False,False
24,Female,3.49,3.6,5.44,85.62,1.44,6.58,3.09,Medium,Medio,49.62,49.62,False,False
24,Female,2.15,8.28,5.64,70.27,0.41,4.9,2.75,High,Bajo,80.53,80.53,False,False
24,Male,5.6,1.61,7.84,98.58,0.67,10.7,5.1,Low,Alto,51.06,51.06086937544521,False,True
17,Male,1.01,3.52,4.87,92.98,1.07,3.89,2.88,Medium,Bajo,77.62,77.62,False,False
19,Female,0.42,1.35,5.91,64.38,0.04,3.45,3.03,Medium,Bajo,49.13,49.13,False,False
22,Male,6.14,1.13,4.15,89.94,0.24,7.82,1.68,Low,Alto,26.86,26.86,False,False
17,Male,5.33,4.18,8.13,74.12,3.49,9.04,3.71,Low,Medio,60.72,60.72,False,False
16,Female,3.99,2.75,5.7,90.01,3.1,6.62,2.63,Medium,Medio,49.7,49.7,False,False
18,Male,3.74,3.42,5.24,92.03,4.73,7.69,3.95,Medium,Medio,57.81,57.81,False,False
19,Male,3.98,8.39,6.9,66.06,2.01,7.22,3.24,Medium,Medio,84.32,84.32,False,False
23,Male,3.5,2.47,7.52,86.47,2.22,8.24,4.74,Medium,Medio,55.22,55.22,False,False
21,Male,3.14,8.02,8.06,94.51,0.34,5.53,2.39,Medium,Medio,96.08,96.07987940052212,False,True
17,Female,4.0,7.08,5.74,72.93,0.76,5.86,1.86,High,Medio,72.01,72.01,False,False
24,Female,4.23,3.94,8.06,63.21,3.46,8.74,4.51,Medium,Medio,69.99,69.99239904973058,False,True
17,Female,5.54,5.92,6.32,61.09,1.18,8.46,2.92,Low,Alto,50.28,50.28,False,False
20,Female,5.69,5.0,4.51,64.4,3.87,9.51,3.82,Low,Alto,50.25,50.25,False,False
19,Male,3.02,2.16,8.23,60.17,3.53,8.73,5.71,Medium,Medio,68.36,68.35815300909086,False,True
22,Male,3.31,9.16,6.74,73.08,3.74,6.73,3.42,Medium,Medio,84.44,84.44,False,False
23,Male,2.99,6.13,7.01,71.97,3.45,4.75,1.76,Medium,Medio,75.1,75.1,False,False
20,Male,4.29,8.92,8.69,64.41,3.54,7.42,3.13,Medium,Medio,85.63,85.63,False,False
20,Other,3.63,8.41,6.8,86.04,2.73,7.02,3.39,Medium,Medio,87.8,87.8,False,False
17,Female,7.12,1.72,4.03,99.68,3.39,11.95,4.83,Low,Alto,21.62,21.62,False,False
23,Male,5.57,2.87,8.35,96.04,2.63,7.55,1.98,Low,Alto,51.88,51.88,False,False
17,Male,7.19,2.31,5.42,70.11,1.03,9.92,2.73,Low,Alto,15.16,15.16,False,False
21,Male,5.67,8.48,6.51,90.8,1.09,6.92,1.25,Low,Alto,86.0,85.99716617933741,False,True
23,Male,7.77,8.76,5.02,97.47,2.03,12.28,4.51,High,Alto,68.39,68.39128662950736,False,True
21,Male,5.09,5.75,5.48,96.25,0.07,9.81,4.72,Low,Medio,66.08,66.08,False,False
19,Female,7.71,1.94,7.43,95.38,4.45,11.0,3.29,Low,Alto,30.23,30.23,False,False
19,Female,1.27,2.22,6.15,91.46,1.34,4.96,3.69,Medium,Bajo,74.35,74.35,False,False
21,Female,0.42,8.32,7.14,71.72,0.26,5.17,4.75,Medium,Bajo,99.0,99.0,False,False
19,Male,4.63,9.36,8.12,63.34,2.12,6.97,2.34,Medium,Medio,85.91,85.91,False,False
23,Male,7.87,2.8,5.7,79.51,4.08,11.9,4.03,Low,Alto,27.23,27.234716928091053,False,True
24,Female,3.34,1.1,6.84,62.19,1.99,9.16,5.82,Medium,Medio,41.62,41.61533174384684,False,True
16,Female,1.7,3.98,7.89,99.94,1.31,5.99,4.29,Medium,Bajo,81.83,81.83,False,False
19,Female,4.17,1.27,7.58,74.33,2.72,5.56,1.39,Medium,Medio,46.9,46.9,False,False
19,Female,5.19,8.45,6.7,98.33,2.87,7.64,2.45,Low,Medio,95.86,95.86472971993044,False,True
17,Female,2.52,5.42,5.92,90.92,3.8,6.12,3.6,Medium,Bajo,62.25,62.25,False,False
21,Female,5.72,6.78,6.04,76.45,4.0,7.08,1.36,Low,Alto,65.12,65.12,False,False
18,Male,7.8,4.7,6.17,64.73,3.53,12.18,4.38,Low,Alto,26.67,26.67,False,False
22,Female,7.18,4.11,5.74,69.49,0.02,11.45,4.27,Low,Alto,26.83,26.83,False,False
20,Male,2.33,3.0,7.5,86.92,0.01,7.71,5.38,Medium,Bajo,65.33,65.33,False,False
19,Male,2.61,7.93,4.63,93.2,4.89,6.11,3.5,High,Bajo,79.32,79.32,False,False
20,Female,2.97,7.26,8.84,99.18,1.32,7.43,4.46,Medium,Medio,97.6,97.6,False,False
23,Male,3.16,4.25,7.89,65.29,1.41,5.07,1.91,Medium,Medio,74.99,74.99,False,False
18,Male,0.8,3.89,5.49,66.24,3.66,1.81,1.01,Medium,Bajo,56.0,56.0,False,False
22,Male,6.1,1.01,4.21,61.7,2.91,7.96,1.86,Low,Alto,14.37,14.37,False,False
21,Male,2.92,1.57,7.56,70.41,2.32,4.23,1.31,Medium,Medio,55.68,55.68,False,False
16,Male,7.04,6.61,7.67,92.84,0.58,10.18,3.14,Low,Alto,63.74,63.74,False,False
22,Male,7.42,5.63,8.82,67.93,0.41,10.76,3.34,Low,Alto,56.68,56.68,False,False
22,Male,0.2,4.91,5.27,81.91,3.52,4.42,4.22,Medium,Bajo,79.84,79.84,False,False
16,Male,7.91,8.45,4.41,77.86,0.62,9.61,1.7,High,Alto,62.53,62.5306647053331,False,True
24,Other,5.68,5.54,8.58,73.03,2.18,7.75,2.07,Low,Alto,67.59,67.59,False,False
21,Male,4.16,4.46,5.29,84.73,3.68,9.15,4.99,Medium,Medio,69.51,69.50509008651692,False,True
17,Male,3.12,2.45,7.61,80.09,4.62,7.0,3.88,Medium,Medio,56.4,56.4,False,False
20,Female,4.15,8.39,4.3,73.39,4.37,5.3,1.15,High,Medio,75.8,75.8,False,False
19,Female,2.6,6.19,7.8,87.55,4.32,7.84,5.24,Medium,Bajo,84.86,84.86,False,False
22,Female,4.98,1.83,4.64,71.2,1.79,9.13,4.15,Medium,Medio,22.0,22.0,False,False
23,Male,0.74,6.84,7.48,85.73,4.64,2.67,1.93,Medium,Bajo,100.0,100.0,False,False
16,Female,4.97,4.83,6.66,98.29,3.42,7.23,2.26,Medium,Medio,60.18,60.18,False,False
20,Female,2.2,8.3,8.78,89.16,4.43,5.97,3.77,Medium,Bajo,100.0,100.0,False,False
18,Female,0.14,9.27,4.18,76.74,0.44,3.94,3.8,High,Bajo,97.93,97.93,False,False
16,Female,4.42,6.4,5.46,89.9,0.2,9.45,5.03,Medium,Medio,64.15,64.15,False,False
18,Female,4.63,7.58,4.35,92.37,2.15,7.42,2.79,High,Medio,66.79,66.79,False,False
21,Female,3.41,1.51,8.4,73.03,4.14,7.16,3.75,Medium,Medio,53.96,53.96,False,False
22,Female,0.58,6.04,6.97,88.21,2.04,4.49,3.91,Medium,Bajo,91.7,91.7,False,False
23,Male,7.15,7.8,6.67,77.38,4.42,10.94,3.79,Low,Alto,64.09,64.09045461920309,False,True
19,Female,4.89,5.47,4.66,92.74,1.17,6.25,1.36,Medium,Medio,49.75,49.75,False,False
18,Female,0.93,6.34,6.45,71.82,0.2,3.99,3.06,Medium,Bajo,87.61,87.61,False,False
20,Male,4.09,9.09,5.99,97.51,3.81,6.78,2.69,High,Medio,76.58,76.58,False,False
24,Other,3.98,2.78,5.58,82.99,3.13,9.94,5.96,Medium,Medio,49.76,49.76,False,False
21,Male,0.48,1.88,7.86,74.13,2.2,3.81,3.33,Medium,Bajo,69.96,69.96,False,False
24,Male,4.85,7.22,4.31,76.77,4.23,8.03,3.18,High,Medio,52.98,52.98,False,False
21,Female,6.47,8.41,7.23,73.91,4.12,9.89,3.42,Low,Alto,76.27,76.26941267463728,False,True
17,Male,5.99,8.65,8.11,65.85,1.62,11.59,5.6,Low,Alto,80.5,80.49620269983933,False,True
20,Male,1.62,6.77,8.54,62.74,4.19,5.68,4.06,Medium,Bajo,95.45,95.45,False,False
24,Male,6.86,8.45,7.69,72.87,1.73,9.85,2.99,Low,Alto,82.94,82.93732463867757,False,True
23,Male,2.74,7.31,5.41,78.35,3.11,8.3,5.56,High,Bajo,73.2,73.2,False,False
22,Male,7.57,1.79,7.0,74.47,0.96,13.22,5.65,Low,Alto,28.31,28.30729184548472,False,True
16,Male,0.57,7.86,4.71,60.56,1.32,2.89,2.32,High,Bajo,82.48,82.48,False,False
19,Male,3.89,2.61,4.59,83.16,2.24,6.86,2.97,Medium,Medio,33.88,33.88,False,False
22,Other,4.78,3.13,7.19,65.79,1.57,10.61,5.83,Medium,Medio,49.24,49.24,False,False
22,Other,1.98,4.55,8.26,68.44,0.65,5.69,3.71,Medium,Bajo,97.42,97.41910563523614,False,True
21,Male,6.17,3.83,4.34,64.83,2.41,9.33,3.16,Low,Alto,32.49,32.49,False,False
23,Female,5.02,3.89,4.53,80.82,2.56,7.0,1.98,Low,Medio,43.86,43.86,False,False
21,Male,0.14,2.52,6.83,63.81,0.79,3.06,2.92,Medium,Bajo,65.91,65.91,False,False
18,Male,4.87,3.64,5.09,70.25,0.87,9.03,4.16,Medium,Medio,38.81,38.81,False,False
19,Male,3.93,1.18,7.06,78.07,0.15,5.12,1.19,Medium,Medio,38.75,38.75,False,False
18,Other,1.57,5.26,5.07,66.71,0.15,2.99,1.42,Medium,Bajo,81.38,81.37991517963299,False,True
16,Female,7.97,7.92,4.58,77.85,1.79,9.0,1.03,High,Alto,59.09,59.08582121884935,False,True
20,Male,7.18,8.76,6.73,73.71,0.73,9.27,2.09,Low,Alto,71.0,71.00086126689163,False,True
16,Male,2.34,8.38,8.31,94.42,4.6,4.25,1.91,Medium,Bajo,100.0,100.0,False,False
16,Male,4.33,4.75,7.43,91.8,1.0,9.58,5.25,Medium,Medio,60.21,60.21,False,False
17,Female,2.53,7.57,8.09,99.71,0.33,4.46,1.93,Medium,Bajo,94.45,94.45,False,False
19,Female,6.2,3.59,5.33,81.16,2.02,10.51,4.31,Low,Alto,32.07,32.07,False,False
21,Male,7.44,1.5,8.43,83.02,0.96,9.03,1.59,Low,Alto,16.83,16.83,False,False
23,Female,2.87,7.08,5.89,97.87,0.31,6.84,3.97,High,Medio,88.05,88.05,False,False
18,Male,6.44,6.84,8.26,75.98,3.76,9.62,3.18,Low,Alto,57.74,57.74,False,False
16,Female,3.99,8.21,6.36,82.23,2.79,7.03,3.04,Medium,Medio,76.71,76.71,False,False
18,Female,3.17,6.54,5.34,75.16,0.29,8.45,5.28,Medium,Medio,70.55,70.55,False,False
18,Male,7.51,2.41,5.3,81.83,2.34,9.35,1.84,Low,Alto,14.52,14.52,False,False
20,Female,4.08,8.68,6.84,63.23,0.19,8.06,3.98,Medium,Medio,74.04,74.04,False,False
19,Female,3.74,6.65,4.4,91.35,1.77,8.85,5.11,Medium,Medio,63.1,63.1,False,False
19,Male,5.38,8.27,8.65,99.41,1.82,9.95,4.57,Low,Medio,98.2,98.19770014450538,False,True
24,Male,2.09,7.97,5.36,62.63,4.11,8.01,5.92,High,Bajo,80.32,80.32,False,False
22,Female,2.6,3.68,5.68,92.04,3.68,3.61,1.01,Medium,Bajo,56.46,56.46,False,False
19,Male,7.46,1.67,5.17,69.67,4.48,12.88,5.42,Low,Alto,18.13,18.13,False,False
18,Male,5.43,2.59,4.02,67.9,0.7,9.5,4.07,Low,Medio,23.13,23.13,False,False
21,Male,6.61,1.84,7.46,87.73,2.67,7.62,1.01,Low,Alto,35.86,35.86,False,False
18,Female,2.17,3.19,6.95,61.77,0.1,5.5,3.33,Medium,Bajo,58.54,58.54,False,False
21,Female,4.35,5.14,8.05,78.53,4.13,9.19,4.84,Medium,Medio,68.94,68.94,False,False
24,Female,7.77,9.16,4.21,60.06,1.83,9.68,1.91,High,Alto,55.88,55.88479805367045,False,True
21,Female,2.55,8.85,8.64,82.18,0.35,6.94,4.39,Medium,Bajo,97.28,97.28,False,False
19,Male,1.28,7.47,5.65,78.48,1.62,2.98,1.7,High,Bajo,100.0,100.0,False,False
20,Female,4.09,1.22,8.57,96.62,1.43,9.11,5.02,Medium,Medio,50.24,50.24,False,False
21,Female,3.1,4.07,4.54,88.81,3.83,6.94,3.84,Medium,Medio,62.43,62.43,False,False
18,Male,1.28,7.14,7.72,65.04,0.63,2.45,1.17,Medium,Bajo,100.0,100.04779722291003,True,True
23,Male,7.11,2.16,6.9,74.18,2.78,8.56,1.45,Low,Alto,19.37,19.37,False,False
19,Male,7.93,8.21,5.79,97.26,3.97,13.25,5.32,High,Alto,70.03,70.03387335906189,False,True
23,Female,4.55,9.23,4.4,89.01,3.7,5.72,1.17,High,Medio,88.06,88.06,False,False
18,Female,6.2,4.19,7.02,83.77,4.68,8.69,2.49,Low,Alto,49.74,49.74,False,False
22,Female,6.87,7.35,4.13,82.36,0.0,10.7,3.83,High,Alto,68.14,68.14151039738456,False,True
24,Other,5.61,2.33,6.51,75.92,1.77,7.68,2.07,Low,Alto,29.95,29.95,False,False
19,Male,0.35,7.22,7.02,83.41,1.85,2.47,2.12,Medium,Bajo,99.31,99.31,False,False
23,Female,1.26,1.19,7.66,90.87,0.17,6.14,4.88,Medium,Bajo,70.46,70.46,False,False
18,Female,0.57,2.36,8.96,65.1,4.09,3.02,2.45,Medium,Bajo,70.86,70.86,False,False
22,Male,0.08,7.39,5.3,98.79,3.44,1.27,1.19,High,Bajo,100.0,100.0,False,False
18,Other,2.45,7.41,5.61,69.57,2.64,7.06,4.61,High,Bajo,68.7,68.7,False,False
22,Male,3.14,6.77,5.71,77.91,2.03,8.91,5.77,Medium,Medio,74.81,74.81,False,False
21,Female,1.93,5.3,7.66,60.91,4.48,7.09,5.16,Medium,Bajo,87.76,87.76,False,False
17,Female,0.52,7.07,8.66,82.01,1.32,4.26,3.74,Medium,Bajo,95.35,95.35,False,False
18,Female,4.24,7.96,8.87,75.27,1.67,7.36,3.12,Medium,Medio,91.61,91.61,False,False
21,Female,2.19,9.7,8.73,69.99,4.76,7.82,5.63,Medium,Bajo,100.0,100.0,False,False
19,Male,6.16,8.71,8.13,99.42,0.32,11.2,5.04,Low,Alto,99.5,99.49641369548678,False,True
21,Female,0.06,8.15,8.95,77.13,3.9,3.91,3.85,Medium,Bajo,100.0,100.0,False,False
16,Male,6.74,7.25,5.88,76.57,3.59,12.14,5.4,High,Alto,71.96,71.95767642814612,False,True
16,Female,7.64,6.17,8.74,78.52,4.51,11.65,4.01,Low,Alto,47.57,47.57,False,False
18,Female,5.73,2.09,7.81,64.65,0.45,11.6,5.87,Low,Alto,35.09,35.09,False,False
23,Female,5.87,2.49,4.84,75.72,4.85,11.16,5.29,Low,Alto,27.28,27.28,False,False
23,Male,7.47,8.38,4.23,73.46,0.14,11.22,3.75,High,Alto,67.85,67.84872014163939,False,True
19,Female,1.67,8.23,5.07,78.6,1.69,7.28,5.61,High,Bajo,94.27,94.27,False,False
21,Female,7.96,6.53,7.89,94.26,0.42,10.67,2.71,Low,Alto,46.22,46.22,False,False
23,Female,6.19,4.95,7.16,67.71,0.26,10.69,4.5,Low,Alto,44.64,44.64,False,False
22,Male,5.81,1.23,5.12,84.31,4.82,7.67,1.86,Low,Alto,14.33,14.33,False,False
22,Male,2.89,3.94,7.71,61.51,3.6,8.37,5.48,Medium,Medio,63.47,63.47,False,False
19,Male,4.37,4.79,4.71,72.67,2.53,6.61,2.24,Medium,Medio,60.02,60.02,False,False
24,Female,5.23,5.37,8.11,78.91,0.54,10.98,5.75,Low,Medio,63.42,63.42,False,False
21,Female,4.96,9.36,7.97,62.97,2.63,6.04,1.08,Medium,Medio,86.54,86.54,False,False
18,Other,5.64,1.98,8.86,81.76,1.6,10.05,4.41,Low,Alto,50.57,50.57,False,False
20,Male,0.66,5.67,4.75,72.41,1.36,2.41,1.75,Medium,Bajo,70.22,70.22,False,False
20,Male,2.85,4.31,8.53,99.71,3.09,7.7,4.85,Medium,Medio,85.77,85.77,False,False
20,Female,3.47,9.91,5.71,85.24,3.95,6.93,3.46,High,Medio,100.0,100.0,False,False
23,Female,2.09,8.76,6.08,69.77,2.22,7.64,5.55,Medium,Bajo,92.55,92.55435896451584,False,True
24,Female,1.38,4.95,6.34,64.11,2.47,5.96,4.58,Medium,Bajo,81.74,81.74,False,False
24,Female,1.11,10.0,7.13,61.63,3.26,5.95,4.84,Medium,Bajo,100.0,100.0,False,False
21,Male,2.93,5.63,8.97,63.63,0.62,4.53,1.6,Medium,Medio,74.84,74.84,False,False
21,Female,3.95,2.5,7.0,87.2,4.14,5.43,1.48,Medium,Medio,59.12,59.12,False,False
24,Female,0.5,6.0,8.63,94.2,4.18,5.75,5.25,Medium,Bajo,99.68,99.68,False,False
19,Female,7.57,3.04,5.28,66.27,2.71,9.7,2.13,Low,Alto,15.29,15.29,False,False
21,Male,6.12,6.73,5.99,76.09,0.94,11.45,5.33,Low,Alto,68.06,68.06,False,False
19,Male,5.85,9.44,6.52,74.17,2.5,7.56,1.71,Low,Alto,82.86,82.86447207365738,False,True
16,Male,1.38,8.08,5.61,85.78,0.53,3.92,2.54,High,Bajo,100.0,100.0,False,False
22,Female,4.83,3.46,8.88,67.31,3.82,10.47,5.64,Medium,Medio,53.72,53.72,False,False
21,Male,4.24,3.67,7.63,98.13,1.56,9.44,5.2,Medium,Medio,66.81,66.81,False,False
24,Male,7.86,1.62,6.39,89.14,1.56,9.13,1.27,Low,Alto,20.41,20.41,False,False
22,Male,5.98,3.57,7.76,98.2,4.73,9.22,3.24,Low,Alto,53.07,53.07,False,False
22,Female,4.61,1.83,6.34,71.09,2.11,10.16,5.55,Medium,Medio,30.78,30.78,False,False
17,Male,6.81,5.5,4.09,83.51,3.95,7.88,1.07,Low,Alto,40.26,40.26,False,False
24,Female,1.24,7.38,6.72,89.29,3.19,2.78,1.54,Medium,Bajo,97.29,97.29,False,False
24,Male,0.12,7.76,7.13,88.44,1.58,4.35,4.23,Medium,Bajo,99.24,99.24,False,False
21,Male,5.52,1.54,8.91,60.85,0.62,7.04,1.52,Low,Alto,40.16,40.16,False,False
18,Female,0.79,4.06,4.2,99.93,3.99,4.03,3.24,Medium,Bajo,72.36,72.36,False,False
16,Male,0.92,3.59,6.56,97.12,3.81,4.46,3.54,Medium,Bajo,71.37,71.37,False,False
19,Male,5.96,1.94,4.49,64.79,0.85,11.26,5.3,Low,Alto,21.02,21.02,False,False
18,Male,2.16,4.26,4.74,81.74,1.25,7.95,5.79,Medium,Bajo,62.79,62.79,False,False
16,Female,5.03,3.69,7.05,72.58,3.83,8.59,3.56,Low,Medio,45.24,45.24,False,False
18,Female,7.34,6.71,5.16,95.16,4.92,10.89,3.55,Low,Alto,45.68,45.68,False,False
19,Male,2.53,8.95,7.75,87.9,4.22,7.16,4.63,Medium,Bajo,99.1,99.1,False,False
23,Male,1.74,5.09,6.57,68.94,3.42,3.7,1.96,Medium,Bajo,77.86,77.86,False,False
24,Other,0.85,7.72,5.09,61.35,4.58,6.55,5.7,High,Bajo,82.0,82.0,False,False
18,Female,1.04,2.31,6.47,71.67,1.43,2.05,1.01,Medium,Bajo,74.98,74.98329592831172,False,True
21,Male,0.5,9.05,4.0,61.53,0.05,1.51,1.01,High,Bajo,91.63,91.63348795563591,False,True
20,Female,0.7,2.37,8.31,65.65,1.6,4.83,4.13,Medium,Bajo,65.12,65.12,False,False
21,Female,3.46,2.73,4.06,85.45,4.86,6.17,2.71,Medium,Medio,44.89,44.89,False,False
19,Female,2.57,1.96,4.04,89.8,4.41,5.56,2.99,Medium,Bajo,48.25,48.25,False,False
21,Male,5.65,3.79,7.06,78.72,0.25,7.76,2.11,Low,Alto,62.09,62.089784336655846,False,True
22,Male,6.96,5.97,8.87,84.01,2.51,10.0,3.04,Low,Alto,72.07,72.06506070510335,False,True
24,Male,5.91,9.3,7.79,66.24,0.4,11.42,5.51,Low,Alto,94.27,94.26968367701548,False,True
22,Female,4.25,8.14,5.26,72.67,3.95,8.75,4.5,High,Medio,66.18,66.18,False,False
21,Female,0.82,4.42,4.98,88.52,1.86,2.29,1.47,Medium,Bajo,68.95,68.95,False,False
16,Male,5.68,6.18,7.13,74.6,4.56,6.96,1.28,Low,Alto,65.51,65.51,False,False
17,Female,2.9,6.61,8.11,73.95,0.27,6.43,3.53,Medium,Medio,84.13,84.13,False,False
16,Female,0.69,8.4,5.81,67.76,3.67,5.34,4.65,High,Bajo,86.53,86.53,False,False
24,Other,6.74,7.63,6.16,83.79,2.0,11.06,4.32,Low,Alto,67.91,67.91468837776014,False,True
24,Female,2.71,6.12,4.58,92.38,1.34,8.03,5.32,Medium,Bajo,71.48,71.48,False,False
22,Other,1.75,7.02,4.76,78.78,2.59,3.42,1.67,High,Bajo,91.47,91.47,False,False
17,Male,6.97,7.71,6.84,64.62,2.43,11.0,4.03,Low,Alto,58.99,58.99001095906928,False,True
21,Female,7.22,2.2,4.51,93.53,1.74,12.05,4.83,Low,Alto,22.57,22.57,False,False
19,Female,2.71,2.8,5.01,62.86,3.24,8.4,5.69,Medium,Bajo,50.22,50.22,False,False
16,Male,2.84,7.2,5.17,78.87,3.31,4.34,1.5,High,Medio,71.78,71.78,False,False
16,Male,4.64,8.65,6.22,70.44,0.39,6.84,2.2,Medium,Medio,74.2,74.2,False,False
20,Other,5.87,4.68,4.23,97.45,2.98,8.64,2.77,Low,Alto,49.32,49.3182551440842,False,True
17,Male,0.51,9.82,6.5,89.5,3.55,4.21,3.7,Medium,Bajo,100.0,106.4354836375544,True,True
19,Female,4.75,2.94,8.64,82.66,0.38,7.79,3.04,Medium,Medio,53.32,53.32,False,False
16,Male,7.62,4.75,4.12,86.71,3.3,12.93,5.31,Low,Alto,22.05,22.05,False,False
19,Male,2.1,4.41,7.15,81.31,4.02,7.85,5.75,Medium,Bajo,76.68,76.68147070943411,False,True
21,Male,6.74,8.68,7.58,65.9,4.16,8.62,1.88,Low,Alto,87.0,86.99620059843873,False,True
19,Male,7.6,3.57,5.56,88.36,0.21,12.1,4.5,Low,Alto,38.62,38.62,False,False
16,Female,2.15,5.24,4.66,79.71,3.49,3.72,1.57,Medium,Bajo,69.21,69.21,False,False
22,Female,6.03,2.69,4.22,85.37,3.98,11.52,5.49,Low,Alto,43.78,43.78253634973897,False,True
17,Male,1.91,5.69,7.22,61.81,1.98,3.62,1.71,Medium,Bajo,83.05,83.05,False,False
24,Male,5.9,8.72,6.76,65.68,2.71,11.86,5.96,Low,Alto,80.72,80.71510960263637,False,True
18,Male,6.38,3.74,5.15,83.57,1.33,9.52,3.14,Low,Alto,39.58,39.58,False,False
23,Male,1.98,8.3,8.16,78.38,1.55,4.89,2.91,Medium,Bajo,100.0,100.0,False,False
23,Female,5.73,9.2,7.68,69.07,2.51,9.66,3.93,Low,Alto,88.07,88.0702196046585,False,True
18,Male,6.5,1.66,5.38,69.63,0.76,9.47,2.97,Low,Alto,19.94,19.94,False,False
19,Male,2.87,7.81,7.77,85.27,1.85,5.04,2.17,Medium,Medio,91.77,91.77,False,False
17,Female,1.34,3.3,5.22,62.36,1.51,5.49,4.15,Medium,Bajo,63.91,63.91,False,False
19,Male,0.74,2.58,7.38,77.37,1.19,5.38,4.64,Medium,Bajo,68.49,68.49,False,False
24,Male,4.6,6.41,4.59,80.92,2.42,10.33,5.73,Medium,Medio,56.83,56.83,False,False
17,Male,7.82,7.35,7.46,72.33,4.19,10.87,3.05,Low,Alto,70.54,70.53606020508536,False,True
18,Female,6.58,4.55,5.19,92.82,1.21,11.11,4.53,Low,Alto,47.11,47.11,False,False
19,Female,3.49,1.35,6.86,62.27,3.3,8.66,5.17,Medium,Medio,42.15,42.15,False,False
20,Female,4.29,9.18,4.86,94.63,1.27,9.45,5.16,High,Medio,91.03,91.03,False,False
16,Male,2.24,7.58,7.63,88.93,0.71,3.41,1.17,Medium,Bajo,99.61,99.61,False,False
22,Male,1.3,3.45,4.3,77.85,4.72,4.08,2.78,Medium,Bajo,61.09,61.09,False,False
22,Female,3.86,5.47,4.83,96.98,3.17,4.93,1.07,Medium,Medio,66.37,66.3741177334196,False,True
24,Female,3.71,1.25,4.92,88.09,0.52,7.51,3.8,Medium,Medio,30.07,30.07,False,False
19,Other,4.18,4.05,4.21,97.24,3.16,9.51,5.33,Medium,Medio,59.53,59.53,False,False
21,Male,7.62,5.7,7.73,78.9,0.88,12.69,5.07,Low,Alto,46.58,46.58,False,False
17,Male,4.83,5.66,8.9,78.12,4.44,9.89,5.06,Medium,Medio,69.91,69.91,False,False
19,Female,4.85,2.87,7.89,81.23,1.24,7.61,2.76,Medium,Medio,48.49,48.49,False,False
17,Female,1.02,7.99,8.3,62.62,4.03,2.25,1.23,Medium,Bajo,100.0,107.93367385110872,True,True
20,Female,7.97,3.69,4.03,96.34,1.0,9.83,1.86,Low,Alto,26.73,26.73,False,False
22,Female,6.18,6.22,4.59,86.71,2.79,10.53,4.35,Low,Alto,46.9,46.9,False,False
16,Female,7.02,3.44,6.8,84.7,4.56,8.69,1.67,Low,Alto,36.52,36.52,False,False
22,Female,3.31,4.83,8.89,97.06,1.48,4.94,1.63,Medium,Medio,94.9,94.9,False,False
21,Female,4.02,2.87,7.3,99.75,0.41,6.79,2.77,Medium,Medio,69.3,69.3,False,False
21,Other,4.18,6.7,5.87,66.54,2.76,5.65,1.47,Medium,Medio,55.39,55.39,False,False
23,Female,1.55,4.83,4.73,89.96,0.86,4.2,2.65,Medium,Bajo,66.96,66.96,False,False
23,Male,5.52,1.15,4.76,83.2,3.64,11.37,5.85,Low,Alto,33.99,33.99,False,False
21,Male,7.22,1.25,5.81,78.44,2.95,8.32,1.1,Low,Alto,19.95,19.95,False,False
18,Female,1.31,5.24,7.57,99.1,1.73,6.46,5.15,Medium,Bajo,93.71,93.71,False,False
20,Male,0.69,2.65,4.16,94.01,3.53,6.66,5.97,Medium,Bajo,62.24,62.24,False,False
17,Female,5.91,6.27,8.26,87.87,1.19,9.09,3.18,Low,Alto,66.7,66.7,False,False
20,Male,2.19,4.67,8.71,75.31,4.59,7.91,5.72,Medium,Bajo,75.64,75.64,False,False
24,Male,4.99,6.89,8.44,86.64,1.73,7.3,2.31,Medium,Medio,82.45,82.45,False,False
16,Female,5.4,9.28,8.31,81.27,3.81,11.48,6.08,Low,Medio,94.91,94.9118970360268,False,True
20,Male,2.58,5.76,4.08,69.97,1.29,7.89,5.31,Medium,Bajo,67.91,67.91,False,False
21,Male,6.38,7.92,8.7,78.02,3.57,11.94,5.56,Low,Alto,79.83,79.82961213970665,False,True
22,Male,4.4,7.78,5.83,68.49,0.16,6.05,1.65,High,Medio,75.65,75.65,False,False
24,Female,6.5,8.7,7.8,80.02,1.48,12.3,5.8,Low,Alto,88.73,88.73077871780677,False,True
21,Male,6.11,2.93,4.93,88.81,0.46,11.82,5.71,Low,Alto,27.06,27.06,False,False
20,Female,6.95,8.45,6.23,61.47,2.26,12.05,5.1,Low,Alto,70.95,70.94788725707579,False,True
22,Male,0.16,9.15,4.22,90.62,2.18,1.62,1.46,High,Bajo,91.8,91.8,False,False
16,Female,1.95,4.53,4.2,60.8,1.8,3.37,1.42,Medium,Bajo,68.43,68.43,False,False
20,Male,0.72,3.82,8.72,80.69,4.91,3.51,2.79,Medium,Bajo,83.06,83.06,False,False
17,Male,3.54,9.57,8.05,82.94,1.22,8.06,4.52,Medium,Medio,100.0,100.0,False,False
19,Male,7.12,6.65,6.65,90.45,3.96,8.18,1.06,Low,Alto,53.17,53.17,False,False
22,Male,3.74,4.43,6.63,90.44,2.24,9.49,5.75,Medium,Medio,63.92,63.92,False,False
20,Female,6.8,8.13,7.74,76.7,1.67,10.43,3.63,Low,Alto,76.55,76.5539300231175,False,True
21,Male,2.62,3.74,5.71,62.65,1.02,5.41,2.79,Medium,Bajo,49.15,49.15,False,False
17,Male,2.72,2.59,7.81,87.74,3.17,6.53,3.81,Medium,Bajo,67.01,67.01,False,False
18,Female,7.16,5.9,6.43,80.44,1.67,11.74,4.58,Low,Alto,45.14,45.14,False,False
22,Male,3.41,6.1,7.19,73.32,4.06,5.78,2.37,Medium,Medio,71.48,71.48078015986349,False,True
17,Male,6.17,8.23,8.6,69.39,4.84,8.78,2.61,Low,Alto,92.88,92.8776669441845,False,True
21,Female,1.89,5.11,6.36,64.79,1.14,5.23,3.34,Medium,Bajo,76.67,76.67,False,False
20,Female,7.59,8.33,6.09,71.81,0.64,11.94,4.35,Low,Alto,72.53,72.526711211123,False,True
16,Male,4.6,3.8,8.53,78.34,1.58,9.13,4.53,Medium,Medio,66.36,66.35507421343766,False,True
19,Male,6.07,6.18,8.51,79.1,2.34,8.69,2.62,Low,Alto,66.6,66.6,False,False
17,Other,0.72,2.88,8.96,83.31,1.5,3.33,2.61,Medium,Bajo,80.57,80.57,False,False
19,Male,3.94,4.47,6.75,74.5,4.85,7.38,3.44,Medium,Medio,53.26,53.26,False,False
16,Other,7.21,8.72,5.72,96.8,3.9,10.92,3.71,High,Alto,76.24,76.24431349439914,False,True
17,Male,7.02,2.94,5.2,79.83,4.83,11.27,4.25,Low,Alto,19.89,19.89,False,False
23,Female,0.37,8.29,4.17,76.95,1.87,4.46,4.09,High,Bajo,82.62,82.62,False,False
21,Male,2.43,3.55,7.63,61.93,1.52,5.29,2.86,Medium,Bajo,58.42,58.42,False,False
17,Female,3.55,1.31,5.17,83.96,2.04,6.03,2.48,Medium,Medio,50.85,50.85,False,False
21,Male,1.38,1.99,7.03,84.11,2.61,3.92,2.54,Medium,Bajo,70.97,70.97,False,False
24,Female,5.84,7.71,8.58,83.33,3.71,10.07,4.23,Low,Alto,85.65,85.65129954795526,False,True
22,Male,1.48,3.36,8.75,95.5,4.41,4.65,3.17,Medium,Bajo,93.72,93.72,False,False
24,Male,2.77,6.89,4.02,90.52,2.32,4.44,1.67,Medium,Bajo,70.74,70.74,False,False
20,Female,5.31,7.29,5.59,94.7,1.45,6.34,1.03,High,Medio,73.82,73.81918798143515,False,True
22,Female,3.86,4.11,8.19,62.38,1.59,5.01,1.15,Medium,Medio,56.38,56.38,False,False
22,Female,5.91,5.27,6.68,72.73,3.48,11.25,5.34,Low,Alto,60.81,60.81,False,False
18,Male,7.69,4.63,8.04,72.75,2.84,10.98,3.29,Low,Alto,43.46,43.46,False,False
22,Female,0.93,9.53,8.27,86.28,2.43,5.22,4.29,Medium,Bajo,100.0,100.0,False,False
16,Male,5.68,3.88,6.21,77.94,1.01,11.33,5.65,Low,Alto,40.97,40.97,False,False
24,Other,1.84,2.65,5.79,91.1,4.38,3.47,1.63,Medium,Bajo,67.81,67.81,False,False
21,Female,3.32,4.29,6.28,75.38,3.91,6.56,3.24,Medium,Medio,55.71,55.71,False,False
20,Male,0.26,7.03,7.26,68.86,0.7,3.96,3.7,Medium,Bajo,90.72,90.72,False,False
22,Female,1.09,7.28,5.84,71.64,1.84,6.3,5.21,High,Bajo,86.29,86.29,False,False
20,Female,2.56,9.32,7.87,67.3,2.71,8.53,5.97,Medium,Bajo,99.05,99.05,False,False
20,Male,2.74,8.94,8.52,67.92,2.27,7.3,4.56,Medium,Bajo,100.0,100.0,False,False
22,Female,7.2,3.59,5.41,68.67,1.99,11.41,4.21,Low,Alto,33.86,33.86,False,False
22,Male,5.93,5.1,8.82,60.64,3.59,11.53,5.6,Low,Alto,47.36,47.36,False,False
18,Female,7.78,7.73,7.11,88.64,0.27,12.97,5.19,Low,Alto,67.29,67.29181607743422,False,True
18,Male,4.79,9.25,8.39,75.98,2.36,10.12,5.33,Medium,Medio,94.28,94.28,False,False
18,Male,1.93,4.03,4.52,60.91,1.31,2.94,1.01,Medium,Bajo,59.01,59.01,False,False
21,Male,2.62,5.0,5.26,74.8,0.42,6.19,3.57,Medium,Bajo,62.04,62.04,False,False
21,Female,2.56,9.1,5.61,96.21,2.32,7.47,4.91,High,Bajo,94.74,94.74,False,False
18,Female,2.61,4.23,5.51,80.45,0.86,4.52,1.91,Medium,Bajo,53.86,53.86,False,False
18,Other,5.38,5.32,4.86,99.47,1.29,10.14,4.76,Low,Medio,65.84,65.83944946231762,False,True
23,Male,4.25,9.14,8.34,81.6,2.54,5.3,1.05,Medium,Medio,96.36,96.3559997924435,False,True
23,Male,3.08,8.22,6.09,98.51,4.87,6.96,3.88,Medium,Medio,84.08,84.08,False,False
22,Female,1.19,3.19,8.82,68.07,3.42,6.45,5.26,Medium,Bajo,78.86,78.86,False,False
19,Female,0.18,3.92,6.92,71.6,1.4,3.34,3.16,Medium,Bajo,74.09,74.09,False,False
19,Male,1.75,4.18,4.69,88.0,1.91,6.45,4.7,Medium,Bajo,74.84,74.84,False,False
18,Male,0.86,9.21,6.73,99.47,2.03,4.51,3.65,Medium,Bajo,100.0,100.0,False,False
20,Female,5.72,9.1,8.17,93.01,0.77,10.52,4.8,Low,Alto,99.53,99.527831634696,False,True
18,Male,0.9,7.97,6.83,82.15,0.8,4.48,3.58,Medium,Bajo,96.58,96.58,False,False
23,Female,5.79,5.36,4.01,63.41,0.74,9.17,3.38,Low,Alto,37.41,37.41,False,False
22,Female,3.09,1.09,8.67,74.58,2.61,8.3,5.21,Medium,Medio,59.0,59.00109858285251,False,True
18,Female,0.59,7.28,5.17,63.46,3.37,2.05,1.46,High,Bajo,86.57,86.56699848827161,False,True
24,Female,6.5,4.5,7.44,72.45,2.95,10.42,3.92,Low,Alto,43.18,43.18,False,False
20,Male,4.64,6.7,6.58,70.35,4.89,6.21,1.57,Medium,Medio,64.03,64.03,False,False
24,Female,1.89,6.46,5.63,75.54,0.63,5.7,3.81,Medium,Bajo,78.55,78.55,False,False
22,Female,7.16,5.33,5.41,93.49,4.93,12.98,5.82,Low,Alto,52.03,52.03,False,False
22,Male,0.36,9.5,8.64,66.02,2.33,1.65,1.29,Medium,Bajo,100.0,109.95102663480048,True,True
21,Female,1.61,1.21,8.56,72.24,1.09,4.72,3.11,Medium,Bajo,54.77,54.77,False,False
17,Male,6.02,7.41,6.57,70.44,4.72,11.03,5.01,Low,Alto,78.02,78.02493551993366,False,True
24,Female,5.68,4.69,5.29,71.85,2.34,8.53,2.85,Low,Alto,43.46,43.46,False,False
21,Male,2.31,7.42,4.51,74.42,1.74,5.91,3.6,High,Bajo,78.59,78.59,False,False
23,Female,0.5,7.08,4.78,69.77,1.07,2.07,1.57,High,Bajo,74.57,74.57,False,False
16,Male,6.86,1.09,6.61,97.7,1.34,8.98,2.12,Low,Alto,17.12,17.12,False,False
20,Male,2.51,3.57,5.54,76.8,4.9,6.94,4.43,Medium,Bajo,58.39,58.39,False,False
16,Other,1.57,2.7,4.21,64.56,1.52,6.71,5.14,Medium,Bajo,51.62,51.62,False,False
23,Female,4.13,2.5,6.28,78.71,4.89,8.36,4.23,Medium,Medio,44.2,44.2,False,False
23,Male,7.28,7.56,7.73,67.38,1.65,12.46,5.18,Low,Alto,70.62,70.61522943822307,False,True
16,Male,0.35,3.16,8.46,68.65,1.16,4.38,4.03,Medium,Bajo,75.98,75.98,False,False
24,Male,6.13,5.27,6.93,71.4,0.92,11.18,5.05,Low,Alto,54.81,54.81,False,False
17,Female,4.58,3.22,7.62,64.99,2.06,10.49,5.91,Medium,Medio,44.79,44.79,False,False
24,Female,3.4,6.22,5.82,88.84,1.18,4.81,1.41,Medium,Medio,70.28,70.28,False,False
16,Female,5.95,7.49,6.48,91.68,3.48,9.35,3.4,Low,Alto,85.02,85.01628588780721,False,True
24,Female,7.73,3.98,7.65,75.77,1.2,9.68,1.95,Low,Alto,40.34,40.34,False,False
19,Female,1.83,6.43,7.64,87.56,4.18,5.16,3.33,Medium,Bajo,94.39,94.39,False,False
24,Male,1.15,8.42,6.12,75.56,4.17,4.65,3.5,Medium,Bajo,100.0,100.0,False,False
22,Male,7.3,1.85,6.72,66.56,1.43,11.41,4.11,Low,Alto,11.68,11.68,False,False
21,Female,5.35,7.4,8.62,75.89,3.77,8.55,3.2,Low,Medio,75.71,75.70659691397492,False,True
20,Female,3.5,3.91,7.16,82.28,4.29,6.12,2.62,Medium,Medio,75.25,75.25,False,False
24,Female,4.59,2.1,7.21,61.64,2.95,5.81,1.22,Medium,Medio,41.65,41.65,False,False
17,Female,5.96,5.91,7.92,86.18,1.83,7.13,1.17,Low,Alto,58.8,58.8,False,False
17,Female,6.18,3.04,4.58,89.7,2.2,8.06,1.88,Low,Alto,22.03,22.03,False,False
24,Female,7.36,8.39,6.61,94.4,3.93,10.6,3.24,Low,Alto,78.75,78.74556737573,False,True
18,Male,3.41,1.39,8.8,64.11,1.47,6.5,3.09,Medium,Medio,45.46,45.46,False,False
23,Male,2.35,1.89,5.81,60.0,1.67,4.3,1.95,Medium,Bajo,40.65,40.65,False,False
24,Other,5.12,5.69,5.47,62.93,0.8,10.23,5.11,Low,Medio,48.14,48.14,False,False
23,Female,3.33,6.3,7.01,96.96,2.0,7.75,4.42,Medium,Medio,83.46,83.46,False,False
19,Male,4.76,7.57,5.11,90.62,0.43,7.48,2.72,High,Medio,75.47,75.47,False,False
16,Male,3.36,3.33,6.78,93.42,1.61,8.34,4.98,Medium,Medio,61.31,61.31,False,False
19,Male,1.22,8.58,4.78,80.68,1.87,7.17,5.95,High,Bajo,91.87,91.87,False,False
24,Male,3.76,9.58,6.9,81.07,1.28,5.99,2.23,Medium,Medio,100.0,100.0,False,False
17,Female,5.53,5.49,7.01,71.94,0.51,8.34,2.81,Low,Alto,54.1,54.1,False,False
18,Male,6.39,7.84,6.09,93.71,2.61,12.35,5.96,Low,Alto,79.1,79.09771229809414,False,True
23,Female,3.95,5.72,5.91,93.19,4.33,5.64,1.69,Medium,Medio,62.71,62.71,False,False
21,Male,1.32,1.63,5.23,75.69,1.68,2.71,1.39,Medium,Bajo,58.27,58.27,False,False
23,Female,3.32,3.94,5.65,73.17,1.18,6.92,3.6,Medium,Medio,61.55,61.55,False,False
22,Male,6.29,1.79,6.49,89.53,1.43,9.63,3.34,Low,Alto,27.71,27.71,False,False
20,Female,3.3,9.9,5.24,61.05,4.31,4.69,1.39,High,Medio,77.48,77.48,False,False
24,Female,5.57,3.06,7.91,94.4,2.64,8.02,2.45,Low,Alto,50.12,50.12,False,False
19,Female,4.06,6.72,7.55,77.85,0.65,7.15,3.09,Medium,Medio,86.99,86.99,False,False
21,Male,1.93,3.56,5.35,77.65,3.55,7.04,5.11,Medium,Bajo,62.49,62.49,False,False
17,Male,6.37,6.88,4.49,86.76,0.77,10.91,4.54,Low,Alto,65.78,65.78,False,False
17,Male,0.67,2.89,4.0,85.83,0.3,6.24,5.57,Medium,Bajo,55.19,55.19,False,False
17,Male,4.2,8.07,6.98,70.64,1.28,6.86,2.66,Medium,Medio,71.19,71.19,False,False
22,Female,1.67,2.0,5.06,97.73,0.84,4.22,2.55,Medium,Bajo,59.69,59.69,False,False
17,Female,0.54,9.06,4.06,99.45,3.02,3.86,3.32,High,Bajo,90.29,90.29,False,False
17,Female,4.02,8.56,5.8,81.04,2.42,5.06,1.04,High,Medio,79.16,79.16,False,False
24,Female,4.0,7.11,8.81,82.46,3.62,6.04,2.04,Medium,Medio,88.55,88.55,False,False
22,Male,5.66,1.61,7.45,82.17,2.56,7.72,2.06,Low,Alto,34.86,34.86,False,False
18,Male,5.96,2.88,8.29,79.43,2.1,7.27,1.31,Low,Alto,50.67,50.67,False,False
18,Male,5.82,8.73,4.72,97.81,2.63,9.1,3.28,High,Alto,84.21,84.20827357452795,False,True
22,Female,3.28,2.1,4.37,69.79,2.17,8.81,5.53,Medium,Medio,31.68,31.68,False,False
20,Female,5.05,2.4,4.06,64.32,0.19,6.07,1.02,Low,Medio,27.98,27.98,False,False
21,Male,4.62,5.9,8.78,97.18,3.4,8.76,4.14,Medium,Medio,79.07,79.07,False,False
23,Male,3.37,3.47,5.5,68.52,4.81,8.77,5.4,Medium,Medio,50.88,50.88,False,False
24,Female,4.78,3.0,6.3,89.97,2.11,6.32,1.54,Medium,Medio,42.92,42.92,False,False
16,Female,7.58,6.18,5.97,68.15,2.12,13.17,5.59,Low,Alto,41.01,41.01,False,False
18,Female,1.54,4.35,7.65,98.41,0.23,6.63,5.09,Medium,Bajo,94.35,94.35,False,False
22,Male,7.25,2.27,5.55,91.64,4.45,9.32,2.07,Low,Alto,17.7,17.7,False,False
21,Male,0.43,5.81,6.68,96.75,4.65,5.96,5.53,Medium,Bajo,80.49,80.49,False,False
22,Other,2.47,4.48,8.98,98.04,4.07,7.49,5.02,Medium,Bajo,76.73,76.73,False,False
23,Female,2.31,7.61,6.22,63.38,0.53,3.87,1.56,Medium,Bajo,82.39,82.39,False,False
21,Male,5.01,1.92,6.76,77.34,4.5,10.16,5.15,Low,Medio,31.3,31.3,False,False
18,Female,1.05,6.59,6.51,85.92,0.12,4.76,3.71,Medium,Bajo,95.84,95.84,False,False
17,Female,7.06,4.93,8.02,92.1,2.22,12.14,5.08,Low,Alto,53.56,53.56,False,False
22,Male,6.63,4.65,5.33,69.66,2.5,10.72,4.09,Low,Alto,37.81,37.81,False,False
16,Male,5.22,3.09,4.85,96.58,4.17,8.18,2.96,Low,Medio,56.01,56.01,False,False
18,Male,3.67,1.27,7.77,68.84,3.75,7.68,4.01,Medium,Medio,35.96,35.96,False,False
19,Male,7.46,8.63,6.08,94.65,3.99,11.64,4.18,Low,Alto,60.52,60.52003752603707,False,True
16,Female,6.65,3.94,8.57,80.51,4.34,11.48,4.83,Low,Alto,62.45,62.45085511210443,False,True
20,Male,3.99,7.13,7.22,80.62,2.38,9.14,5.15,Medium,Medio,82.57,82.57,False,False
18,Female,5.61,9.53,6.82,74.96,3.9,9.93,4.32,Low,Alto,91.33,91.33042545789291,False,True
17,Other,4.54,6.08,4.35,64.14,0.34,10.49,5.95,Medium,Medio,43.57,43.57,False,False
18,Male,4.7,4.57,7.65,73.88,2.22,9.59,4.89,Medium,Medio,53.01,53.01,False,False
23,Male,2.65,3.41,7.43,77.07,0.15,8.2,5.55,Medium,Bajo,69.57,69.57,False,False
21,Female,3.7,9.41,7.2,79.16,4.58,6.3,2.6,Medium,Medio,93.94,93.94,False,False
22,Female,0.62,7.14,5.34,89.56,4.79,3.2,2.58,High,Bajo,96.66,96.66,False,False
21,Female,2.86,6.99,8.73,74.08,0.42,5.67,2.81,Medium,Medio,87.33,87.33,False,False
21,Male,5.57,4.84,5.61,76.26,2.66,8.77,3.2,Low,Alto,47.01,47.01,False,False
18,Male,7.63,8.61,4.76,96.24,1.63,13.44,5.81,High,Alto,80.0,79.99535151474376,False,True
23,Female,7.36,7.09,8.55,90.1,1.71,9.07,1.71,Low,Alto,64.76,64.76444981423793,False,True
22,Other,4.45,3.55,7.73,60.91,2.25,7.94,3.49,Medium,Medio,55.42,55.42,False,False
22,Male,4.85,6.4,6.07,92.48,0.63,6.66,1.81,Medium,Medio,61.22,61.22,False,False
21,Female,1.49,4.87,8.68,99.6,0.9,6.54,5.05,Medium,Bajo,90.85,90.85,False,False
20,Male,5.56,1.06,4.46,97.59,2.89,6.72,1.16,Low,Alto,30.94,30.94,False,False
23,Other,0.57,8.27,4.44,93.44,0.09,3.85,3.28,High,Bajo,87.48,87.48,False,False
20,Female,2.28,2.11,7.41,85.17,3.0,5.25,2.97,Medium,Bajo,65.35,65.35,False,False
24,Male,5.35,5.59,4.89,71.13,1.59,6.81,1.46,Low,Medio,48.59,48.59,False,False
24,Female,2.48,4.03,8.59,86.18,4.16,5.36,2.88,Medium,Bajo,71.71,71.71,False,False
16,Male,0.4,4.08,8.2,87.82,3.0,5.45,5.05,Medium,Bajo,82.58,82.58,False,False
21,Male,6.65,5.3,5.53,71.26,3.54,8.34,1.69,Low,Alto,38.07,38.07,False,False
22,Male,2.48,9.97,8.44,70.21,0.57,8.4,5.92,Medium,Bajo,100.0,100.0,False,False
18,Male,0.5,4.68,4.21,75.88,1.33,1.79,1.29,Medium,Bajo,64.5,64.5,False,False
22,Male,0.6,2.64,6.74,85.65,4.98,3.05,2.45,Medium,Bajo,60.6,60.6,False,False
22,Female,2.01,6.52,8.68,71.72,2.17,6.88,4.87,Medium,Bajo,80.84,80.84,False,False
17,Female,1.42,3.13,8.28,82.23,1.79,4.21,2.79,Medium,Bajo,67.55,67.55,False,False
22,Male,6.19,1.95,5.78,95.97,4.37,9.59,3.4,Low,Alto,35.33,35.33,False,False
16,Female,2.57,1.45,4.91,71.8,0.17,4.5,1.93,Medium,Bajo,49.5,49.49904901756099,False,True
20,Female,6.44,1.21,5.05,98.64,2.67,11.02,4.58,Low,Alto,20.4,20.4,False,False
24,Other,1.39,4.88,6.57,78.93,1.05,3.29,1.9,Medium,Bajo,80.31,80.31,False,False
22,Female,3.94,4.84,6.98,64.04,1.84,9.18,5.24,Medium,Medio,72.48,72.47986378881951,False,True
22,Male,5.5,2.67,4.16,62.2,1.0,9.2,3.7,Low,Alto,22.39,22.39,False,False
17,Male,5.22,8.06,6.07,73.55,0.19,8.96,3.74,Low,Medio,78.44,78.43577693902378,False,True
23,Female,4.81,2.16,8.15,70.35,2.08,10.48,5.67,Medium,Medio,55.26,55.26,False,False
18,Male,7.4,9.24,6.22,93.75,3.95,12.26,4.86,Low,Alto,78.89,78.8942856947345,False,True
23,Male,1.83,6.29,4.85,89.51,4.76,6.55,4.72,Medium,Bajo,88.57,88.57,False,False
18,Male,3.95,1.25,8.77,95.38,3.12,9.24,5.29,Medium,Medio,59.04,59.04,False,False
22,Male,7.07,9.67,5.33,83.57,1.94,8.53,1.46,High,Alto,75.33,75.32980580311948,False,True
17,Male,0.62,3.77,7.99,77.42,3.85,5.25,4.63,Medium,Bajo,73.2,73.2,False,False
19,Female,0.45,5.05,4.97,70.82,2.53,2.62,2.17,Medium,Bajo,65.96,65.96,False,False
21,Male,1.87,3.56,6.12,83.32,1.84,4.27,2.4,Medium,Bajo,74.09,74.09,False,False
24,Female,5.06,7.56,6.45,84.72,0.9,6.14,1.08,Low,Medio,88.89,88.88881444876726,False,True
20,Female,2.08,5.37,6.5,75.72,3.98,7.55,5.47,Medium,Bajo,76.1,76.1,False,False
24,Male,1.52,2.19,6.58,97.46,2.5,6.22,4.7,Medium,Bajo,71.41,71.41,False,False
20,Male,3.67,1.94,5.12,85.6,4.82,5.37,1.7,Medium,Medio,39.88,39.88,False,False
23,Male,4.91,7.53,6.58,93.5,4.01,7.55,2.64,Medium,Medio,71.9,71.9,False,False
16,Male,1.99,3.13,6.41,84.82,2.1,5.39,3.4,Medium,Bajo,65.59,65.59,False,False
22,Male,2.41,2.24,5.04,72.66,3.7,5.88,3.47,Medium,Bajo,46.66,46.66,False,False
19,Male,4.91,5.49,8.94,89.46,2.27,8.89,3.98,Medium,Medio,70.8,70.8,False,False
20,Female,7.22,7.84,7.94,69.21,0.4,10.93,3.71,Low,Alto,75.68,75.6788682985935,False,True
21,Female,5.4,3.51,8.44,83.86,2.58,9.64,4.24,Low,Medio,62.26,62.26,False,False
20,Male,6.26,3.49,7.43,76.09,4.33,11.68,5.42,Low,Alto,46.42,46.42,False,False
16,Male,2.93,8.5,4.8,66.0,4.28,5.92,2.99,High,Medio,86.07,86.07,False,False
24,Female,2.18,2.33,6.84,76.53,2.87,7.56,5.38,Medium,Bajo,51.39,51.39,False,False
17,Female,3.63,6.55,8.11,72.41,1.9,5.73,2.1,Medium,Medio,83.22,83.22,False,False
24,Female,6.46,9.6,4.19,64.49,0.05,8.07,1.61,High,Alto,77.13,77.13491604277326,False,True
17,Female,3.65,8.57,6.48,92.95,1.56,5.85,2.2,Medium,Medio,88.97,88.97,False,False
24,Male,6.77,1.56,5.98,79.94,4.95,8.8,2.03,Low,Alto,20.62,20.62,False,False
21,Male,7.91,3.88,5.06,73.85,3.63,13.84,5.93,Low,Alto,19.83,19.83,False,False
24,Female,0.58,2.28,5.89,80.2,3.59,3.49,2.91,Medium,Bajo,58.52,58.52,False,False
21,Male,0.36,9.54,8.92,90.18,3.81,4.62,4.26,Medium,Bajo,100.0,100.0,False,False
21,Other,1.2,9.87,7.62,60.73,3.1,5.68,4.48,Medium,Bajo,100.0,100.0,False,False
17,Female,3.07,3.11,5.5,81.87,2.93,6.3,3.23,Medium,Medio,54.41,54.41228420854964,False,True
23,Female,1.05,7.03,7.03,79.17,2.27,3.17,2.12,Medium,Bajo,98.91,98.91,False,False
18,Male,6.97,8.57,5.23,95.72,2.22,10.16,3.19,High,Alto,62.48,62.48240949966856,False,True
22,Female,0.19,3.1,7.05,82.24,4.35,3.56,3.37,Medium,Bajo,81.03,81.03,False,False
20,Female,2.53,2.69,8.48,65.49,1.97,8.3,5.77,Medium,Bajo,58.55,58.55,False,False
18,Male,1.48,1.1,6.78,75.55,4.2,5.32,3.84,Medium,Bajo,48.79,48.79,False,False
16,Male,7.45,4.71,7.67,84.84,4.19,13.3,5.85,Low,Alto,46.33,46.33,False,False
23,Female,5.36,9.09,6.27,61.84,3.85,9.24,3.88,Low,Medio,83.86,83.86178983037294,False,True
18,Female,7.28,9.11,6.61,95.39,0.19,9.02,1.74,Low,Alto,75.42,75.41616310922666,False,True
17,Male,7.78,2.15,7.48,62.71,0.74,10.7,2.92,Low,Alto,15.36,15.36,False,False
16,Male,3.98,2.84,8.06,61.22,1.57,8.94,4.96,Medium,Medio,51.32,51.32,False,False
19,Female,1.87,4.67,7.3,60.08,4.24,4.98,3.11,Medium,Bajo,80.55,80.55,False,False
23,Female,1.55,8.03,8.89,87.35,4.37,3.05,1.5,Medium,Bajo,97.86,97.86,False,False
18,Female,1.78,6.51,8.1,78.24,0.21,3.26,1.48,Medium,Bajo,96.77,96.77,False,False
16,Female,5.67,5.62,7.89,64.11,1.62,7.86,2.19,Low,Alto,65.74,65.74,False,False
19,Male,0.32,6.33,8.23,94.25,4.25,4.14,3.82,Medium,Bajo,94.74,94.74,False,False
24,Female,0.41,1.87,5.41,68.11,1.25,5.56,5.15,Medium,Bajo,56.51,56.51,False,False
16,Male,4.87,5.3,6.16,73.05,4.88,8.54,3.67,Medium,Medio,60.22,60.22,False,False
17,Female,5.14,9.93,6.82,67.11,2.45,9.87,4.73,Low,Medio,100.0,104.17545226738972,True,True
24,Female,5.32,1.8,6.31,97.07,4.69,9.55,4.23,Low,Medio,41.79,41.79,False,False
17,Male,2.98,5.67,8.24,90.32,2.14,6.6,3.62,Medium,Medio,87.31,87.31,False,False
18,Male,6.45,3.66,4.14,88.96,1.62,8.52,2.07,Low,Alto,37.77,37.77,False,False
22,Female,4.27,5.86,5.05,61.76,1.81,9.69,5.42,Medium,Medio,59.33,59.33,False,False
18,Male,0.84,6.16,8.41,80.91,4.42,3.22,2.38,Medium,Bajo,88.87,88.87,False,False
24,Male,6.38,6.2,4.3,83.02,1.65,8.64,2.26,Low,Alto,43.43,43.43,False,False
21,Female,7.62,8.67,5.13,75.3,3.35,9.91,2.29,High,Alto,67.03,67.0305286501294,False,True
18,Male,0.48,4.51,5.76,72.87,2.35,1.96,1.48,Medium,Bajo,75.63,75.63,False,False
24,Female,3.13,5.65,7.75,94.08,4.71,6.62,3.49,Medium,Medio,83.74,83.74,False,False
16,Male,3.9,1.1,6.8,60.92,0.8,6.54,2.64,Medium,Medio,31.49,31.49,False,False
18,Female,1.17,8.11,8.77,85.01,2.14,4.78,3.61,Medium,Bajo,100.0,100.0,False,False
16,Male,6.94,3.34,5.14,75.77,0.62,10.21,3.27,Low,Alto,19.83,19.83,False,False
17,Male,2.27,8.35,8.36,86.64,2.89,5.87,3.6,Medium,Bajo,100.0,100.0,False,False
23,Female,6.26,3.39,5.41,67.92,2.01,8.75,2.49,Low,Alto,40.93,40.93,False,False
22,Female,5.37,1.1,5.23,69.55,0.3,10.45,5.08,Low,Medio,33.43,33.429071977320326,False,True
17,Male,4.78,2.39,6.49,83.47,4.25,8.45,3.67,Medium,Medio,34.66,34.66,False,False
17,Male,1.54,9.87,4.36,99.2,1.88,3.58,2.04,High,Bajo,100.0,107.65823999108378,True,True
24,Female,1.77,3.88,5.92,98.99,2.47,7.28,5.51,Medium,Bajo,76.87,76.87,False,False
21,Female,0.38,1.98,5.78,69.96,2.04,1.93,1.55,Medium,Bajo,52.87,52.87,False,False
20,Other,1.93,2.07,4.8,64.09,2.44,6.6,4.67,Medium,Bajo,40.26,40.26,False,False
21,Other,2.76,3.79,8.3,83.61,0.08,7.15,4.39,Medium,Bajo,74.25,74.25,False,False
24,Female,6.67,1.34,5.93,76.8,4.08,8.03,1.36,Low,Alto,25.09,25.09,False,False
22,Male,2.93,5.6,8.91,90.47,1.66,8.44,5.51,Medium,Medio,81.93,81.93,False,False
24,Female,6.04,2.92,8.5,81.12,3.62,8.62,2.58,Low,Alto,41.7,41.7,False,False
19,Female,3.52,5.67,4.97,80.42,0.32,8.22,4.7,Medium,Medio,63.23,63.23,False,False
17,Male,6.28,2.27,6.53,85.86,2.62,8.67,2.39,Low,Alto,47.91,47.91085264650077,False,True
23,Male,7.81,4.87,7.01,65.06,4.54,11.44,3.63,Low,Alto,31.71,31.71,False,False
19,Male,1.92,6.38,8.09,87.09,1.99,7.78,5.86,Medium,Bajo,98.45,98.44670155354518,False,True
24,Male,6.9,1.56,8.43,79.54,0.99,10.95,4.05,Low,Alto,28.7,28.7,False,False
19,Male,4.97,4.59,7.12,92.81,0.5,7.45,2.48,Medium,Medio,64.6,64.6,False,False
23,Female,6.54,3.72,4.18,65.55,4.3,9.83,3.29,Low,Alto,15.14,15.14,False,False
24,Female,5.21,3.16,6.41,72.03,1.19,9.59,4.38,Low,Medio,41.27,41.27,False,False
24,Female,3.39,6.44,8.42,98.01,4.88,6.62,3.23,Medium,Medio,87.5,87.5,False,False
19,Male,1.82,6.3,7.57,82.12,1.24,7.37,5.55,Medium,Bajo,92.26,92.26,False,False
16,Male,0.56,6.68,8.35,97.17,2.4,5.9,5.34,Medium,Bajo,98.31,98.31,False,False
18,Female,4.28,2.43,7.37,87.56,2.29,6.01,1.73,Medium,Medio,45.96,45.96,False,False
24,Male,7.92,3.57,4.22,97.06,0.31,12.84,4.92,Low,Alto,27.5,27.5,False,False
19,Female,5.9,2.89,8.84,72.71,2.66,11.61,5.71,Low,Alto,36.66,36.66,False,False
20,Other,2.62,5.86,8.59,63.62,3.36,5.2,2.58,Medium,Bajo,87.95,87.95,False,False
22,Male,6.62,5.15,4.63,92.09,3.71,8.81,2.19,Low,Alto,44.72,44.72,False,False
20,Male,6.15,3.97,4.56,92.18,2.61,7.2,1.05,Low,Alto,42.62,42.62,False,False
19,Male,2.25,8.07,6.7,84.75,4.06,3.83,1.58,Medium,Bajo,100.0,102.58517699065808,True,True
17,Other,0.11,1.85,7.79,83.18,3.76,5.91,5.8,Medium,Bajo,73.03,73.03,False,False
17,Female,0.95,9.77,5.91,96.6,0.97,3.91,2.96,High,Bajo,100.0,100.0,False,False
19,Female,7.02,2.05,4.68,67.06,2.01,9.96,2.94,Low,Alto,20.46,20.46,False,False
24,Male,6.69,7.96,6.55,84.66,0.71,9.02,2.33,Low,Alto,90.25,90.24840317006228,False,True
23,Other,2.36,4.31,5.69,61.99,0.67,4.18,1.82,Medium,Bajo,65.56,65.56,False,False
18,Male,2.28,8.79,5.76,65.63,3.56,5.82,3.54,High,Bajo,85.01,85.01,False,False
24,Male,6.34,1.67,7.22,77.49,2.65,10.96,4.62,Low,Alto,28.32,28.32,False,False
20,Female,7.5,4.37,8.43,92.85,3.0,11.25,3.75,Low,Alto,53.33,53.32543077943292,False,True
18,Female,6.23,4.02,6.79,89.33,3.66,7.41,1.18,Low,Alto,47.0,47.0,False,False
20,Male,4.84,9.94,7.44,98.96,1.39,9.86,5.02,Medium,Medio,100.0,100.0,False,False
19,Male,1.94,9.87,7.3,61.79,2.01,7.6,5.66,Medium,Bajo,100.0,100.0,False,False
23,Male,4.21,2.71,6.76,75.25,3.03,7.41,3.2,Medium,Medio,48.57,48.57,False,False
20,Male,1.87,6.67,5.55,66.35,0.48,4.7,2.83,Medium,Bajo,85.15,85.15,False,False
23,Male,6.46,5.82,5.89,61.48,4.17,8.61,2.15,Low,Alto,34.51,34.51,False,False
24,Other,3.1,2.39,5.58,70.58,1.72,5.61,2.51,Medium,Medio,52.2,52.2,False,False
19,Female,6.67,2.51,8.59,69.78,3.29,10.89,4.22,Low,Alto,46.13,46.13,False,False
22,Female,3.05,9.9,8.13,76.8,4.98,7.9,4.85,Medium,Medio,99.73,99.73,False,False
17,Female,6.59,5.07,6.9,65.6,2.38,9.25,2.66,Low,Alto,51.26,51.26,False,False
21,Female,2.67,2.13,8.56,79.54,1.08,5.37,2.7,Medium,Bajo,63.29,63.29,False,False
23,Female,3.52,2.93,8.43,96.8,1.08,6.78,3.26,Medium,Medio,62.7,62.7,False,False
22,Female,4.92,3.42,8.64,89.93,0.3,6.77,1.85,Medium,Medio,64.37,64.37,False,False
22,Male,0.56,5.6,5.11,93.69,3.84,6.2,5.64,Medium,Bajo,91.01,91.01,False,False
23,Female,7.59,4.02,7.59,92.19,1.47,12.12,4.53,Low,Alto,38.3,38.3,False,False
22,Female,4.59,5.1,7.05,75.59,0.86,7.76,3.17,Medium,Medio,56.48,56.48,False,False
20,Female,4.06,2.5,7.67,88.36,3.57,5.67,1.61,Medium,Medio,44.65,44.65,False,False
22,Other,6.72,3.94,5.32,90.17,1.55,11.96,5.24,Low,Alto,36.41,36.41,False,False
18,Male,6.93,1.63,7.47,68.23,3.0,10.35,3.42,Low,Alto,24.46,24.46,False,False
20,Female,4.18,9.01,6.05,94.41,2.09,9.16,4.98,Medium,Medio,98.56,98.56,False,False
22,Male,7.42,2.79,8.17,78.31,1.67,8.59,1.17,Low,Alto,41.79,41.79,False,False
24,Female,0.52,7.81,7.98,60.65,2.45,2.89,2.37,Medium,Bajo,92.91,92.91,False,False
17,Male,0.91,4.15,5.06,85.74,1.57,5.02,4.11,Medium,Bajo,73.16,73.16,False,False
19,Male,4.77,5.27,4.92,87.07,4.35,8.21,3.44,Medium,Medio,50.83,50.83,False,False
22,Male,2.83,3.62,7.59,82.07,0.37,5.31,2.48,Medium,Medio,67.54,67.54,False,False
16,Female,3.71,7.27,6.75,68.5,0.15,5.72,2.01,Medium,Medio,76.23,76.23,False,False
17,Male,2.62,8.6,6.79,79.29,2.03,5.13,2.51,Medium,Bajo,89.68,89.68,False,False
24,Female,3.24,3.58,7.76,76.01,0.86,7.95,4.71,Medium,Medio,63.06,63.06,False,False
22,Male,6.58,3.18,8.27,98.99,3.72,8.5,1.92,Low,Alto,52.32,52.32,False,False
22,Female,4.75,7.13,5.19,92.99,1.77,8.72,3.97,High,Medio,76.21,76.21,False,False
21,Female,7.98,2.76,6.78,90.48,1.31,11.1,3.12,Low,Alto,32.24,32.242338855450576,False,True
18,Male,6.3,6.76,8.14,67.24,1.8,11.12,4.82,Low,Alto,61.23,61.23,False,False
18,Male,2.19,1.85,8.36,73.24,1.1,4.2,2.01,Medium,Bajo,50.83,50.83,False,False
17,Female,2.11,6.58,5.44,75.19,1.5,4.46,2.35,Medium,Bajo,86.72,86.71577650498119,False,True
21,Female,2.69,5.62,4.52,79.71,2.84,5.68,2.99,Medium,Bajo,65.56,65.56,False,False
19,Female,6.75,2.03,5.16,61.21,4.32,8.58,1.83,Low,Alto,23.46,23.45945810854485,False,True
20,Male,0.22,6.84,8.73,83.72,1.85,3.53,3.31,Medium,Bajo,100.0,106.46782553918432,True,True
18,Female,1.84,5.02,6.31,74.31,1.6,4.92,3.08,Medium,Bajo,72.92,72.92,False,False
21,Other,7.24,2.95,6.09,82.47,3.91,13.19,5.95,Low,Alto,23.47,23.47,False,False
18,Male,5.12,4.18,4.07,60.36,0.11,9.09,3.97,Low,Medio,32.91,32.91,False,False
23,Male,1.81,5.43,4.26,72.86,1.51,3.16,1.35,Medium,Bajo,64.97,64.97,False,False
24,Male,1.75,1.82,7.34,90.75,2.26,5.05,3.3,Medium,Bajo,69.33,69.33,False,False
19,Female,6.76,9.43,6.81,80.04,3.0,12.29,5.53,Low,Alto,82.1,82.101869091895,False,True
24,Female,7.15,6.99,6.88,91.56,0.78,12.48,5.33,Low,Alto,58.0,58.0,False,False
22,Male,2.05,1.92,4.55,87.96,2.16,7.86,5.81,Medium,Bajo,51.12,51.12,False,False
18,Male,3.36,8.41,5.76,94.2,2.83,8.83,5.47,High,Medio,98.03,98.03023556470116,False,True
22,Male,6.68,3.9,8.06,60.3,2.55,8.56,1.88,Low,Alto,44.91,44.91,False,False
16,Male,6.17,6.37,4.87,70.45,2.87,7.19,1.02,Low,Alto,48.45,48.45,False,False
18,Male,6.51,3.49,8.41,81.95,3.31,10.59,4.08,Low,Alto,47.33,47.33,False,False
21,Other,4.15,7.6,4.61,97.64,1.9,8.66,4.51,High,Medio,88.05,88.04847696105895,False,True
19,Male,7.29,7.51,4.85,87.19,0.32,8.95,1.66,High,Alto,65.99,65.99201839519932,False,True
22,Male,2.61,5.97,6.39,78.26,0.28,4.44,1.83,Medium,Bajo,83.39,83.39,False,False
18,Female,1.25,3.17,8.73,65.21,4.29,7.07,5.82,Medium,Bajo,72.38,72.38,False,False
16,Female,5.67,3.28,5.65,79.73,3.39,11.39,5.72,Low,Alto,47.83,47.83,False,False
24,Female,4.31,4.45,7.29,77.64,3.82,6.09,1.78,Medium,Medio,60.27,60.27,False,False
21,Male,6.84,2.31,6.94,91.14,4.64,9.08,2.24,Low,Alto,29.92,29.92,False,False
23,Male,0.65,4.04,4.75,76.53,3.75,6.11,5.46,Medium,Bajo,57.31,57.31,False,False
18,Female,6.75,7.16,5.24,72.75,3.46,9.92,3.17,High,Alto,63.5,63.50388286712988,False,True
23,Female,2.35,8.48,8.65,63.59,3.28,7.34,4.99,Medium,Bajo,95.52,95.52,False,False
17,Male,5.24,3.99,4.92,61.86,1.29,8.22,2.98,Low,Medio,38.91,38.91,False,False
19,Female,0.32,3.1,7.48,77.57,4.79,5.0,4.68,Medium,Bajo,72.74,72.74,False,False
18,Female,4.88,8.49,8.82,73.87,2.71,7.86,2.98,Medium,Medio,84.38,84.38,False,False
16,Male,5.74,9.02,4.6,82.21,1.11,11.24,5.5,High,Alto,84.29,84.29372768745668,False,True
22,Female,2.95,4.69,6.0,88.48,1.05,5.58,2.63,Medium,Medio,70.82,70.82,False,False
17,Female,1.72,1.24,5.12,61.6,4.08,5.34,3.62,Medium,Bajo,42.63,42.63,False,False
19,Male,4.3,7.25,5.11,79.85,1.25,7.91,3.61,High,Medio,63.34,63.34,False,False
24,Female,6.67,8.06,4.59,94.48,0.21,10.91,4.24,High,Alto,73.66,73.66489625293084,False,True
21,Female,2.59,1.16,7.25,78.21,2.14,5.12,2.53,Medium,Bajo,49.88,49.88,False,False
23,Female,2.02,6.36,7.73,80.85,4.09,6.23,4.21,Medium,Bajo,91.08,91.08,False,False
17,Male,2.23,6.3,7.38,79.47,2.07,3.94,1.71,Medium,Bajo,83.25,83.25,False,False
22,Male,7.59,4.41,8.62,75.59,4.02,13.06,5.47,Low,Alto,42.86,42.86,False,False
21,Female,2.87,7.75,4.73,64.4,4.14,4.59,1.72,High,Medio,79.04,79.04,False,False
24,Male,0.03,4.85,5.6,65.05,4.29,5.23,5.2,Medium,Bajo,63.5,63.5,False,False
22,Male,6.25,7.09,5.72,67.16,2.94,10.72,4.47,High,Alto,74.08,74.07932259319644,False,True
16,Male,5.59,5.65,5.16,91.7,3.5,8.3,2.71,Low,Alto,57.5,57.5,False,False
23,Male,1.03,3.24,4.71,71.01,1.31,3.67,2.64,Medium,Bajo,52.27,52.27,False,False
18,Other,7.88,6.46,6.43,97.92,0.5,13.71,5.83,Low,Alto,56.36,56.36,False,False
17,Male,4.86,7.63,8.17,92.41,2.66,6.83,1.97,Medium,Medio,89.7,89.7,False,False
18,Other,4.01,9.77,8.77,87.38,0.05,8.62,4.61,Medium,Medio,100.0,100.0,False,False
21,Male,3.06,4.42,4.65,88.82,2.33,4.98,1.92,Medium,Medio,68.04,68.04,False,False
18,Female,7.19,1.58,8.12,61.91,0.51,12.72,5.53,Low,Alto,18.78,18.78,False,False
20,Male,1.95,9.89,8.12,82.74,0.54,6.66,4.71,Medium,Bajo,100.0,100.0,False,False
21,Female,2.29,6.61,5.94,97.64,4.35,7.95,5.66,Medium,Bajo,97.5,97.5,False,False
23,Female,0.98,9.52,4.55,61.56,3.2,6.38,5.4,High,Bajo,94.45,94.45,False,False
22,Male,6.07,1.93,8.95,71.64,3.23,9.82,3.75,Low,Alto,44.38,44.38,False,False
23,Female,4.76,4.08,7.28,62.06,2.02,6.52,1.76,Medium,Medio,55.53,55.53,False,False
18,Male,4.87,2.21,8.91,82.79,2.07,6.98,2.11,Medium,Medio,45.31,45.31,False,False
19,Female,1.75,8.52,6.42,64.65,1.52,3.76,2.01,Medium,Bajo,98.06,98.06,False,False
21,Other,5.21,8.92,5.98,79.17,2.17,7.31,2.1,High,Medio,89.17,89.17174435478269,False,True
22,Female,6.12,5.51,5.24,88.8,2.94,9.5,3.38,Low,Alto,65.62,65.61513313218104,False,True
24,Female,2.86,2.68,8.92,66.58,0.93,8.2,5.34,Medium,Medio,77.76,77.75706016102933,False,True
16,Male,6.41,2.14,5.27,90.21,1.31,7.53,1.12,Low,Alto,34.97,34.97,False,False
23,Male,2.79,6.29,4.12,62.41,2.47,4.98,2.19,Medium,Bajo,61.26,61.26,False,False
23,Male,6.07,5.56,6.56,65.98,1.92,10.05,3.98,Low,Alto,42.3,42.3,False,False
21,Female,0.27,7.25,5.89,71.2,4.1,5.6,5.33,High,Bajo,90.64,90.64,False,False
19,Female,4.41,3.75,5.31,91.84,4.11,6.9,2.49,Medium,Medio,52.33,52.33,False,False
18,Male,7.76,4.62,7.17,94.01,1.68,10.67,2.91,Low,Alto,36.11,36.11,False,False
18,Female,7.85,1.19,5.82,68.82,2.25,10.72,2.87,Low,Alto,3.6,3.6,False,False
21,Male,2.25,6.49,6.01,63.83,4.88,4.72,2.47,Medium,Bajo,75.08,75.08,False,False
23,Male,3.53,4.81,4.12,93.92,4.14,8.02,4.49,Medium,Medio,61.54,61.54,False,False
22,Female,0.5,9.28,6.95,85.97,1.08,4.78,4.28,Medium,Bajo,100.0,100.0,False,False
16,Male,6.99,6.78,4.61,66.31,1.4,12.21,5.22,Low,Alto,47.08,47.07978789497216,False,True
21,Female,4.55,4.59,5.07,82.31,0.42,10.14,5.59,Medium,Medio,52.74,52.74,False,False
22,Male,3.08,3.37,7.59,94.89,3.39,8.58,5.5,Medium,Medio,69.61,69.61,False,False
22,Female,0.9,9.15,5.57,62.78,1.58,4.6,3.7,High,Bajo,99.28,99.281506630085,False,True
24,Male,7.57,1.15,4.82,63.35,2.68,9.5,1.93,Low,Alto,0.04,0.04,False,False
20,Male,4.24,3.94,6.89,70.94,3.84,6.35,2.11,Medium,Medio,61.76,61.76,False,False
16,Female,2.26,9.49,5.07,86.09,4.18,6.21,3.95,High,Bajo,94.96,94.96,False,False
17,Female,2.8,6.89,5.35,67.12,1.63,8.39,5.59,Medium,Bajo,85.77,85.76866626473802,False,True
19,Male,2.17,5.79,7.11,92.65,1.19,5.82,3.65,Medium,Bajo,78.49,78.49,False,False
20,Male,4.81,2.83,7.7,90.02,4.24,10.49,5.68,Medium,Medio,67.97,67.97037582722291,False,True
24,Female,7.24,8.27,7.49,82.44,1.91,9.75,2.51,Low,Alto,82.31,82.3082693685406,False,True
16,Male,6.85,2.84,6.41,64.64,4.11,8.28,1.43,Low,Alto,27.71,27.71,False,False
18,Female,3.68,3.23,6.27,99.53,0.75,8.66,4.98,Medium,Medio,57.13,57.13,False,False
20,Female,6.61,2.73,7.94,79.6,4.56,12.01,5.4,Low,Alto,30.85,30.85,False,False
18,Male,3.38,2.42,4.97,78.08,2.42,6.62,3.24,Medium,Medio,56.77,56.77,False,False
19,Male,2.02,9.58,4.76,99.82,0.85,3.53,1.51,High,Bajo,98.7,98.7,False,False
18,Female,7.87,6.42,7.32,94.55,2.68,9.08,1.21,Low,Alto,44.84,44.84,False,False
19,Male,2.43,6.74,6.05,78.25,4.35,3.74,1.31,Medium,Bajo,77.56,77.56,False,False
16,Female,2.59,9.59,7.55,76.75,1.95,5.79,3.2,Medium,Bajo,100.0,100.0,False,False
23,Male,7.92,3.08,5.28,63.84,0.89,10.09,2.17,Low,Alto,7.94,7.94,False,False
19,Female,1.07,1.05,5.62,97.06,2.88,4.38,3.31,Medium,Bajo,57.73,57.73,False,False
22,Male,6.08,6.39,8.48,93.75,4.17,9.52,3.44,Low,Alto,63.2,63.2,False,False
17,Female,7.49,5.57,6.11,72.4,0.61,10.78,3.29,Low,Alto,45.8,45.8,False,False
17,Male,4.09,5.3,6.95,90.13,0.21,8.19,4.1,Medium,Medio,69.68,69.68,False,False
21,Male,0.02,1.56,4.53,90.51,0.28,4.42,4.4,Medium,Bajo,47.37,47.37,False,False
17,Female,3.0,5.09,4.89,69.12,1.15,5.98,2.98,Medium,Medio,55.94,55.94,False,False
21,Male,0.89,3.59,4.18,84.55,0.04,3.58,2.69,Medium,Bajo,58.72,58.72,False,False
17,Male,3.33,3.47,6.12,70.2,2.14,6.17,2.84,Medium,Medio,54.32,54.32,False,False
19,Male,6.32,3.0,8.94,91.6,3.49,7.67,1.35,Low,Alto,44.91,44.91,False,False
22,Male,3.51,3.99,8.37,66.15,3.55,6.12,2.61,Medium,Medio,62.29,62.29,False,False
23,Female,3.46,4.18,7.16,86.76,3.18,5.46,2.0,Medium,Medio,63.69,63.69,False,False
18,Female,4.45,3.78,8.31,73.04,1.48,6.9,2.45,Medium,Medio,51.87,51.87,False,False
24,Male,4.65,9.81,6.97,61.45,3.68,9.22,4.57,Medium,Medio,80.54,80.54,False,False
17,Female,6.85,9.39,5.84,64.95,2.88,12.79,5.94,High,Alto,72.28,72.28338580422627,False,True
23,Female,2.47,6.17,4.87,86.2,4.31,8.09,5.62,Medium,Bajo,68.5,68.5,False,False
23,Female,6.38,9.55,7.06,69.6,2.39,11.68,5.3,Low,Alto,82.32,82.31976401735055,False,True
19,Male,4.53,9.92,4.97,85.24,0.9,9.22,4.69,High,Medio,82.71,82.71,False,False
16,Female,2.4,4.2,6.09,76.59,3.17,8.12,5.72,Medium,Bajo,69.42,69.42,False,False
16,Female,2.36,5.01,8.13,87.71,0.75,7.12,4.76,Medium,Bajo,80.9,80.9,False,False
17,Female,2.89,9.63,4.65,79.72,4.82,6.24,3.35,High,Medio,74.55,74.55,False,False
24,Male,4.98,6.48,4.65,72.34,3.52,8.99,4.01,Medium,Medio,62.01,62.01,False,False
17,Male,1.85,2.92,5.12,65.83,3.78,4.38,2.53,Medium,Bajo,54.25,54.25,False,False
17,Female,7.36,7.2,6.76,73.64,3.4,8.38,1.02,Low,Alto,72.81,72.8074476250649,False,True
21,Male,4.6,2.85,5.26,85.4,0.49,7.37,2.77,Medium,Medio,48.06,48.06,False,False
22,Female,7.36,4.05,6.52,89.62,2.33,10.38,3.02,Low,Alto,35.8,35.8,False,False
22,Male,0.37,3.05,5.51,66.41,3.26,5.04,4.67,Medium,Bajo,65.43,65.43392476463347,False,True
24,Female,2.74,3.2,6.53,86.57,1.15,8.04,5.3,Medium,Bajo,56.52,56.52,False,False
21,Female,0.18,1.04,5.39,67.17,3.4,5.99,5.81,Medium,Bajo,51.06,51.06,False,False
23,Female,2.18,8.93,8.9,68.87,4.1,4.94,2.76,Medium,Bajo,100.0,100.0,False,False
21,Female,6.9,3.66,6.46,81.25,1.37,12.69,5.79,Low,Alto,32.29,32.29,False,False
17,Female,0.29,1.78,7.72,71.57,1.0,5.29,5.0,Medium,Bajo,59.7,59.7,False,False
16,Male,3.49,1.78,7.5,86.46,4.42,4.64,1.15,Medium,Medio,70.11,70.10501886769947,False,True
20,Female,0.94,6.0,6.45,98.23,0.03,4.92,3.98,Medium,Bajo,89.88,89.88,False,False
24,Male,3.33,9.94,5.19,65.96,1.28,6.16,2.83,High,Medio,80.41,80.41,False,False
23,Female,6.71,2.31,6.55,82.82,2.03,7.88,1.17,Low,Alto,23.32,23.32,False,False
19,Male,4.98,1.9,7.4,96.93,3.36,8.64,3.66,Medium,Medio,56.37,56.37,False,False
20,Female,5.89,4.94,6.3,67.06,4.99,9.81,3.92,Low,Alto,48.74,48.74,False,False
20,Female,2.79,6.07,4.41,74.67,1.85,5.05,2.26,Medium,Bajo,68.9,68.90398308133864,False,True
21,Male,7.56,3.65,4.09,64.94,4.74,13.26,5.7,Low,Alto,17.86,17.86,False,False
18,Male,5.67,3.72,5.64,85.68,1.83,9.72,4.05,Low,Alto,45.35,45.35041783043333,False,True
20,Other,3.37,4.82,4.75,86.77,3.48,5.25,1.88,Medium,Medio,51.98,51.98,False,False
17,Male,3.41,3.83,8.53,86.57,0.83,8.02,4.61,Medium,Medio,68.75,68.75,False,False
16,Male,7.35,9.24,4.88,81.69,2.3,10.85,3.5,High,Alto,71.78,71.77949868310131,False,True
16,Male,4.61,1.38,5.97,89.85,4.36,7.98,3.37,Medium,Medio,31.48,31.48,False,False
22,Other,5.65,3.11,7.56,61.44,1.6,10.82,5.17,Low,Alto,42.96,42.95821269463231,False,True
17,Other,3.34,8.28,8.08,98.3,0.53,5.03,1.69,Medium,Medio,94.27,94.27,False,False
19,Female,1.79,8.51,6.39,68.88,2.61,5.24,3.45,Medium,Bajo,96.47,96.47,False,False
20,Female,5.79,2.0,4.91,64.86,2.2,10.69,4.9,Low,Alto,23.88,23.88,False,False
22,Male,4.86,9.76,5.35,97.65,1.15,9.16,4.3,High,Medio,80.61,80.61,False,False
17,Other,4.01,7.24,6.09,93.22,4.53,5.04,1.03,Medium,Medio,76.8,76.8,False,False
21,Male,4.99,3.45,5.82,90.59,3.01,9.93,4.94,Medium,Medio,46.51,46.51,False,False
16,Male,1.67,5.1,5.74,64.19,1.74,7.39,5.72,Medium,Bajo,64.81,64.81,False,False
22,Male,6.35,3.67,4.66,92.3,4.98,10.87,4.52,Low,Alto,37.47,37.47,False,False
24,Female,7.59,2.35,8.57,84.36,0.69,12.97,5.38,Low,Alto,34.85,34.85,False,False
20,Female,7.13,3.62,4.15,89.28,4.24,9.93,2.8,Low,Alto,28.59,28.59,False,False
20,Male,2.57,6.22,6.2,99.12,1.15,5.32,2.75,Medium,Bajo,77.01,77.01,False,False
19,Other,3.25,8.43,8.9,67.78,1.2,5.85,2.6,Medium,Medio,97.79,97.79,False,False
18,Male,6.47,4.27,7.3,80.18,2.49,11.14,4.67,Low,Alto,45.45,45.45,False,False
24,Male,4.76,4.13,5.78,90.13,3.31,10.47,5.71,Medium,Medio,59.08,59.08,False,False
20,Male,4.38,5.21,4.73,77.35,3.45,9.81,5.43,Medium,Medio,57.44,57.44,False,False
23,Female,7.4,6.79,8.81,62.19,0.11,9.16,1.76,Low,Alto,55.96,55.96,False,False
24,Female,4.29,7.76,4.07,64.46,1.43,8.42,4.13,High,Medio,63.0,63.0,False,False
20,Male,4.12,3.94,7.41,84.08,3.3,10.1,5.98,Medium,Medio,66.56,66.56,False,False
24,Female,0.34,6.28,8.4,71.4,4.45,2.82,2.48,Medium,Bajo,86.59,86.59,False,False
17,Male,0.56,4.5,4.13,65.51,3.35,4.73,4.17,Medium,Bajo,56.02,56.02,False,False
24,Female,0.06,7.45,7.63,73.6,1.33,5.59,5.53,Medium,Bajo,100.0,100.0,False,False
19,Other,7.31,2.48,8.99,68.04,2.54,12.81,5.5,Low,Alto,22.01,22.01,False,False
21,Male,3.27,3.31,7.2,60.96,3.24,5.88,2.61,Medium,Medio,49.16,49.16,False,False
21,Female,3.75,4.83,6.07,66.07,0.68,5.22,1.47,Medium,Medio,62.58,62.58,False,False
21,Female,6.44,8.58,7.98,95.32,2.72,10.99,4.55,Low,Alto,78.3,78.2955590683598,False,True
17,Male,4.87,6.16,6.77,60.48,2.36,10.6,5.73,Medium,Medio,64.37,64.37,False,False
22,Female,4.88,9.69,7.75,90.95,1.68,8.42,3.54,Medium,Medio,100.0,100.0,False,False
21,Female,2.37,1.93,6.94,90.14,3.12,5.66,3.29,Medium,Bajo,65.82,65.82,False,False
16,Male,6.67,5.14,4.19,82.57,3.18,11.99,5.32,Low,Alto,38.25,38.25,False,False
17,Male,1.33,4.77,5.07,68.34,4.86,4.45,3.12,Medium,Bajo,65.47,65.47,False,False
22,Male,0.43,6.4,4.39,95.12,2.14,4.83,4.4,Medium,Bajo,79.36,79.36,False,False
16,Female,1.53,8.31,4.53,79.0,2.66,4.47,2.94,High,Bajo,99.22,99.22,False,False
16,Female,2.14,8.57,4.08,66.93,0.79,5.03,2.89,High,Bajo,72.23,72.23,False,False
16,Female,2.26,7.03,6.11,77.16,2.74,4.2,1.94,Medium,Bajo,87.09,87.09,False,False
23,Male,5.36,6.77,4.89,67.8,0.18,6.8,1.44,Low,Medio,47.66,47.66,False,False
19,Male,1.74,9.54,8.28,75.04,0.75,7.17,5.43,Medium,Bajo,100.0,100.0,False,False
19,Male,5.41,4.45,7.75,79.87,0.86,7.32,1.91,Low,Medio,53.38,53.38,False,False
17,Female,0.73,8.5,6.87,74.4,3.16,2.04,1.31,Medium,Bajo,97.34,97.34,False,False
16,Other,1.18,9.29,6.45,86.28,2.84,5.09,3.91,Medium,Bajo,100.0,100.0,False,False
24,Female,4.07,5.42,5.28,97.44,3.99,7.8,3.73,Medium,Medio,70.0,69.99773800802532,False,True
22,Male,7.38,7.56,6.37,73.93,2.32,11.22,3.84,Low,Alto,65.62,65.62476641383658,False,True
19,Female,6.88,4.39,7.21,74.23,2.37,10.22,3.34,Low,Alto,37.76,37.76,False,False
21,Female,7.75,2.43,7.91,89.53,0.81,9.46,1.71,Low,Alto,31.24,31.24,False,False
17,Male,5.2,6.28,4.41,81.22,3.71,6.3,1.1,Low,Medio,55.33,55.33,False,False
22,Female,5.41,2.77,7.54,77.15,0.02,6.64,1.23,Low,Medio,37.89,37.89,False,False
17,Male,5.0,5.12,7.71,92.55,2.12,10.72,5.72,Medium,Medio,60.21,60.21,False,False
23,Male,4.98,8.86,6.79,95.64,0.94,8.64,3.66,Medium,Medio,85.47,85.47,False,False
23,Male,1.18,1.77,5.07,83.62,3.86,4.18,3.0,Medium,Bajo,56.45,56.45,False,False
16,Male,4.35,1.27,6.7,67.4,3.37,7.4,3.05,Medium,Medio,39.88,39.88,False,False
23,Male,3.09,6.46,6.51,78.65,3.53,7.35,4.26,Medium,Medio,68.26,68.26,False,False
17,Male,3.54,3.98,6.38,80.17,0.74,6.42,2.88,Medium,Medio,55.99,55.99,False,False
21,Male,4.19,4.76,6.3,77.29,3.34,9.17,4.98,Medium,Medio,61.95,61.95,False,False
16,Female,1.03,4.65,4.55,70.5,3.45,3.33,2.3,Medium,Bajo,68.91,68.91,False,False
20,Other,2.88,1.78,4.91,78.89,0.01,5.72,2.84,Medium,Medio,36.94,36.94,False,False
22,Female,0.51,1.03,4.49,77.86,1.59,6.18,5.67,Medium,Bajo,48.57,48.57,False,False
16,Male,7.84,9.09,5.21,68.38,0.44,10.14,2.3,High,Alto,62.28,62.27856967406894,False,True
17,Male,0.95,2.96,5.32,96.14,3.41,5.26,4.31,Medium,Bajo,61.04,61.04,False,False
22,Male,2.07,4.83,5.23,95.41,1.06,4.89,2.82,Medium,Bajo,77.4,77.4,False,False
21,Male,7.13,9.75,5.05,90.38,1.32,10.49,3.36,High,Alto,78.31,78.30731000757197,False,True
18,Female,3.86,8.44,7.68,76.04,0.39,5.09,1.23,Medium,Medio,87.22,87.22,False,False
17,Female,1.09,1.97,8.09,74.81,2.42,2.93,1.84,Medium,Bajo,66.68,66.68,False,False
19,Female,3.07,5.58,5.64,88.66,0.17,4.58,1.51,Medium,Medio,76.95,76.95,False,False
18,Female,0.93,7.57,5.53,84.32,4.23,6.15,5.22,High,Bajo,90.23,90.23,False,False
22,Male,1.6,7.29,8.22,84.02,0.13,7.41,5.81,Medium,Bajo,100.0,100.0,False,False
23,Male,0.42,7.85,7.12,64.96,0.31,1.76,1.34,Medium,Bajo,92.1,92.1,False,False
17,Female,3.51,5.12,5.47,84.73,3.2,4.89,1.38,Medium,Medio,66.66,66.66,False,False
22,Male,6.45,2.58,7.57,96.07,4.58,10.21,3.76,Low,Alto,43.15,43.14881980042756,False,True
23,Male,4.69,5.18,5.72,63.43,4.46,8.21,3.52,Medium,Medio,57.68,57.68,False,False
21,Male,4.85,6.83,6.93,73.57,0.42,9.1,4.25,Medium,Medio,67.88,67.88,False,False
21,Male,1.6,6.48,8.96,80.36,1.44,6.28,4.68,Medium,Bajo,100.0,100.0,False,False
16,Male,2.75,1.63,5.51,87.44,2.61,7.74,4.99,Medium,Bajo,48.67,48.67,False,False
19,Female,6.76,1.58,8.65,63.59,0.13,8.51,1.75,Low,Alto,28.48,28.48,False,False
16,Female,0.7,9.69,5.6,94.91,2.64,1.89,1.19,High,Bajo,100.0,100.0,False,False
19,Male,6.86,2.37,6.7,61.62,2.24,12.31,5.45,Low,Alto,27.3,27.3,False,False
17,Male,3.87,3.65,6.3,94.31,2.94,7.22,3.35,Medium,Medio,61.14,61.14,False,False
20,Female,6.7,7.91,7.92,61.11,4.6,12.56,5.86,Low,Alto,73.84,73.84223101949144,False,True
24,Male,2.54,4.69,4.31,66.14,1.37,6.2,3.66,Medium,Bajo,53.35,53.35,False,False
18,Male,2.71,2.63,7.14,92.01,3.2,6.26,3.55,Medium,Bajo,66.95,66.95,False,False
23,Male,6.01,5.21,7.8,94.41,2.15,10.12,4.11,Low,Alto,59.65,59.65,False,False
18,Male,6.28,6.12,6.36,99.29,2.18,8.13,1.85,Low,Alto,59.44,59.44,False,False
21,Female,1.84,5.07,4.53,64.63,3.24,4.11,2.27,Medium,Bajo,62.53,62.53,False,False
19,Female,7.78,9.27,5.22,81.06,4.76,13.31,5.53,High,Alto,71.58,71.58262109187022,False,True
23,Male,0.68,3.56,7.4,63.09,4.32,2.74,2.06,Medium,Bajo,69.29,69.29,False,False
21,Male,0.55,6.95,8.48,66.26,3.2,2.71,2.16,Medium,Bajo,98.25,98.25,False,False
23,Male,4.76,2.01,6.11,66.98,2.31,8.31,3.55,Medium,Medio,42.01,42.01,False,False
16,Male,5.78,4.53,6.8,62.54,2.12,9.99,4.21,Low,Alto,47.59,47.59,False,False
21,Other,7.69,7.67,5.14,95.72,3.94,8.69,1.0,High,Alto,59.01,59.01254277920896,False,True
16,Female,3.24,3.02,6.06,65.05,1.09,6.52,3.28,Medium,Medio,42.65,42.65,False,False
16,Female,0.2,6.31,5.68,85.17,2.94,3.2,3.0,Medium,Bajo,89.61,89.61,False,False
23,Female,4.82,2.38,7.28,85.03,2.52,10.15,5.33,Medium,Medio,48.35,48.35,False,False
22,Female,2.32,1.92,8.92,67.95,3.25,7.52,5.2,Medium,Bajo,69.27,69.27,False,False
18,Female,3.46,5.71,8.07,99.94,0.94,8.99,5.53,Medium,Medio,83.77,83.77,False,False
21,Male,3.91,7.08,4.96,73.89,3.48,9.12,5.21,High,Medio,60.39,60.39,False,False
24,Male,0.52,2.02,6.89,96.2,3.13,5.45,4.93,Medium,Bajo,61.46,61.46,False,False
22,Female,3.89,9.26,4.33,97.93,0.9,9.19,5.3,High,Medio,90.62,90.61742429267431,False,True
18,Male,3.41,3.03,5.23,97.96,2.25,5.28,1.87,Medium,Medio,64.6,64.6,False,False
21,Other,5.7,2.08,4.86,90.11,3.39,8.4,2.7,Low,Alto,37.58,37.58,False,False
19,Female,5.17,2.82,5.68,70.15,4.51,9.59,4.42,Low,Medio,34.49,34.49,False,False
18,Female,1.48,2.53,7.39,64.83,0.61,7.1,5.62,Medium,Bajo,64.62,64.62,False,False
24,Male,1.65,1.82,6.5,82.8,0.04,5.98,4.33,Medium,Bajo,55.71,55.71,False,False
17,Female,2.01,8.18,8.66,74.4,0.83,4.05,2.04,Medium,Bajo,93.36,93.36,False,False
16,Male,1.43,5.46,5.06,93.24,4.95,7.15,5.72,Medium,Bajo,88.15,88.15,False,False
17,Other,5.26,4.5,5.82,89.8,3.84,10.06,4.8,Low,Medio,57.8,57.8,False,False
22,Male,7.9,9.49,5.61,71.06,3.07,12.54,4.64,High,Alto,72.61,72.61412780765886,False,True
16,Female,5.22,4.34,5.18,60.68,0.67,10.03,4.81,Low,Medio,50.33,50.33,False,False
21,Female,4.85,2.5,8.97,69.49,2.08,9.15,4.3,Medium,Medio,52.54,52.54,False,False
22,Male,3.28,3.47,5.94,82.68,3.58,4.39,1.11,Medium,Medio,58.56,58.56,False,False
24,Male,2.5,3.15,8.7,63.16,4.48,4.77,2.27,Medium,Bajo,65.83,65.83,False,False
23,Other,7.29,5.49,5.95,86.33,1.91,13.07,5.78,Low,Alto,42.98,42.97978070448842,False,True
21,Male,7.75,3.62,5.02,86.87,5.0,10.19,2.44,Low,Alto,29.43,29.43,False,False
18,Female,3.97,5.64,4.6,66.78,0.7,8.83,4.86,Medium,Medio,61.21,61.21,False,False
23,Male,2.32,7.02,8.28,83.85,1.93,5.44,3.12,Medium,Bajo,94.53,94.53,False,False
22,Female,6.16,8.0,4.16,84.28,4.38,11.7,5.54,High,Alto,64.18,64.1840140808414,False,True
18,Female,1.06,7.39,8.82,79.12,3.25,4.85,3.79,Medium,Bajo,100.0,100.0,False,False
24,Male,6.12,2.85,6.09,98.13,4.05,10.28,4.16,Low,Alto,31.62,31.62,False,False
17,Male,6.55,2.04,5.24,64.33,4.54,8.75,2.2,Low,Alto,15.1,15.1,False,False
18,Female,1.0,5.88,7.09,76.27,2.54,2.29,1.29,Medium,Bajo,92.42,92.42,False,False
17,Male,7.81,2.79,4.66,95.32,1.17,12.59,4.78,Low,Alto,18.28,18.28,False,False
16,Male,7.88,1.76,4.36,75.45,3.47,9.22,1.34,Low,Alto,6.67,6.672988564069667,False,True
19,Female,7.49,5.74,8.14,76.99,2.82,12.1,4.61,Low,Alto,56.02,56.02,False,False
20,Male,3.97,3.94,6.12,86.73,3.86,7.75,3.78,Medium,Medio,63.99,63.99,False,False
21,Male,1.97,7.81,6.59,86.62,2.56,7.07,5.1,Medium,Bajo,100.0,106.86651161106676,True,True
20,Female,4.66,3.83,4.88,60.92,4.06,6.69,2.03,Medium,Medio,42.32,42.32,False,False
16,Male,3.36,9.81,4.31,78.23,4.51,7.07,3.71,High,Medio,87.43,87.43,False,False
18,Male,1.65,7.83,5.84,73.34,3.75,5.72,4.07,High,Bajo,100.0,109.79475480888313,True,True
16,Male,3.39,1.52,6.53,85.11,3.72,4.76,1.37,Medium,Medio,55.47,55.47,False,False
20,Female,5.31,5.58,7.83,82.23,2.94,10.0,4.69,Low,Medio,71.39,71.38917114818706,False,True
20,Female,0.57,6.06,6.51,86.03,2.36,3.52,2.95,Medium,Bajo,100.0,100.0,False,False
21,Female,2.67,7.26,7.91,86.15,4.86,4.31,1.64,Medium,Bajo,91.69,91.69,False,False
23,Male,0.14,5.48,4.58,70.19,3.23,3.08,2.94,Medium,Bajo,81.03,81.02666862373354,False,True
16,Male,6.0,5.35,4.32,69.86,4.2,7.49,1.49,Low,Alto,47.9,47.9,False,False
19,Male,5.13,4.31,4.79,74.81,2.53,10.57,5.44,Low,Medio,46.08,46.08,False,False
16,Male,0.5,3.44,7.86,69.68,2.77,3.78,3.28,Medium,Bajo,70.96,70.96,False,False
24,Female,7.09,8.74,7.16,87.31,3.31,9.41,2.32,Low,Alto,84.32,84.31749948069304,False,True
22,Male,0.18,3.86,4.71,84.11,3.64,2.44,2.26,Medium,Bajo,67.05,67.05,False,False
22,Male,4.72,1.57,4.15,68.66,2.24,9.34,4.62,Medium,Medio,15.46,15.46,False,False
20,Male,6.21,2.51,7.43,95.36,1.78,11.14,4.93,Low,Alto,54.67,54.67209851079347,False,True
22,Female,6.22,8.61,8.17,78.43,1.2,7.51,1.29,Low,Alto,80.85,80.85314676796179,False,True
17,Female,0.27,6.28,7.77,65.08,2.12,1.57,1.3,Medium,Bajo,82.25,82.25,False,False
19,Female,7.25,8.01,5.01,68.52,1.06,12.84,5.59,High,Alto,73.19,73.18626751561206,False,True
22,Female,7.35,8.28,6.92,81.59,2.08,10.0,2.65,Low,Alto,80.69,80.69126078603968,False,True
18,Female,4.49,8.41,7.79,73.54,4.37,6.46,1.97,Medium,Medio,88.05,88.05,False,False
17,Male,3.86,5.96,5.28,94.05,4.89,5.48,1.62,Medium,Medio,69.3,69.3,False,False
17,Male,0.36,2.59,6.64,79.79,2.89,3.74,3.38,Medium,Bajo,76.58,76.57919347699168,False,True
16,Female,4.5,2.33,5.57,96.61,0.73,9.36,4.86,Medium,Medio,44.65,44.65,False,False
20,Female,3.28,6.17,5.13,64.07,2.14,6.89,3.61,Medium,Medio,60.57,60.57,False,False
21,Female,6.18,4.3,8.85,86.74,3.01,7.28,1.1,Low,Alto,59.92,59.92,False,False
21,Female,3.23,6.02,8.56,95.43,1.85,6.65,3.42,Medium,Medio,88.57,88.57,False,False
24,Female,5.47,5.49,6.23,71.72,1.03,8.03,2.56,Low,Alto,62.4,62.4,False,False
19,Female,0.81,6.42,4.68,65.43,1.13,5.22,4.41,Medium,Bajo,64.23,64.23,False,False
16,Female,1.06,1.29,7.64,78.27,2.37,4.68,3.62,Medium,Bajo,70.49,70.49,False,False
21,Female,1.12,1.3,5.28,98.45,1.08,6.95,5.83,Medium,Bajo,59.14,59.14,False,False
20,Male,0.36,7.49,4.84,85.34,1.25,4.35,3.99,High,Bajo,87.06,87.06,False,False
21,Female,4.33,2.74,5.91,85.76,4.37,8.49,4.16,Medium,Medio,50.71,50.71,False,False
18,Female,6.35,6.87,6.65,86.86,3.9,9.95,3.6,Low,Alto,57.43,57.43,False,False
17,Male,4.88,5.92,4.49,61.59,0.28,7.44,2.56,Medium,Medio,48.15,48.15,False,False
21,Female,4.6,9.84,6.86,77.83,1.6,8.75,4.15,Medium,Medio,93.07,93.07,False,False
16,Female,5.44,8.52,4.08,63.1,2.66,8.1,2.66,High,Medio,69.47,69.46892175533475,False,True
22,Male,2.72,4.72,8.46,72.63,0.3,7.31,4.59,Medium,Bajo,71.45,71.45,False,False
22,Female,2.9,6.55,8.6,92.86,3.42,5.08,2.18,Medium,Medio,88.14,88.14,False,False
22,Male,2.51,2.06,7.67,86.25,1.92,5.35,2.84,Medium,Bajo,62.72,62.72,False,False
16,Other,5.7,4.48,6.33,99.82,1.99,9.62,3.92,Low,Alto,48.91,48.91,False,False
19,Female,1.29,7.6,5.27,66.89,1.33,5.43,4.14,High,Bajo,92.6,92.6,False,False
22,Male,0.1,6.6,7.72,75.88,1.67,4.44,4.34,Medium,Bajo,100.0,100.0,False,False
24,Male,4.77,5.36,8.66,92.39,4.31,9.27,4.5,Medium,Medio,73.7,73.7,False,False
20,Female,7.54,2.59,4.79,68.63,3.94,10.13,2.59,Low,Alto,24.16,24.16221180748866,False,True
17,Male,4.88,8.23,6.33,66.15,4.68,10.34,5.46,Medium,Medio,74.31,74.31,False,False
22,Male,6.26,3.46,5.58,77.1,3.49,7.41,1.15,Low,Alto,30.22,30.22,False,False
16,Female,5.38,8.38,5.78,75.35,2.89,7.32,1.94,High,Medio,94.71,94.7081740532658,False,True
22,Male,3.98,6.5,6.03,99.21,1.3,5.33,1.35,Medium,Medio,78.11,78.11,False,False
21,Male,5.75,4.35,8.76,78.25,3.33,10.11,4.36,Low,Alto,65.9,65.9,False,False
22,Female,6.59,1.37,5.29,94.44,4.53,8.96,2.37,Low,Alto,25.12,25.12,False,False
18,Female,1.8,3.09,6.46,95.52,0.35,3.8,2.0,Medium,Bajo,85.42,85.41822924131132,False,True
18,Female,2.69,9.0,8.76,66.31,2.22,6.09,3.4,Medium,Bajo,100.0,100.0,False,False
22,Female,1.79,8.36,6.38,88.61,0.75,5.89,4.1,Medium,Bajo,99.93,99.93,False,False
17,Male,3.62,6.17,8.32,71.1,4.05,7.72,4.1,Medium,Medio,71.93,71.93,False,False
16,Male,7.08,5.2,4.29,63.79,3.07,10.87,3.79,Low,Alto,31.36,31.36,False,False
24,Male,2.76,6.82,8.77,94.99,4.4,8.72,5.96,Medium,Bajo,99.13,99.13,False,False
24,Female,3.0,5.2,4.94,71.7,0.32,8.3,5.3,Medium,Medio,61.63,61.63,False,False
22,Female,6.88,6.8,8.9,73.81,4.53,9.07,2.19,Low,Alto,59.29,59.29,False,False
22,Female,4.12,3.77,4.88,72.96,0.34,8.91,4.79,Medium,Medio,54.34,54.34,False,False
18,Female,4.28,8.55,6.22,68.01,1.44,8.13,3.85,Medium,Medio,81.9,81.90306830552028,False,True
17,Female,6.89,7.32,5.54,77.38,0.78,8.24,1.35,High,Alto,58.51,58.51227711332388,False,True
22,Male,3.92,3.97,6.17,77.13,0.73,5.17,1.25,Medium,Medio,55.79,55.79,False,False
24,Male,5.45,8.48,5.25,76.35,0.86,10.45,5.0,High,Medio,81.57,81.56678171904515,False,True
16,Male,0.69,5.39,8.83,96.65,2.4,4.41,3.72,Medium,Bajo,91.83,91.83,False,False
19,Male,1.43,2.57,5.53,73.59,3.92,5.29,3.86,Medium,Bajo,60.74,60.74,False,False
21,Female,3.24,1.7,7.27,61.22,4.49,5.92,2.68,Medium,Medio,37.51,37.51,False,False
22,Male,3.96,7.3,4.69,67.14,2.83,9.61,5.65,High,Medio,69.06,69.06,False,False
22,Female,7.22,8.2,7.58,88.86,0.79,12.3,5.08,Low,Alto,75.3,75.296153380902,False,True
17,Female,7.77,8.27,6.71,83.63,0.4,13.41,5.64,Low,Alto,70.12,70.11691539758228,False,True
19,Male,6.81,6.9,8.9,98.07,2.47,8.31,1.5,Low,Alto,67.49,67.49,False,False
20,Male,2.52,2.27,6.12,87.78,3.83,6.44,3.92,Medium,Bajo,63.44,63.44,False,False
16,Male,7.71,1.85,4.98,67.77,3.1,11.9,4.19,Low,Alto,7.02,7.02,False,False
16,Male,5.51,4.11,5.73,64.83,2.91,7.14,1.63,Low,Alto,46.42,46.41533148777375,False,True
18,Female,3.14,8.69,7.68,80.83,0.24,5.87,2.73,Medium,Medio,100.0,100.0,False,False
18,Male,5.61,9.66,7.3,86.61,2.06,7.68,2.07,Low,Alto,100.0,103.53766042634524,True,True
23,Female,0.13,3.17,7.89,66.63,2.75,6.05,5.92,Medium,Bajo,74.66,74.66,False,False
24,Female,1.17,7.86,4.37,84.07,2.99,4.89,3.72,High,Bajo,95.14,95.14,False,False
16,Female,6.64,6.16,6.9,94.6,0.02,9.22,2.58,Low,Alto,54.39,54.39,False,False
17,Female,5.16,1.29,8.66,89.1,1.0,9.48,4.32,Low,Medio,51.1,51.1,False,False
17,Male,2.91,5.89,4.54,86.57,4.75,7.21,4.3,Medium,Medio,71.37,71.37,False,False
19,Male,4.01,8.25,4.47,91.57,2.54,6.75,2.74,High,Medio,75.61,75.61,False,False
17,Male,7.24,3.49,7.58,64.16,3.52,13.21,5.97,Low,Alto,32.25,32.25,False,False
22,Male,5.05,9.08,5.58,68.15,1.54,10.09,5.04,High,Medio,81.25,81.24757167835688,False,True
24,Female,3.19,3.13,7.29,61.52,2.93,6.19,3.0,Medium,Medio,47.39,47.39,False,False
22,Female,0.96,1.69,6.73,65.8,1.78,5.26,4.3,Medium,Bajo,70.48,70.47895776724563,False,True
21,Male,2.35,2.44,8.93,96.53,1.48,6.9,4.55,Medium,Bajo,63.05,63.05,False,False
16,Male,7.26,7.91,7.83,68.89,2.06,9.7,2.44,Low,Alto,82.05,82.05412730916905,False,True
24,Male,3.5,4.76,7.39,86.48,2.3,8.89,5.39,Medium,Medio,69.9,69.9,False,False
20,Female,3.77,8.17,5.31,87.66,1.66,8.9,5.13,High,Medio,84.18,84.18,False,False
20,Female,3.99,5.78,5.31,85.81,1.29,8.77,4.78,Medium,Medio,76.33,76.32829636292986,False,True
21,Female,7.07,5.33,8.41,82.16,3.12,9.18,2.11,Low,Alto,47.72,47.72,False,False
24,Female,4.83,8.26,6.93,79.45,1.9,6.51,1.68,Medium,Medio,78.83,78.83,False,False
23,Male,5.55,4.81,7.95,76.8,1.01,7.45,1.9,Low,Alto,57.04,57.04,False,False
23,Male,3.12,8.22,6.25,96.68,3.79,4.59,1.47,Medium,Medio,89.28,89.28,False,False
23,Male,0.23,1.91,4.52,60.38,3.62,5.93,5.7,Medium,Bajo,52.62,52.62,False,False
16,Male,7.45,6.73,5.66,62.14,4.43,12.71,5.26,Low,Alto,34.95,34.95,False,False
16,Female,7.59,7.32,4.81,79.7,2.78,9.04,1.45,High,Alto,59.66,59.660041603225,False,True
23,Female,7.1,8.5,7.4,73.22,1.4,11.98,4.88,Low,Alto,68.02,68.02418045989454,False,True
20,Female,7.55,3.02,7.5,76.33,4.32,9.78,2.23,Low,Alto,30.72,30.72,False,False
24,Female,6.52,6.44,4.44,99.91,1.4,7.61,1.09,Low,Alto,61.03,61.03408923968673,False,True
17,Male,5.48,4.9,7.11,91.01,3.28,7.94,2.46,Low,Alto,69.02,69.02,False,False
24,Male,6.76,4.44,8.37,95.1,0.95,9.96,3.2,Low,Alto,50.42,50.42,False,False
23,Female,4.8,1.96,7.49,74.74,3.15,5.9,1.1,Medium,Medio,42.26,42.26,False,False
24,Female,1.07,2.21,6.56,69.58,4.2,3.69,2.62,Medium,Bajo,61.96,61.96,False,False
19,Male,3.13,8.53,5.56,90.72,2.7,7.63,4.5,High,Medio,100.0,105.62081697722948,True,True
16,Female,7.46,7.44,8.1,92.3,2.35,9.91,2.45,Low,Alto,74.91,74.90531631629692,False,True
16,Female,2.81,4.44,6.11,82.0,4.97,6.23,3.42,Medium,Medio,67.39,67.39,False,False
20,Male,6.74,8.22,8.04,95.84,0.11,12.38,5.64,Low,Alto,88.67,88.66524012447829,False,True
17,Female,0.75,1.73,7.91,98.69,1.66,1.89,1.14,Medium,Bajo,69.57,69.57,False,False
23,Male,2.67,6.62,8.08,78.84,4.59,7.6,4.93,Medium,Bajo,87.02,87.02,False,False
20,Female,2.81,8.81,8.95,68.91,3.21,5.73,2.92,Medium,Medio,100.0,100.0,False,False
20,Female,0.41,8.55,7.74,80.68,2.71,4.12,3.71,Medium,Bajo,100.0,106.16826150950806,True,True
17,Other,0.95,4.36,4.17,99.58,3.19,3.1,2.15,Medium,Bajo,63.92,63.92,False,False
22,Male,1.55,7.71,5.03,71.72,1.61,5.44,3.89,High,Bajo,92.94,92.94,False,False
23,Male,6.7,4.85,4.18,84.7,0.36,11.35,4.65,Low,Alto,42.82,42.82,False,False
16,Male,0.51,8.56,4.95,87.76,1.38,2.52,2.01,High,Bajo,98.46,98.46,False,False
17,Male,2.39,5.78,4.31,68.56,1.68,5.11,2.72,Medium,Bajo,71.02,71.02,False,False
19,Female,0.08,7.88,6.51,83.54,2.4,3.92,3.84,Medium,Bajo,92.09,92.09,False,False
20,Female,5.57,1.71,4.14,72.58,1.97,8.65,3.08,Low,Alto,24.84,24.84,False,False
17,Male,4.96,6.31,6.36,94.17,2.61,7.43,2.47,Medium,Medio,75.7,75.7,False,False
16,Male,5.16,5.95,8.49,88.59,0.98,8.42,3.26,Low,Medio,69.64,69.64,False,False
24,Male,3.0,6.49,7.74,93.05,0.92,5.45,2.45,Medium,Medio,80.98,80.98,False,False
16,Male,1.67,7.26,8.72,67.99,1.76,4.18,2.51,Medium,Bajo,100.0,100.0,False,False
19,Male,5.76,9.26,5.13,61.38,2.37,9.81,4.05,High,Alto,82.78,82.78096588980691,False,True
17,Male,6.49,8.07,6.66,94.02,1.71,9.88,3.39,Low,Alto,73.44,73.44286445917172,False,True
19,Female,1.11,2.98,5.59,75.47,2.88,5.5,4.39,Medium,Bajo,56.14,56.14,False,False
23,Male,3.89,8.43,6.47,67.19,1.55,9.08,5.19,Medium,Medio,78.7,78.7,False,False
23,Female,1.99,2.1,6.79,63.68,0.89,7.7,5.71,Medium,Bajo,54.76,54.76,False,False
24,Female,1.34,6.6,4.18,80.66,4.31,3.1,1.76,Medium,Bajo,73.4,73.4,False,False
20,Male,5.87,8.94,5.17,66.01,1.0,10.0,4.13,High,Alto,69.76,69.75940981502661,False,True
22,Female,4.3,1.91,7.52,82.67,4.83,8.21,3.91,Medium,Medio,54.43,54.43,False,False
18,Female,1.73,8.65,7.86,89.09,4.94,7.06,5.33,Medium,Bajo,100.0,100.0,False,False
19,Female,2.48,8.19,6.85,81.4,3.48,7.96,5.48,Medium,Bajo,84.96,84.96,False,False
24,Male,7.73,5.53,5.35,96.15,2.51,12.53,4.8,Low,Alto,42.39,42.39,False,False
16,Male,6.79,3.78,6.03,66.22,3.98,10.77,3.98,Low,Alto,34.91,34.91,False,False
17,Female,7.04,4.65,4.48,79.76,4.37,9.04,2.0,Low,Alto,32.91,32.91,False,False
20,Female,3.68,9.72,8.77,66.53,3.55,6.06,2.38,Medium,Medio,99.06,99.06,False,False
18,Male,4.99,2.82,8.34,95.04,0.51,9.0,4.01,Medium,Medio,52.53,52.53,False,False
17,Male,3.01,6.22,4.33,97.29,0.01,4.71,1.7,Medium,Medio,75.47,75.47,False,False
16,Male,0.62,1.75,4.83,76.0,0.96,2.54,1.92,Medium,Bajo,54.57,54.57,False,False
18,Male,3.21,2.96,6.91,72.23,0.94,8.77,5.56,Medium,Medio,56.97,56.97,False,False
16,Female,4.75,7.87,5.16,71.17,0.91,10.53,5.78,High,Medio,77.23,77.23,False,False
16,Male,2.3,3.72,8.67,94.39,2.55,3.33,1.03,Medium,Bajo,77.31,77.31,False,False
16,Male,6.38,9.29,7.32,87.3,2.6,12.09,5.71,Low,Alto,87.98,87.98076962195906,False,True
23,Female,1.21,5.51,5.37,95.22,3.62,6.9,5.69,Medium,Bajo,93.82,93.82,False,False
18,Male,2.94,5.65,4.03,64.7,1.01,6.57,3.63,Medium,Medio,55.44,55.44397330438685,False,True
16,Female,1.0,1.33,8.0,79.04,0.46,4.24,3.24,Medium,Bajo,64.7,64.7,False,False
22,Female,3.24,9.61,6.12,87.05,3.33,8.83,5.59,Medium,Medio,91.99,91.99,False,False
18,Male,0.32,2.57,7.21,95.88,2.42,1.36,1.04,Medium,Bajo,72.15,72.15,False,False
23,Female,2.18,5.85,5.43,75.28,3.33,7.38,5.2,Medium,Bajo,72.29,72.29,False,False
19,Female,3.21,4.56,4.71,72.52,1.9,5.69,2.48,Medium,Medio,51.67,51.67,False,False
19,Male,3.83,4.74,7.38,96.52,3.75,8.04,4.21,Medium,Medio,77.26,77.26,False,False
20,Male,4.35,6.79,6.25,61.9,3.41,6.97,2.62,Medium,Medio,65.49,65.49,False,False
21,Female,2.2,6.96,5.18,79.18,3.25,5.81,3.61,Medium,Bajo,85.8,85.8,False,False
22,Female,4.18,2.39,4.69,78.35,0.14,9.22,5.04,Medium,Medio,33.67,33.67,False,False
19,Female,4.07,5.5,6.9,65.84,4.29,5.98,1.91,Medium,Medio,58.53,58.53,False,False
23,Male,2.53,8.11,7.63,75.8,1.88,6.85,4.32,Medium,Bajo,88.34,88.34,False,False
21,Female,6.64,4.99,5.42,88.9,0.68,12.13,5.49,Low,Alto,46.66,46.66,False,False
16,Male,4.37,2.49,7.68,74.67,3.78,9.88,5.51,Medium,Medio,58.53,58.53,False,False
16,Female,2.66,3.82,4.92,72.39,2.43,8.13,5.47,Medium,Bajo,54.12,54.12,False,False
24,Female,7.58,2.91,5.69,91.28,0.16,11.17,3.59,Low,Alto,23.58,23.57620979498286,False,True
21,Female,6.76,2.13,7.72,99.55,3.91,11.6,4.84,Low,Alto,49.07,49.066649717831055,False,True
23,Female,7.86,4.4,7.3,91.17,2.18,11.09,3.23,Low,Alto,42.2,42.2,False,False
22,Female,5.54,5.87,5.35,93.85,3.77,8.84,3.3,Low,Alto,53.53,53.53,False,False
21,Female,3.03,1.65,4.61,97.58,3.78,5.45,2.42,Medium,Medio,55.59,55.590013964569096,False,True
19,Male,2.25,6.43,4.21,92.07,0.5,4.68,2.43,Medium,Bajo,80.34,80.34,False,False
22,Female,5.21,9.75,8.04,99.21,3.07,6.5,1.29,Low,Medio,98.08,98.07787519092902,False,True
24,Female,7.85,9.68,4.38,89.89,1.8,11.51,3.66,High,Alto,74.32,74.31898654020277,False,True
22,Male,5.01,8.46,4.57,86.46,2.73,7.55,2.54,High,Medio,93.13,93.12829564776212,False,True
16,Female,7.05,3.4,5.19,87.73,0.44,8.99,1.94,Low,Alto,35.56,35.56463747351618,False,True
24,Male,2.63,1.2,6.23,96.0,2.94,4.24,1.61,Medium,Bajo,55.62,55.62,False,False
19,Female,3.26,8.5,7.95,87.32,3.89,5.99,2.73,Medium,Medio,100.0,100.0,False,False
18,Female,7.25,1.5,5.24,90.45,4.93,12.75,5.5,Low,Alto,14.77,14.77,False,False
19,Male,6.05,2.85,6.72,68.64,1.6,9.63,3.58,Low,Alto,40.61,40.61,False,False
19,Female,7.85,5.9,4.45,96.51,0.78,11.63,3.78,Low,Alto,39.39,39.39,False,False
17,Male,6.2,2.61,6.32,77.89,1.83,7.47,1.27,Low,Alto,27.73,27.73,False,False
16,Female,3.59,8.5,4.89,66.44,0.1,7.19,3.6,High,Medio,67.78,67.78,False,False
16,Male,4.25,7.99,5.06,91.99,2.04,8.59,4.34,High,Medio,81.86,81.86,False,False
23,Male,7.2,7.8,5.83,74.26,4.57,8.95,1.75,High,Alto,55.91,55.90903027781094,False,True
17,Male,4.41,8.35,7.81,67.36,0.97,10.33,5.92,Medium,Medio,87.87,87.87,False,False
20,Male,2.04,2.98,7.72,70.25,2.39,7.62,5.58,Medium,Bajo,53.08,53.08,False,False
19,Female,3.48,7.56,6.07,61.4,2.86,9.45,5.97,Medium,Medio,75.82,75.82,False,False
23,Female,4.13,4.2,4.59,63.62,0.9,6.93,2.8,Medium,Medio,44.26,44.26,False,False
17,Male,0.77,7.0,5.4,83.7,1.65,5.88,5.11,Medium,Bajo,95.74,95.74,False,False
24,Male,5.95,2.1,6.53,94.65,4.56,8.59,2.64,Low,Alto,39.22,39.22,False,False
22,Male,0.87,7.35,8.35,77.94,1.48,5.62,4.75,Medium,Bajo,100.0,100.0,False,False
22,Female,3.24,9.75,8.84,85.04,3.18,8.98,5.74,Medium,Medio,100.0,100.0,False,False
16,Female,6.44,1.39,7.19,92.39,0.68,8.22,1.78,Low,Alto,41.24,41.23885832830221,False,True
17,Male,3.74,1.84,5.75,74.27,3.35,5.44,1.7,Medium,Medio,55.97,55.97127594199817,False,True
19,Female,6.74,2.11,7.47,86.17,1.4,8.26,1.52,Low,Alto,33.48,33.48,False,False
19,Male,2.74,4.88,5.68,74.02,1.16,7.73,4.99,Medium,Bajo,60.54,60.54,False,False
18,Female,7.66,3.62,7.13,85.71,0.62,11.99,4.33,Low,Alto,39.25,39.25,False,False
22,Female,1.68,8.26,5.22,68.7,0.23,5.29,3.61,High,Bajo,100.0,100.0,False,False
23,Female,0.31,5.26,5.33,99.11,4.84,5.18,4.87,Medium,Bajo,89.78,89.78,False,False
17,Female,6.98,5.36,4.38,63.05,2.07,12.23,5.25,Low,Alto,38.16,38.16,False,False
19,Female,6.02,7.45,6.1,80.21,3.89,11.77,5.75,Low,Alto,67.62,67.61947754047138,False,True
18,Female,1.86,4.26,7.09,71.45,4.6,3.87,2.01,Medium,Bajo,70.37,70.37,False,False
17,Female,7.88,4.18,7.94,84.03,1.02,11.09,3.21,Low,Alto,31.88,31.88,False,False
21,Male,4.02,7.81,8.05,77.13,4.35,9.64,5.62,Medium,Medio,79.54,79.54,False,False
19,Male,7.12,7.5,8.38,72.27,3.54,10.92,3.8,Low,Alto,70.74,70.74164540968738,False,True
21,Male,4.04,1.13,4.44,70.0,2.89,7.48,3.44,Medium,Medio,38.16,38.16,False,False
17,Female,3.77,2.29,6.47,67.3,4.05,9.48,5.71,Medium,Medio,36.9,36.9,False,False
19,Male,3.59,2.92,6.61,91.32,0.55,8.26,4.67,Medium,Medio,57.84,57.84,False,False
21,Male,2.68,4.16,8.02,68.89,1.32,6.44,3.76,Medium,Bajo,67.33,67.33,False,False
20,Male,4.27,3.62,5.33,90.94,0.66,7.06,2.79,Medium,Medio,46.8,46.8,False,False
18,Male,3.62,7.02,4.35,79.4,4.48,9.2,5.58,High,Medio,74.48,74.47775846064701,False,True
23,Female,0.29,8.45,5.57,62.89,0.49,1.33,1.04,High,Bajo,97.98,97.98,False,False
22,Female,2.08,2.73,8.92,66.62,4.9,4.69,2.61,Medium,Bajo,67.18,67.18,False,False
18,Female,1.7,6.07,8.5,95.72,0.55,7.43,5.73,Medium,Bajo,100.0,107.72527989787888,True,True
21,Female,6.94,4.31,5.98,84.11,3.31,10.43,3.49,Low,Alto,43.79,43.79,False,False
19,Female,4.79,5.55,8.38,67.37,3.3,8.91,4.12,Medium,Medio,68.0,68.0,False,False
20,Female,6.11,6.59,4.16,88.15,4.66,9.77,3.66,Low,Alto,50.58,50.58,False,False
20,Male,7.65,9.04,5.57,92.93,1.62,10.64,2.99,High,Alto,70.43,70.42736515546514,False,True
22,Female,5.15,2.73,7.63,73.23,1.66,9.48,4.33,Low,Medio,49.88,49.87937047491855,False,True
20,Male,7.86,1.78,5.11,82.26,4.23,12.69,4.83,Low,Alto,12.01,12.01,False,False
18,Male,2.49,6.64,4.99,71.74,4.89,5.31,2.82,Medium,Bajo,74.07,74.07,False,False
20,Female,1.49,4.55,8.31,63.2,0.15,5.44,3.95,Medium,Bajo,87.45,87.45,False,False
22,Male,3.23,2.47,7.08,75.98,3.18,4.64,1.41,Medium,Medio,61.07,61.06933186341058,False,True
20,Male,3.77,2.05,8.95,90.06,1.22,7.51,3.74,Medium,Medio,58.86,58.86,False,False
20,Male,7.16,6.03,4.67,78.35,3.64,11.9,4.74,Low,Alto,38.76,38.76202534409552,False,True
24,Male,4.48,3.7,5.78,76.21,3.86,8.41,3.93,Medium,Medio,52.46,52.46,False,False
18,Male,2.34,9.98,5.56,74.64,3.81,7.73,5.39,High,Bajo,90.01,90.01,False,False
21,Male,5.94,4.65,8.4,78.36,2.18,8.37,2.43,Low,Alto,59.01,59.00892647141751,False,True
16,Female,4.05,2.91,5.28,72.73,0.79,7.51,3.46,Medium,Medio,40.55,40.55,False,False
20,Female,1.3,6.66,5.77,84.49,2.92,2.74,1.44,Medium,Bajo,94.88,94.88,False,False
23,Male,4.61,3.2,4.71,62.54,3.95,9.11,4.5,Medium,Medio,39.45,39.45,False,False
20,Female,7.29,5.45,7.88,92.3,4.56,10.5,3.21,Low,Alto,56.08,56.08,False,False
24,Male,6.74,5.34,5.19,66.93,2.26,10.39,3.65,Low,Alto,47.86,47.863637298771295,False,True
21,Male,4.69,5.08,4.34,85.34,1.23,6.33,1.64,Medium,Medio,49.93,49.93,False,False
23,Male,3.02,8.16,6.18,78.0,0.59,9.01,5.99,Medium,Medio,82.25,82.25,False,False
23,Female,0.7,2.95,5.96,90.94,3.99,5.56,4.86,Medium,Bajo,65.71,65.70683801641411,False,True
18,Male,3.76,9.14,4.89,93.05,2.68,6.76,3.0,High,Medio,88.37,88.37,False,False
22,Female,6.02,8.12,4.67,68.17,3.37,9.87,3.85,High,Alto,64.52,64.5242536453268,False,True
22,Female,2.88,4.0,8.48,87.09,0.8,6.97,4.09,Medium,Medio,76.53,76.53,False,False
21,Female,1.88,2.63,4.34,67.6,0.03,7.68,5.8,Medium,Bajo,59.07,59.07,False,False
22,Female,7.45,3.52,4.5,64.96,4.84,12.29,4.84,Low,Alto,22.59,22.59,False,False
17,Female,6.57,3.99,5.23,97.21,4.05,9.32,2.75,Low,Alto,40.95,40.95,False,False
24,Male,5.11,6.01,8.76,66.58,2.0,11.0,5.89,Low,Medio,68.36,68.36,False,False
16,Male,1.09,1.42,4.43,69.13,2.29,3.6,2.51,Medium,Bajo,56.36,56.35932211413805,False,True
16,Female,1.16,9.23,8.08,65.21,4.65,5.04,3.88,Medium,Bajo,100.0,100.0,False,False
18,Female,0.83,1.89,8.46,78.81,1.04,5.33,4.5,Medium,Bajo,64.4,64.4,False,False
18,Male,4.93,3.51,5.89,96.78,4.01,7.29,2.36,Medium,Medio,52.16,52.16,False,False
16,Male,0.92,1.98,5.47,70.56,0.09,6.7,5.78,Medium,Bajo,52.26,52.26,False,False
22,Male,6.74,3.31,7.39,81.67,4.38,8.82,2.08,Low,Alto,35.01,35.01,False,False
19,Male,7.61,8.19,7.2,76.46,2.95,11.15,3.54,Low,Alto,62.64,62.64174047972634,False,True
17,Male,2.93,6.54,7.9,73.44,2.39,4.83,1.9,Medium,Medio,82.98,82.98,False,False
20,Female,3.63,3.05,8.15,82.89,3.53,9.0,5.37,Medium,Medio,56.01,56.01,False,False
21,Female,5.69,8.85,5.34,82.36,0.34,7.8,2.11,High,Alto,95.15,95.15259915393776,False,True
24,Female,7.45,8.16,7.39,74.37,0.98,8.67,1.22,Low,Alto,69.46,69.45923642768011,False,True
19,Female,7.15,7.78,4.67,94.02,2.03,8.34,1.19,High,Alto,68.11,68.11220264485264,False,True
17,Female,0.46,8.63,6.55,62.13,3.09,3.53,3.07,Medium,Bajo,95.19,95.19,False,False
20,Male,1.35,6.58,7.06,63.41,0.72,4.96,3.61,Medium,Bajo,87.04,87.04,False,False
18,Male,6.04,5.51,4.81,99.63,1.9,7.25,1.21,Low,Alto,57.5,57.49692549639226,False,True
17,Female,5.51,4.37,4.38,89.91,1.3,6.97,1.46,Low,Alto,41.36,41.36,False,False
16,Female,1.07,3.01,4.97,92.16,3.23,2.56,1.49,Medium,Bajo,74.87,74.87,False,False
17,Male,4.02,6.02,6.1,84.11,4.6,8.36,4.34,Medium,Medio,76.62,76.62,False,False
21,Other,6.07,8.74,8.19,76.79,0.83,8.75,2.68,Low,Alto,94.08,94.0844926292403,False,True
23,Male,1.75,6.35,6.66,85.17,0.95,5.56,3.81,Medium,Bajo,99.15,99.15,False,False
18,Male,6.68,8.9,7.42,63.7,3.0,8.34,1.66,Low,Alto,95.71,95.70569891814054,False,True
24,Male,0.42,4.21,4.87,90.31,2.27,5.88,5.46,Medium,Bajo,80.52,80.52,False,False
24,Male,6.26,7.26,4.53,81.63,3.59,8.78,2.52,High,Alto,62.62,62.61839445644297,False,True
17,Female,4.93,6.84,5.2,98.27,1.44,9.82,4.89,Medium,Medio,57.33,57.33,False,False
23,Female,2.52,7.03,5.57,85.5,2.72,7.65,5.13,High,Bajo,85.82,85.82,False,False
20,Male,5.77,6.81,6.74,66.07,1.93,11.71,5.94,Low,Alto,62.06,62.06,False,False
19,Female,6.26,2.99,8.41,79.1,1.41,10.97,4.71,Low,Alto,44.53,44.53,False,False
20,Female,7.47,2.29,6.13,62.31,3.65,10.68,3.21,Low,Alto,14.96,14.96,False,False
19,Female,2.94,9.81,6.59,89.82,3.98,4.7,1.76,Medium,Medio,100.0,100.0,False,False
23,Female,5.49,1.41,4.02,80.07,1.64,6.73,1.24,Low,Alto,23.88,23.87754323271928,False,True
19,Male,4.82,5.21,4.17,74.79,3.11,10.25,5.43,Medium,Medio,56.87,56.87,False,False
21,Female,4.2,4.83,4.42,98.74,0.89,7.43,3.23,Medium,Medio,75.57,75.56622402515883,False,True
17,Male,7.12,4.24,7.49,97.62,3.95,11.87,4.75,Low,Alto,47.44,47.44,False,False
20,Female,0.03,8.04,6.43,98.11,1.41,3.51,3.48,Medium,Bajo,100.0,100.0,False,False
21,Male,2.26,7.71,4.96,68.84,0.85,7.66,5.4,High,Bajo,74.03,74.03,False,False
20,Female,4.31,9.15,6.96,89.14,4.7,9.06,4.75,Medium,Medio,96.61,96.61,False,False
17,Female,1.43,4.56,6.72,97.82,2.11,2.86,1.43,Medium,Bajo,91.52,91.52,False,False
22,Male,7.26,6.08,4.44,82.83,3.22,12.02,4.76,Low,Alto,43.79,43.79,False,False
19,Male,5.18,9.03,7.2,68.57,4.05,7.51,2.33,Low,Medio,82.19,82.18782062735693,False,True
23,Female,3.82,9.94,7.84,92.71,3.43,8.69,4.87,Medium,Medio,95.83,95.83,False,False
22,Female,6.52,9.72,5.43,95.2,2.82,12.26,5.74,High,Alto,80.72,80.72473527218486,False,True
22,Male,3.61,7.46,7.44,88.13,1.86,9.26,5.65,Medium,Medio,87.64,87.64,False,False
24,Female,4.47,2.29,5.0,71.74,4.59,6.1,1.63,Medium,Medio,41.44,41.44,False,False
16,Male,0.02,1.21,7.78,67.63,0.67,1.29,1.27,Medium,Bajo,57.46,57.46,False,False
21,Male,2.93,8.43,8.56,84.97,4.42,7.81,4.88,Medium,Medio,100.0,100.0,False,False
21,Male,1.11,8.57,6.21,79.31,3.55,5.66,4.55,Medium,Bajo,100.0,100.0,False,False
21,Male,5.52,7.72,5.22,86.75,2.86,7.4,1.88,High,Alto,83.68,83.68349526691789,False,True
21,Female,3.83,3.52,6.0,64.47,1.62,8.25,4.42,Medium,Medio,53.82,53.82,False,False
22,Other,2.41,6.76,5.25,65.44,0.73,3.49,1.08,Medium,Bajo,71.63,71.63,False,False
21,Male,3.74,3.85,4.01,74.52,2.22,7.9,4.16,Medium,Medio,41.32,41.32,False,False
16,Female,1.68,5.06,7.25,70.35,3.92,6.84,5.16,Medium,Bajo,78.27,78.27,False,False
18,Male,7.4,4.44,4.21,84.77,3.73,11.61,4.21,Low,Alto,24.49,24.49,False,False
17,Female,0.43,9.22,5.05,74.7,3.23,1.76,1.33,High,Bajo,100.0,100.0,False,False
21,Male,6.92,3.11,7.61,87.36,4.96,12.87,5.95,Low,Alto,43.21,43.21,False,False
23,Female,4.09,6.2,7.33,90.75,4.86,6.87,2.78,Medium,Medio,67.05,67.05,False,False
18,Female,4.95,4.25,4.37,67.49,2.0,7.85,2.9,Medium,Medio,42.1,42.1,False,False
23,Male,2.42,6.97,7.3,96.79,0.96,3.84,1.42,Medium,Bajo,83.6,83.6,False,False
23,Female,7.73,6.08,8.65,91.49,2.32,9.57,1.84,Low,Alto,50.12,50.12,False,False
20,Male,2.25,9.32,4.37,85.07,4.22,4.61,2.36,High,Bajo,96.33,96.33,False,False
23,Male,4.71,1.91,6.08,96.36,2.29,9.71,5.0,Medium,Medio,35.62,35.62,False,False
21,Male,7.95,2.99,7.65,70.63,1.68,12.41,4.46,Low,Alto,18.08,18.08,False,False
20,Male,7.05,7.9,7.34,76.87,3.71,10.97,3.92,Low,Alto,62.76,62.76077170932624,False,True
24,Male,4.29,4.32,5.13,63.43,3.25,9.61,5.32,Medium,Medio,39.77,39.77,False,False
22,Male,7.92,2.49,4.82,78.25,4.84,13.91,5.99,Low,Alto,6.02,6.02,False,False
23,Male,5.61,5.53,7.92,80.26,2.75,8.53,2.92,Low,Alto,62.08,62.08,False,False
16,Male,1.67,6.87,8.78,84.64,4.84,4.63,2.96,Medium,Bajo,100.0,103.3367839388023,True,True
17,Female,3.24,1.4,7.84,62.56,1.45,7.92,4.68,Medium,Medio,45.62,45.62,False,False
23,Female,2.68,3.62,8.82,61.3,4.32,6.9,4.22,Medium,Bajo,66.66,66.66,False,False
24,Male,2.75,8.28,7.02,76.8,1.75,3.82,1.07,Medium,Bajo,95.44,95.44,False,False
19,Male,6.08,5.68,8.65,67.57,4.05,10.36,4.28,Low,Alto,63.61,63.61,False,False
24,Male,4.67,1.32,7.45,90.35,4.63,9.27,4.6,Medium,Medio,37.76,37.76,False,False
19,Female,0.3,3.54,8.54,86.75,3.12,6.23,5.93,Medium,Bajo,74.48,74.48,False,False
24,Female,7.02,6.75,4.81,73.03,3.64,10.95,3.93,Low,Alto,45.73,45.73062043398536,False,True
22,Male,2.37,2.79,8.08,61.83,4.79,6.79,4.42,Medium,Bajo,64.27,64.27,False,False
17,Male,7.98,8.45,4.98,67.3,1.88,12.92,4.94,High,Alto,53.15,53.149719702420576,False,True
24,Male,7.63,7.09,4.14,87.67,2.56,9.11,1.48,High,Alto,47.12,47.1178204532452,False,True
19,Male,7.52,5.24,6.59,99.61,4.49,12.19,4.67,Low,Alto,40.48,40.48,False,False
23,Female,6.49,9.24,5.59,73.06,3.36,10.22,3.73,High,Alto,77.09,77.09439725220066,False,True
22,Female,1.76,4.53,4.22,92.08,4.37,3.26,1.5,Medium,Bajo,78.86,78.86,False,False
22,Male,4.26,3.12,8.9,94.68,3.09,8.61,4.35,Medium,Medio,71.66,71.66,False,False
23,Female,1.79,6.95,7.33,61.93,3.7,3.96,2.17,Medium,Bajo,82.44,82.44,False,False
16,Male,2.08,6.16,8.51,96.65,0.07,5.77,3.69,Medium,Bajo,100.0,104.76175580416384,True,True
20,Male,4.89,4.02,9.0,78.65,1.7,7.29,2.4,Medium,Medio,54.66,54.66,False,False
17,Female,0.33,4.09,5.96,98.57,3.85,1.85,1.52,Medium,Bajo,75.56,75.56,False,False
17,Female,7.76,4.58,5.27,81.54,2.02,10.01,2.25,Low,Alto,27.19,27.19,False,False
16,Male,7.35,3.62,4.92,69.41,1.81,10.54,3.19,Low,Alto,23.7,23.7,False,False
20,Male,3.05,7.39,6.58,98.99,4.76,6.52,3.47,Medium,Medio,84.69,84.69,False,False
17,Female,4.12,6.86,7.03,69.73,2.76,5.86,1.74,Medium,Medio,73.99,73.99,False,False
19,Female,3.73,4.97,6.36,95.3,0.96,6.33,2.6,Medium,Medio,64.04,64.04,False,False
18,Male,7.06,4.58,5.94,66.93,2.36,12.36,5.3,Low,Alto,34.66,34.66,False,False
18,Male,5.51,4.29,4.84,86.99,2.59,11.06,5.55,Low,Alto,38.74,38.74,False,False
17,Male,2.22,3.55,6.21,76.45,4.94,5.9,3.68,Medium,Bajo,60.47,60.47,False,False
21,Female,3.57,1.77,4.43,98.88,3.59,7.02,3.45,Medium,Medio,44.53,44.53,False,False
17,Female,3.43,3.41,8.33,67.39,2.6,7.34,3.91,Medium,Medio,60.04,60.04,False,False
23,Male,7.67,3.89,4.23,76.35,2.16,9.74,2.07,Low,Alto,34.87,34.87352326591249,False,True
23,Female,1.4,5.93,5.9,85.59,4.58,7.37,5.97,Medium,Bajo,84.05,84.04730212445564,False,True
20,Female,0.72,7.96,4.5,99.1,3.23,5.45,4.73,High,Bajo,95.14,95.14,False,False
22,Male,7.04,4.56,7.87,72.15,1.78,9.23,2.19,Low,Alto,38.98,38.98,False,False
19,Male,7.17,9.5,5.56,75.87,2.32,9.53,2.36,High,Alto,80.87,80.87186116394696,False,True
16,Female,6.97,8.45,4.57,78.47,1.39,11.21,4.24,High,Alto,66.43,66.42784947831005,False,True
17,Female,4.09,9.86,6.66,70.11,4.8,6.7,2.61,Medium,Medio,95.73,95.73,False,False
19,Female,5.28,8.89,8.58,92.69,3.51,8.06,2.78,Low,Medio,98.59,98.58666692408462,False,True
16,Female,4.51,6.55,8.54,63.68,1.96,9.41,4.9,Medium,Medio,79.58,79.58,False,False
23,Male,0.56,6.39,5.25,88.19,0.92,2.89,2.33,Medium,Bajo,85.74,85.74,False,False
24,Male,4.77,2.17,7.6,81.36,0.89,9.3,4.53,Medium,Medio,40.53,40.53,False,False
19,Female,0.11,7.5,4.15,69.68,2.39,5.78,5.67,High,Bajo,87.96,87.96226229796926,False,True
18,Male,2.6,6.4,4.66,79.71,2.34,4.22,1.62,Medium,Bajo,69.64,69.64,False,False
17,Female,7.46,5.56,6.5,93.2,2.09,9.18,1.72,Low,Alto,47.14,47.14,False,False
20,Female,2.43,7.24,5.14,77.82,4.26,8.14,5.71,High,Bajo,84.27,84.27,False,False
18,Female,7.52,5.0,7.99,64.88,4.9,9.54,2.02,Low,Alto,43.23,43.23,False,False
22,Male,2.0,5.71,8.66,61.63,1.77,3.1,1.1,Medium,Bajo,90.06,90.06,False,False
21,Female,2.52,4.59,4.02,91.11,1.47,7.86,5.34,Medium,Bajo,59.22,59.22,False,False
16,Female,5.03,7.46,5.16,73.22,3.85,7.44,2.41,High,Medio,76.61,76.6052965311391,False,True
23,Female,6.09,8.89,6.2,97.25,2.25,8.58,2.49,Low,Alto,87.92,87.92483757481594,False,True
17,Female,4.01,8.57,6.82,84.69,1.09,6.14,2.13,Medium,Medio,92.02,92.02,False,False
20,Male,6.85,7.83,8.32,77.45,0.9,12.65,5.8,Low,Alto,70.49,70.48513073435639,False,True
24,Male,0.32,1.12,8.46,82.58,1.4,5.19,4.87,Medium,Bajo,67.23,67.23,False,False
23,Male,7.14,8.91,6.95,78.29,0.01,11.36,4.22,Low,Alto,70.29,70.29452200732754,False,True
17,Male,1.57,3.47,5.29,96.23,4.71,4.84,3.27,Medium,Bajo,65.59,65.59,False,False
24,Female,6.78,8.62,7.6,78.32,2.15,8.79,2.01,Low,Alto,79.81,79.8129772654364,False,True
20,Female,3.21,2.77,5.01,64.16,0.41,8.84,5.63,Medium,Medio,42.26,42.26,False,False
21,Female,6.66,4.96,8.83,83.88,0.82,11.41,4.75,Low,Alto,58.52,58.52,False,False
18,Female,5.37,7.74,4.03,84.92,1.62,7.76,2.39,High,Medio,69.21,69.2103443838528,False,True
18,Male,1.41,6.76,6.85,90.61,2.76,7.15,5.74,Medium,Bajo,100.0,100.0,False,False
23,Other,7.34,4.74,4.44,97.33,3.52,13.02,5.68,Low,Alto,35.03,35.03,False,False
17,Male,1.96,7.11,6.04,77.72,1.54,6.26,4.3,Medium,Bajo,87.3,87.3,False,False
17,Male,1.95,5.94,7.17,74.08,4.79,7.88,5.93,Medium,Bajo,91.05,91.05,False,False
20,Female,6.51,3.48,7.45,79.63,3.8,8.45,1.94,Low,Alto,40.92,40.92,False,False
21,Female,0.85,6.82,7.93,96.01,4.13,5.51,4.66,Medium,Bajo,100.0,100.0,False,False
17,Female,1.78,2.84,6.97,99.2,1.62,3.54,1.76,Medium,Bajo,80.76,80.76,False,False
20,Male,4.03,7.25,5.26,98.85,1.9,8.49,4.46,High,Medio,75.65,75.65,False,False
22,Female,6.64,1.03,8.45,69.19,2.69,12.24,5.6,Low,Alto,26.89,26.89,False,False
23,Male,1.18,5.94,8.06,79.88,2.26,4.86,3.68,Medium,Bajo,94.61,94.61,False,False
22,Male,4.38,4.61,4.8,70.38,1.3,9.2,4.82,Medium,Medio,44.36,44.36,False,False
23,Female,5.69,3.73,8.13,74.72,4.99,7.41,1.72,Low,Alto,56.59,56.59,False,False
24,Female,6.88,5.64,8.86,61.27,4.24,11.05,4.17,Low,Alto,49.42,49.42,False,False
20,Female,7.48,6.81,7.19,66.42,1.19,8.8,1.32,Low,Alto,47.39,47.39,False,False
20,Female,6.28,9.69,5.41,75.88,4.46,7.46,1.18,High,Alto,85.74,85.74386717980059,False,True
19,Female,5.22,8.5,7.03,74.59,2.93,9.39,4.17,Low,Medio,84.16,84.15837760642356,False,True
24,Female,3.47,7.45,5.71,71.15,0.06,7.33,3.86,High,Medio,77.01,77.01,False,False
20,Female,0.9,5.31,7.38,69.21,1.73,3.55,2.65,Medium,Bajo,77.92,77.92,False,False
17,Female,5.68,4.53,6.72,89.96,0.13,9.24,3.56,Low,Alto,51.59,51.59,False,False
23,Other,7.94,1.29,8.65,71.78,0.44,12.36,4.42,Low,Alto,18.32,18.32,False,False
22,Other,5.89,4.23,7.09,88.26,0.89,10.11,4.22,Low,Alto,47.95,47.95,False,False
23,Male,0.13,8.64,5.07,74.75,2.42,1.5,1.37,High,Bajo,86.63,86.63,False,False
18,Female,3.97,4.46,7.63,92.08,1.91,8.36,4.39,Medium,Medio,75.43,75.42549844527976,False,True
19,Female,4.92,5.15,5.5,66.69,0.74,9.22,4.3,Medium,Medio,39.63,39.63,False,False
20,Male,5.52,3.45,5.36,66.3,1.97,9.87,4.35,Low,Alto,24.82,24.82,False,False
21,Female,5.76,3.47,5.96,87.19,1.52,11.0,5.24,Low,Alto,43.39,43.39,False,False
16,Male,4.46,1.56,4.06,96.6,2.05,8.34,3.88,Medium,Medio,34.83,34.83,False,False
19,Female,1.79,6.52,8.85,65.72,0.86,7.48,5.69,Medium,Bajo,95.74,95.74,False,False
20,Female,7.54,5.03,6.66,62.95,3.05,13.44,5.9,Low,Alto,37.62,37.62,False,False
22,Male,5.57,6.45,7.87,97.39,0.22,10.33,4.76,Low,Alto,63.22,63.22,False,False
20,Male,1.89,5.92,5.29,64.69,1.94,4.68,2.79,Medium,Bajo,72.82,72.82,False,False
16,Female,2.58,8.19,7.73,70.01,4.47,4.3,1.72,Medium,Bajo,90.54,90.54,False,False
22,Male,7.38,7.76,6.84,97.18,2.1,12.48,5.1,Low,Alto,72.8,72.80354153520898,False,True
23,Male,7.1,7.94,6.12,92.12,2.21,8.83,1.73,Low,Alto,69.59,69.59218912736844,False,True
22,Male,3.24,5.49,8.85,73.71,0.34,4.97,1.73,Medium,Medio,76.76,76.76,False,False
19,Female,0.31,4.18,6.47,98.18,3.03,5.91,5.6,Medium,Bajo,80.29,80.29,False,False
23,Female,0.39,9.4,7.29,82.72,4.68,4.19,3.8,Medium,Bajo,100.0,100.0,False,False
20,Female,2.27,1.49,4.08,62.89,1.46,4.74,2.47,Medium,Bajo,32.72,32.72,False,False
24,Male,5.03,2.37,5.51,88.12,1.97,10.84,5.81,Low,Medio,40.4,40.4,False,False
20,Female,4.67,4.78,8.44,81.49,2.94,9.21,4.54,Medium,Medio,55.98,55.98,False,False
16,Female,5.07,6.53,7.79,82.9,0.47,8.74,3.67,Low,Medio,73.6,73.6,False,False
24,Male,5.74,1.07,6.68,99.76,4.75,8.39,2.65,Low,Alto,42.63,42.63,False,False
20,Female,0.15,7.47,8.5,66.1,2.34,4.53,4.38,Medium,Bajo,96.8,96.8,False,False
21,Female,0.84,6.03,6.43,86.27,0.58,5.49,4.65,Medium,Bajo,96.55,96.55,False,False
19,Female,2.88,5.36,6.83,78.35,1.68,7.44,4.56,Medium,Medio,85.81,85.80535502791653,False,True
21,Male,1.24,4.81,5.91,70.88,1.87,3.22,1.98,Medium,Bajo,83.29,83.29,False,False
23,Male,0.6,5.68,7.1,87.74,1.73,5.09,4.49,Medium,Bajo,89.8,89.8,False,False
18,Male,5.13,2.46,5.6,86.73,3.47,9.04,3.91,Low,Medio,42.7,42.7,False,False
20,Male,6.52,1.98,5.93,94.26,1.73,11.77,5.25,Low,Alto,31.3,31.3,False,False
17,Female,6.02,3.61,8.83,95.15,1.62,10.14,4.12,Low,Alto,48.15,48.15,False,False
17,Male,6.54,7.39,4.56,82.47,1.61,8.27,1.73,High,Alto,56.43,56.430508115711554,False,True
22,Female,5.33,6.29,4.53,73.02,3.89,7.92,2.59,Low,Medio,59.52,59.52130449013119,False,True
21,Male,5.88,5.32,4.22,81.18,1.54,10.6,4.72,Low,Alto,41.62,41.62,False,False
19,Male,2.17,6.14,5.6,74.37,0.07,6.87,4.7,Medium,Bajo,72.3,72.3,False,False
20,Female,7.94,6.03,5.99,71.09,1.83,10.05,2.11,Low,Alto,30.4,30.4,False,False
16,Male,1.47,3.76,4.47,82.06,1.39,4.24,2.77,Medium,Bajo,72.04,72.04,False,False
22,Female,1.72,1.88,6.75,86.32,4.55,2.8,1.08,Medium,Bajo,59.51,59.51,False,False
23,Male,2.31,9.07,6.92,83.62,2.39,4.97,2.66,Medium,Bajo,94.68,94.68,False,False
24,Male,7.8,6.4,7.76,98.18,1.17,8.93,1.13,Low,Alto,55.52,55.52,False,False
23,Female,7.56,6.96,8.48,71.95,4.91,13.27,5.71,Low,Alto,73.73,73.73156074154983,False,True
20,Female,6.36,5.18,7.1,74.89,1.23,10.69,4.33,Low,Alto,54.11,54.11,False,False
18,Male,5.03,7.81,4.56,86.71,3.82,10.88,5.85,High,Medio,78.77,78.76907645800448,False,True
24,Male,4.16,6.26,4.44,84.01,3.25,9.62,5.46,Medium,Medio,62.49,62.49,False,False
21,Female,7.76,1.48,7.89,60.07,2.31,11.78,4.02,Low,Alto,23.43,23.43,False,False
20,Other,5.56,9.01,7.25,72.49,2.03,9.07,3.51,Low,Alto,98.95,98.94867307594252,False,True
18,Female,7.56,3.75,4.81,70.15,4.36,12.98,5.42,Low,Alto,25.6,25.6,False,False
21,Male,2.53,2.24,5.27,93.6,2.38,5.02,2.49,Medium,Bajo,62.97,62.97467362817682,False,True
18,Other,2.67,1.79,7.75,94.65,1.88,4.79,2.12,Medium,Bajo,61.91,61.91,False,False
21,Male,6.84,7.48,6.83,71.36,1.77,9.89,3.05,Low,Alto,81.62,81.6171459744261,False,True
19,Male,1.2,7.34,6.93,64.08,1.38,2.47,1.27,Medium,Bajo,100.0,107.89871754035944,True,True
17,Female,7.57,7.3,5.05,68.21,2.04,10.08,2.51,High,Alto,51.07,51.06587209809374,False,True
23,Male,4.06,9.24,7.15,67.06,0.6,5.48,1.42,Medium,Medio,91.41,91.41,False,False
19,Male,7.41,4.14,7.85,69.5,0.33,8.67,1.26,Low,Alto,35.5,35.5,False,False
24,Male,2.69,6.05,8.43,69.39,2.71,6.45,3.76,Medium,Bajo,73.99,73.99,False,False
22,Male,5.73,6.58,7.68,79.19,2.27,10.27,4.54,Low,Alto,69.66,69.65609766531587,False,True
17,Female,3.86,9.82,6.88,72.79,0.87,7.54,3.68,Medium,Medio,90.81,90.81,False,False
19,Female,5.01,3.81,7.37,82.39,0.53,6.36,1.35,Low,Medio,52.0,52.0,False,False
20,Male,4.03,9.61,6.43,73.77,0.72,7.0,2.97,Medium,Medio,85.72,85.72,False,False
18,Female,7.74,2.34,5.13,92.59,1.58,9.29,1.55,Low,Alto,15.88,15.88,False,False
24,Female,5.54,7.88,8.41,98.03,2.26,9.79,4.25,Low,Alto,99.22,99.2177311783759,False,True
20,Female,2.01,6.7,6.66,76.16,0.97,7.14,5.13,Medium,Bajo,93.15,93.15,False,False
17,Male,7.28,8.35,6.97,61.98,3.78,8.86,1.58,Low,Alto,74.23,74.22705098409996,False,True
18,Other,2.35,1.26,8.95,69.58,0.97,3.68,1.33,Medium,Bajo,46.24,46.24,False,False
24,Female,2.97,1.7,8.93,64.07,0.62,6.0,3.03,Medium,Medio,60.29,60.29,False,False
22,Male,0.82,1.63,6.93,73.79,4.97,3.34,2.52,Medium,Bajo,61.83,61.83,False,False
17,Male,7.2,6.34,4.17,85.8,2.24,9.5,2.3,Low,Alto,50.01,50.00946108116205,False,True
24,Male,2.29,6.43,5.98,80.76,0.85,4.35,2.06,Medium,Bajo,77.31,77.31,False,False
19,Female,2.07,9.15,8.69,69.72,4.47,4.65,2.58,Medium,Bajo,100.0,100.0,False,False
24,Male,7.36,5.21,5.44,90.69,1.16,13.19,5.83,Low,Alto,45.24,45.24,False,False
17,Female,6.44,1.61,9.0,65.26,4.63,11.73,5.29,Low,Alto,34.48,34.48,False,False
19,Male,1.13,2.89,4.42,69.13,0.59,5.14,4.01,Medium,Bajo,73.9,73.89746221724384,False,True
20,Female,6.15,1.07,6.84,87.04,4.21,11.15,5.0,Low,Alto,33.46,33.46,False,False
17,Male,7.3,7.99,6.58,67.89,0.92,8.37,1.07,Low,Alto,67.91,67.91230770671777,False,True
16,Female,0.63,8.34,5.28,87.15,4.69,2.19,1.56,High,Bajo,99.47,99.47,False,False
22,Female,6.0,9.07,7.93,99.08,2.87,9.06,3.06,Low,Alto,92.73,92.72759157675078,False,True
16,Male,4.38,4.71,7.1,93.25,0.95,8.6,4.22,Medium,Medio,58.3,58.3,False,False
23,Male,5.35,1.17,5.15,66.4,4.22,10.77,5.42,Low,Medio,26.02,26.02,False,False
18,Male,3.94,3.11,5.92,80.82,1.95,6.1,2.16,Medium,Medio,53.95,53.95,False,False
21,Female,5.58,6.29,7.61,76.89,3.66,7.28,1.7,Low,Alto,68.05,68.0536360767039,False,True
22,Female,0.27,9.66,5.49,99.67,3.22,5.51,5.24,High,Bajo,100.0,106.60909844333564,True,True
16,Male,6.1,1.93,8.4,98.58,3.57,9.15,3.05,Low,Alto,48.38,48.38220621802011,False,True
21,Male,0.27,2.09,4.83,65.08,1.72,4.77,4.5,Medium,Bajo,57.52,57.51882163041287,False,True
22,Male,3.64,7.32,5.32,96.35,4.69,7.38,3.74,High,Medio,73.05,73.05,False,False
21,Female,1.21,7.0,4.72,67.74,2.8,3.09,1.88,Medium,Bajo,83.76,83.76,False,False
19,Female,6.59,3.25,4.52,72.78,0.39,11.09,4.5,Low,Alto,23.0,23.0,False,False
16,Female,2.51,8.32,5.5,74.14,0.33,5.61,3.1,High,Bajo,88.1,88.1,False,False
24,Male,3.63,2.16,9.0,71.47,3.69,6.07,2.44,Medium,Medio,47.8,47.8,False,False
19,Male,3.43,9.33,4.47,94.13,4.25,8.94,5.51,High,Medio,92.4,92.4,False,False
22,Other,6.18,2.81,5.07,73.2,3.48,7.21,1.03,Low,Alto,25.8,25.8,False,False
22,Male,3.85,1.73,5.36,92.67,1.39,6.87,3.02,Medium,Medio,39.18,39.18,False,False
17,Female,6.31,4.06,7.1,99.78,1.13,8.81,2.5,Low,Alto,48.79,48.79,False,False
16,Male,0.59,2.69,7.73,93.63,2.83,1.86,1.27,Medium,Bajo,66.25,66.25,False,False
23,Male,1.53,5.74,7.76,73.85,0.98,2.93,1.4,Medium,Bajo,87.4,87.4,False,False
23,Female,4.41,7.18,4.04,88.45,1.9,6.27,1.86,High,Medio,67.87,67.87,False,False
22,Other,7.58,5.42,7.26,81.36,3.14,11.1,3.52,Low,Alto,44.59,44.59,False,False
23,Other,0.6,6.95,7.15,91.46,1.42,3.01,2.41,Medium,Bajo,100.0,106.57947788542504,True,True
18,Male,0.34,4.28,6.59,66.12,1.88,5.53,5.19,Medium,Bajo,68.64,68.64,False,False
17,Male,1.25,1.25,5.9,85.53,1.8,3.45,2.2,Medium,Bajo,62.86,62.86,False,False
22,Female,5.13,9.77,7.99,90.95,2.3,9.73,4.6,Low,Medio,100.0,108.90147110109022,True,True
23,Female,3.19,8.37,5.72,90.45,3.37,5.24,2.05,High,Medio,92.92,92.92,False,False
16,Female,6.6,1.66,5.15,98.54,3.91,7.81,1.21,Low,Alto,34.51,34.51,False,False
24,Male,0.58,5.04,5.55,62.34,3.33,2.9,2.32,Medium,Bajo,62.5,62.5,False,False
19,Female,1.57,6.72,6.2,73.83,0.13,6.76,5.19,Medium,Bajo,86.42,86.42,False,False
19,Female,2.4,2.72,5.07,79.06,4.48,3.81,1.41,Medium,Bajo,49.07,49.07,False,False
18,Female,5.01,6.2,7.04,72.39,2.91,7.73,2.72,Low,Medio,75.34,75.34,False,False
21,Female,5.48,5.8,8.42,72.39,4.6,6.52,1.04,Low,Alto,67.53,67.53,False,False
16,Male,0.99,2.87,6.98,67.05,4.82,5.14,4.15,Medium,Bajo,64.72,64.72,False,False
21,Other,7.55,2.27,6.23,92.52,2.34,13.26,5.71,Low,Alto,30.79,30.79,False,False
17,Female,2.73,7.83,7.98,96.32,4.58,5.65,2.92,Medium,Bajo,98.84,98.84,False,False
24,Female,5.71,3.9,7.74,63.29,1.83,9.59,3.88,Low,Alto,48.39,48.39,False,False
17,Female,4.19,3.2,5.84,66.2,1.3,7.45,3.26,Medium,Medio,42.99,42.99,False,False
22,Female,1.78,7.64,7.02,69.14,0.37,7.65,5.87,Medium,Bajo,88.09,88.09,False,False
16,Female,6.77,7.62,7.65,80.36,2.26,11.45,4.68,Low,Alto,75.17,75.17366580523407,False,True
22,Male,6.55,3.49,5.23,91.65,3.44,7.77,1.22,Low,Alto,31.03,31.03,False,False
20,Male,3.17,8.85,5.83,62.86,4.88,4.71,1.54,High,Medio,97.21,97.2093253150383,False,True
23,Male,4.71,7.19,4.53,85.47,2.61,8.06,3.35,High,Medio,71.88,71.88,False,False
19,Male,2.06,4.11,8.94,65.97,3.67,6.22,4.16,Medium,Bajo,63.08,63.08,False,False
22,Male,5.52,4.85,4.43,98.86,4.48,7.97,2.45,Low,Alto,61.7,61.69513525588835,False,True
21,Male,2.47,7.54,4.84,95.95,2.72,6.84,4.37,High,Bajo,95.3,95.29891671278556,False,True
20,Male,6.75,2.9,6.4,97.98,0.83,10.63,3.88,Low,Alto,32.47,32.47,False,False
19,Male,1.74,5.22,8.33,64.25,4.24,4.92,3.18,Medium,Bajo,75.63,75.63,False,False
22,Male,0.12,6.88,5.78,79.52,2.87,4.03,3.91,Medium,Bajo,87.82,87.82,False,False
20,Male,2.15,5.86,7.84,66.61,3.79,7.73,5.58,Medium,Bajo,79.31,79.31,False,False
20,Female,1.53,6.47,7.38,84.01,3.29,3.75,2.22,Medium,Bajo,100.0,100.0,False,False
16,Female,4.07,5.92,7.19,69.31,0.31,9.03,4.96,Medium,Medio,68.97,68.97,False,False
17,Male,1.63,2.79,8.23,90.83,0.85,2.69,1.06,Medium,Bajo,72.31,72.31,False,False
20,Female,6.11,4.69,4.07,85.76,1.43,7.53,1.42,Low,Alto,32.17,32.17,False,False
18,Female,1.93,5.79,8.65,82.86,1.42,7.68,5.75,Medium,Bajo,94.57,94.57,False,False
17,Male,5.66,8.02,8.15,93.01,4.2,10.15,4.49,Low,Alto,94.89,94.88876199950568,False,True
19,Female,4.63,6.89,8.69,80.01,2.99,8.8,4.17,Medium,Medio,86.78,86.78,False,False
19,Female,7.89,4.84,7.97,70.79,0.42,10.56,2.67,Low,Alto,35.37,35.37,False,False
19,Female,7.03,8.59,7.38,84.83,1.94,9.92,2.89,Low,Alto,81.32,81.3164115421336,False,True
19,Male,6.96,1.97,5.02,98.28,2.78,9.86,2.9,Low,Alto,24.0,24.0,False,False
18,Female,6.08,2.86,5.6,84.05,1.26,10.07,3.99,Low,Alto,21.28,21.28,False,False
22,Male,3.09,4.07,5.58,85.18,0.2,7.26,4.17,Medium,Medio,65.01,65.01,False,False
24,Female,6.03,3.06,4.55,97.39,1.9,7.88,1.85,Low,Alto,34.03,34.03,False,False
20,Other,7.65,6.63,7.65,80.61,2.31,10.88,3.23,Low,Alto,62.33,62.33484517656221,False,True
19,Female,0.19,1.36,4.68,99.85,4.52,4.02,3.83,Medium,Bajo,57.52,57.52,False,False
17,Female,4.3,2.6,4.26,66.39,4.54,10.1,5.8,Medium,Medio,29.78,29.78,False,False
17,Male,1.74,3.64,7.88,81.48,2.5,5.49,3.75,Medium,Bajo,77.34,77.34,False,False
20,Other,4.46,7.15,8.52,68.52,2.36,8.36,3.9,Medium,Medio,78.54,78.54,False,False
22,Female,3.73,8.88,7.82,78.13,3.2,8.56,4.83,Medium,Medio,100.0,101.49581283871468,True,True
24,Male,4.61,8.19,8.13,66.82,1.29,7.7,3.09,Medium,Medio,84.47,84.47,False,False
22,Female,4.41,2.64,6.98,68.9,1.43,7.33,2.92,Medium,Medio,46.06,46.06,False,False
20,Male,7.68,6.09,8.44,68.43,0.01,11.63,3.95,Low,Alto,56.99,56.99,False,False
21,Male,4.42,1.27,6.48,72.8,0.39,9.34,4.92,Medium,Medio,48.64,48.63573880123111,False,True
18,Female,6.77,3.79,8.94,65.38,0.89,10.96,4.19,Low,Alto,47.86,47.86,False,False
20,Male,2.56,8.25,4.52,92.37,3.2,4.49,1.93,High,Bajo,91.22,91.22,False,False
23,Female,3.5,5.11,8.05,68.83,1.06,6.49,2.99,Medium,Medio,70.8,70.8,False,False
16,Male,3.76,2.35,7.21,76.66,0.62,7.32,3.56,Medium,Medio,55.02,55.02,False,False
16,Male,2.23,4.95,6.9,60.64,3.08,5.85,3.62,Medium,Bajo,75.08,75.08,False,False
22,Other,3.04,2.78,7.63,64.2,3.26,5.74,2.7,Medium,Medio,56.49,56.49,False,False
20,Male,4.79,4.54,8.2,95.85,0.3,8.4,3.61,Medium,Medio,73.08,73.08,False,False
20,Female,4.64,5.39,8.31,93.49,3.86,9.0,4.36,Medium,Medio,67.13,67.13,False,False
16,Female,5.09,4.15,4.88,93.64,3.03,8.43,3.34,Low,Medio,55.04,55.04,False,False
24,Female,2.81,9.43,4.99,76.45,1.99,6.07,3.26,High,Medio,86.2,86.2,False,False
16,Female,2.53,6.06,4.08,65.66,4.92,7.54,5.01,Medium,Bajo,57.81,57.81,False,False
20,Female,4.89,8.59,4.66,64.32,0.05,9.67,4.78,High,Medio,66.45,66.45,False,False
24,Male,1.06,7.85,5.32,84.22,2.72,4.17,3.11,High,Bajo,97.5,97.5,False,False
19,Female,2.02,6.95,7.61,93.13,0.8,8.0,5.98,Medium,Bajo,96.01,96.01,False,False
23,Male,0.34,5.47,6.38,96.0,1.65,1.67,1.33,Medium,Bajo,93.2,93.2,False,False
21,Female,0.58,1.02,7.79,71.55,0.67,3.21,2.63,Medium,Bajo,55.08,55.08,False,False
18,Female,1.95,6.52,6.43,72.84,3.34,3.13,1.18,Medium,Bajo,94.47,94.47,False,False
19,Female,0.16,4.2,6.78,64.04,2.01,5.36,5.2,Medium,Bajo,79.63,79.63,False,False
17,Female,1.96,2.06,4.56,90.98,4.93,6.74,4.78,Medium,Bajo,58.53,58.53,False,False
16,Female,5.24,5.0,7.88,71.03,3.27,9.66,4.42,Low,Medio,54.7,54.7,False,False
23,Female,0.49,7.62,7.79,79.24,4.59,2.56,2.07,Medium,Bajo,100.0,100.0,False,False
16,Female,3.49,9.66,5.54,97.16,1.2,8.03,4.54,High,Medio,100.0,100.0,False,False
16,Male,7.3,4.37,5.64,90.09,1.59,10.08,2.78,Low,Alto,45.95,45.951025318440784,False,True
19,Male,6.33,5.88,5.1,62.11,1.81,11.67,5.34,Low,Alto,35.65,35.65,False,False
21,Female,2.44,8.66,8.07,60.33,4.19,4.44,2.0,Medium,Bajo,97.82,97.82,False,False
24,Female,7.4,4.01,7.74,91.5,1.06,9.49,2.09,Low,Alto,39.26,39.26,False,False
16,Male,2.64,2.28,7.05,82.1,4.73,8.44,5.8,Medium,Bajo,62.3,62.3,False,False
22,Male,0.58,3.54,5.19,88.81,0.22,4.17,3.59,Medium,Bajo,68.91,68.91,False,False
20,Male,7.95,9.09,4.86,66.27,4.45,11.18,3.23,High,Alto,49.1,49.10076783526781,False,True
23,Other,6.96,2.43,4.25,94.88,2.26,9.72,2.76,Low,Alto,17.42,17.42,False,False
22,Female,3.73,3.96,4.23,90.93,2.63,8.89,5.16,Medium,Medio,49.74,49.74,False,False
19,Male,5.33,5.18,4.94,95.63,4.99,8.09,2.76,Low,Medio,63.12,63.12,False,False
19,Male,5.37,8.62,4.5,73.64,4.35,8.15,2.78,High,Medio,75.85,75.8507557641847,False,True
21,Male,1.56,9.44,6.78,71.03,4.52,3.18,1.62,Medium,Bajo,94.8,94.8,False,False
21,Male,1.6,4.83,5.79,66.07,2.93,5.2,3.6,Medium,Bajo,71.91,71.91,False,False
24,Male,3.76,9.39,6.22,97.2,4.78,9.38,5.62,Medium,Medio,94.49,94.49,False,False
20,Female,7.29,2.45,6.97,67.07,3.44,13.08,5.79,Low,Alto,31.28,31.28,False,False
23,Other,0.08,2.41,7.3,64.77,4.1,6.06,5.98,Medium,Bajo,70.62,70.62,False,False
20,Male,6.25,9.52,7.23,67.71,3.6,9.63,3.38,Low,Alto,81.29,81.2860491740655,False,True
17,Male,0.46,5.59,5.3,90.86,3.9,5.33,4.87,Medium,Bajo,83.34,83.34,False,False
21,Male,3.83,2.67,8.05,95.58,3.19,7.59,3.76,Medium,Medio,73.7,73.69794160178546,False,True
24,Male,5.1,5.39,8.59,92.44,3.63,8.84,3.74,Low,Medio,70.79,70.79,False,False
18,Male,5.49,8.05,5.58,82.53,2.18,10.52,5.03,High,Alto,77.64,77.6381595692176,False,True
16,Male,0.47,8.44,4.09,99.76,3.53,5.65,5.18,High,Bajo,100.0,100.0,False,False
16,Male,3.35,8.78,8.5,62.75,1.38,4.45,1.1,Medium,Medio,94.71,94.71,False,False
18,Female,4.67,6.13,8.62,94.69,3.17,10.38,5.71,Medium,Medio,82.84,82.84,False,False
20,Female,0.53,8.8,4.25,77.11,2.62,5.64,5.11,High,Bajo,99.2,99.2,False,False
18,Female,1.08,5.59,4.02,78.2,4.49,5.69,4.61,Medium,Bajo,73.6,73.6,False,False
24,Male,5.31,6.46,8.08,65.1,3.37,10.57,5.26,Low,Medio,70.12,70.12,False,False
23,Female,4.17,7.83,5.51,61.34,2.98,7.86,3.69,High,Medio,68.17,68.17,False,False
18,Other,1.29,4.83,8.57,72.67,1.57,6.16,4.87,Medium,Bajo,92.5,92.5,False,False
24,Male,4.28,1.66,5.08,66.99,4.31,8.27,3.99,Medium,Medio,29.56,29.56,False,False
21,Male,7.3,4.15,8.31,79.33,0.27,11.01,3.71,Low,Alto,44.66,44.66,False,False
22,Female,0.12,6.62,4.34,65.89,4.5,2.18,2.06,Medium,Bajo,75.62,75.62,False,False
19,Male,5.14,2.73,5.3,65.52,3.26,10.38,5.24,Low,Medio,36.86,36.86,False,False
19,Male,0.59,2.34,8.87,95.08,0.95,6.01,5.42,Medium,Bajo,72.91,72.91,False,False
17,Female,0.05,3.64,5.16,96.85,4.51,5.91,5.86,Medium,Bajo,70.12,70.12,False,False
20,Female,1.21,1.29,4.67,98.57,1.63,2.81,1.6,Medium,Bajo,58.07,58.07,False,False
23,Male,3.38,7.69,8.29,87.22,0.84,5.84,2.46,Medium,Medio,87.67,87.67,False,False
22,Female,6.42,3.33,4.59,90.84,1.6,10.85,4.43,Low,Alto,30.02,30.02,False,False
22,Female,2.25,2.12,4.49,93.43,4.81,7.53,5.28,Medium,Bajo,43.76,43.76,False,False
21,Male,5.01,7.29,5.62,86.36,3.76,9.77,4.76,High,Medio,80.64,80.64374838057235,False,True
18,Female,3.29,8.59,7.18,73.21,4.58,6.57,3.28,Medium,Medio,94.26,94.26,False,False
20,Male,1.87,1.18,7.55,66.26,1.49,6.5,4.63,Medium,Bajo,50.09,50.09,False,False
16,Male,4.11,3.1,8.41,69.49,0.41,5.47,1.36,Medium,Medio,50.57,50.57,False,False
22,Female,6.38,9.51,6.7,93.62,2.81,10.69,4.31,Low,Alto,82.34,82.33889102711827,False,True
24,Male,6.66,4.47,5.97,87.84,2.42,7.7,1.04,Low,Alto,36.31,36.31,False,False
16,Male,6.77,9.45,5.79,78.23,3.6,8.01,1.24,High,Alto,80.23,80.23293672767447,False,True
17,Male,2.71,3.47,8.23,61.18,2.71,7.5,4.79,Medium,Bajo,59.71,59.71,False,False
18,Female,6.35,2.96,7.62,70.65,1.98,9.74,3.39,Low,Alto,44.51,44.510472795178806,False,True
18,Female,1.7,2.93,8.53,89.16,0.02,3.0,1.3,Medium,Bajo,75.28,75.28,False,False
23,Male,5.91,1.77,8.82,80.5,2.34,9.32,3.41,Low,Alto,39.61,39.61,False,False
22,Female,7.59,9.07,5.5,77.42,0.6,8.9,1.31,High,Alto,74.54,74.5440163191856,False,True
21,Male,0.11,9.82,6.65,72.55,4.61,2.84,2.73,Medium,Bajo,100.0,100.0,False,False
19,Female,3.52,9.59,7.16,84.28,4.61,5.31,1.79,Medium,Medio,95.45,95.45,False,False
24,Male,5.18,8.67,4.82,98.66,4.02,7.28,2.1,High,Medio,87.11,87.11075186183972,False,True
16,Female,5.61,8.62,4.27,96.04,0.79,7.59,1.98,High,Alto,79.06,79.06147558487677,False,True
17,Other,1.41,6.95,8.34,61.22,0.74,4.27,2.86,Medium,Bajo,96.02,96.02,False,False
19,Female,7.78,8.44,6.68,79.24,2.82,9.32,1.54,Low,Alto,78.04,78.03631269156634,False,True
18,Male,4.92,2.88,6.85,73.18,3.64,8.56,3.64,Medium,Medio,37.27,37.27,False,False
16,Female,1.31,4.49,6.77,80.42,4.52,4.35,3.04,Medium,Bajo,93.93,93.92673819838988,False,True
20,Male,0.16,6.77,7.77,84.25,4.47,5.36,5.2,Medium,Bajo,100.0,104.5595001284411,True,True
22,Female,6.27,8.87,4.73,68.0,0.78,11.4,5.13,High,Alto,78.3,78.29973687729029,False,True
17,Male,0.64,6.94,7.07,91.26,4.98,5.76,5.12,Medium,Bajo,97.96,97.96,False,False
20,Male,1.13,8.55,6.35,79.0,0.78,4.48,3.35,Medium,Bajo,100.0,100.0,False,False
21,Male,4.6,5.27,8.48,99.68,4.2,7.05,2.45,Medium,Medio,80.82,80.82,False,False
22,Male,4.83,7.46,6.6,61.01,2.93,7.91,3.08,Medium,Medio,74.38,74.38,False,False
16,Female,5.26,9.4,8.34,67.59,3.39,9.94,4.68,Low,Medio,97.27,97.2691821766491,False,True
22,Female,3.15,2.38,5.77,87.59,3.02,6.8,3.65,Medium,Medio,61.39,61.39,False,False
19,Female,5.84,8.82,8.34,87.81,4.35,10.31,4.47,Low,Alto,90.98,90.97998742313231,False,True
23,Female,7.79,5.7,8.38,83.29,3.19,12.26,4.47,Low,Alto,51.04,51.04,False,False
19,Female,2.17,6.79,6.92,98.88,4.24,7.76,5.59,Medium,Bajo,96.01,96.01,False,False
21,Male,5.62,8.9,5.77,76.61,0.77,11.34,5.72,High,Alto,94.08,94.08490032596733,False,True
24,Male,7.43,4.69,5.88,76.68,4.33,12.63,5.2,Low,Alto,39.63,39.63,False,False
20,Male,5.49,4.77,7.86,96.42,4.96,6.82,1.33,Low,Alto,60.63,60.63,False,False
19,Male,5.45,5.74,6.9,81.54,3.31,11.35,5.9,Low,Medio,62.4,62.4,False,False
23,Male,1.79,1.17,6.01,74.15,4.88,6.31,4.52,Medium,Bajo,46.78,46.78,False,False
24,Male,4.28,5.47,7.18,88.76,1.1,8.75,4.47,Medium,Medio,86.62,86.62269469362559,False,True
19,Male,4.5,3.62,7.67,84.79,4.15,5.62,1.12,Medium,Medio,43.11,43.11,False,False
18,Male,5.6,9.35,4.11,72.26,0.85,9.0,3.4,High,Alto,72.48,72.48166819678505,False,True
23,Female,7.97,1.79,4.45,71.92,2.58,12.1,4.13,Low,Alto,16.09,16.09,False,False
20,Male,0.27,5.13,4.47,75.82,3.32,2.66,2.39,Medium,Bajo,74.92,74.92,False,False
17,Female,0.52,9.53,5.16,62.86,3.3,1.94,1.42,High,Bajo,98.38,98.38,False,False
24,Female,0.62,9.11,6.13,97.7,3.35,4.28,3.66,Medium,Bajo,100.0,100.0,False,False
18,Female,5.94,7.31,8.02,67.32,1.6,9.17,3.23,Low,Alto,88.57,88.56823475015948,False,True
17,Male,1.09,6.3,5.76,67.75,4.87,2.31,1.22,Medium,Bajo,79.32,79.32,False,False
16,Male,4.98,3.53,4.09,85.88,0.03,8.58,3.6,Medium,Medio,36.55,36.55,False,False
23,Male,2.6,4.3,6.42,88.97,3.1,4.14,1.54,Medium,Bajo,76.43,76.43,False,False
18,Male,3.66,1.81,8.98,89.47,4.33,6.78,3.12,Medium,Medio,54.88,54.88,False,False
22,Male,1.73,8.07,5.75,75.0,4.46,4.08,2.35,High,Bajo,87.05,87.05,False,False
16,Female,6.93,3.91,8.81,94.93,3.6,12.78,5.85,Low,Alto,45.87,45.87,False,False
16,Female,4.69,7.01,4.51,81.76,2.87,5.86,1.17,High,Medio,65.26,65.26,False,False
24,Female,7.56,4.22,4.87,77.54,2.29,11.36,3.8,Low,Alto,29.24,29.24165895638076,False,True
23,Male,4.6,5.18,7.62,92.42,2.25,6.36,1.76,Medium,Medio,78.64,78.64,False,False
18,Male,0.99,6.0,6.51,69.74,2.13,3.59,2.6,Medium,Bajo,81.16,81.16,False,False
21,Female,1.37,8.22,7.83,94.41,3.5,3.29,1.92,Medium,Bajo,100.0,100.0,False,False
18,Male,7.91,2.9,8.32,81.55,3.66,13.89,5.98,Low,Alto,21.31,21.31,False,False
19,Female,5.8,4.59,5.26,96.0,2.57,6.96,1.16,Low,Alto,53.95,53.95,False,False
16,Female,0.39,2.17,7.41,68.06,3.7,4.1,3.71,Medium,Bajo,64.09,64.09,False,False
20,Male,5.63,1.68,7.04,97.44,2.64,9.67,4.04,Low,Alto,43.8,43.8,False,False
16,Male,3.3,6.44,8.31,87.52,0.49,8.16,4.86,Medium,Medio,84.01,84.01,False,False
16,Male,2.46,2.7,6.15,84.73,4.26,6.59,4.13,Medium,Bajo,59.27,59.27,False,False
22,Male,1.23,1.54,4.26,76.88,4.35,3.39,2.16,Medium,Bajo,64.54,64.5449510737004,False,True
21,Male,6.72,9.07,6.87,98.25,1.33,10.71,3.99,Low,Alto,82.3,82.29933696531636,False,True
17,Male,0.51,5.81,8.79,77.76,3.93,6.38,5.87,Medium,Bajo,95.0,95.00230930140944,False,True
17,Male,2.32,2.21,4.07,79.94,2.56,7.56,5.24,Medium,Bajo,50.07,50.07,False,False
22,Female,2.45,1.48,5.2,91.26,0.62,5.72,3.27,Medium,Bajo,47.64,47.64,False,False
16,Female,1.29,2.08,5.58,71.39,1.99,4.68,3.39,Medium,Bajo,63.12,63.12,False,False
17,Male,4.07,5.24,7.83,71.66,0.38,5.73,1.66,Medium,Medio,67.96,67.96,False,False
23,Female,0.09,7.02,5.62,91.01,3.93,3.94,3.85,High,Bajo,96.16,96.16,False,False
21,Female,2.41,6.77,5.2,65.14,0.98,4.81,2.4,Medium,Bajo,76.01,76.01,False,False
17,Female,7.47,2.3,7.24,92.92,0.82,9.01,1.54,Low,Alto,36.29,36.29,False,False
22,Female,2.48,6.7,4.23,85.01,1.04,5.85,3.37,Medium,Bajo,79.62,79.62,False,False
19,Male,2.88,4.64,4.85,81.56,1.13,4.11,1.23,Medium,Medio,55.41,55.41,False,False
17,Male,3.79,5.18,6.04,69.16,3.37,5.39,1.6,Medium,Medio,51.86,51.86,False,False
21,Female,4.49,8.21,5.78,91.45,3.19,6.59,2.1,High,Medio,80.4,80.4,False,False
24,Female,6.47,3.99,5.74,92.2,0.65,12.42,5.95,Low,Alto,53.28,53.28105462541103,False,True
24,Female,1.52,2.32,4.54,79.32,3.62,6.56,5.04,Medium,Bajo,53.5,53.5,False,False
23,Other,6.97,8.86,5.8,75.57,1.75,10.68,3.71,High,Alto,73.32,73.32025889415087,False,True
18,Female,6.06,2.91,7.99,69.85,2.29,8.22,2.16,Low,Alto,42.56,42.56,False,False
18,Male,5.78,3.65,6.07,90.17,0.62,9.37,3.59,Low,Alto,45.07,45.07,False,False
17,Male,0.69,7.36,6.93,85.58,3.54,4.93,4.24,Medium,Bajo,93.23,93.23,False,False
20,Male,0.17,7.15,4.82,68.27,1.88,1.19,1.02,High,Bajo,77.42,77.42,False,False
19,Female,4.75,8.2,4.35,91.78,3.16,10.69,5.94,High,Medio,85.83,85.83,False,False
22,Female,6.91,2.65,8.4,95.29,2.14,11.04,4.13,Low,Alto,31.15,31.15,False,False
19,Female,4.68,4.17,5.66,62.37,0.24,10.62,5.94,Medium,Medio,39.93,39.93,False,False
24,Female,1.71,2.13,5.75,90.9,3.52,5.06,3.35,Medium,Bajo,76.58,76.58,False,False
17,Female,0.72,5.87,8.39,94.11,2.76,4.84,4.12,Medium,Bajo,90.63,90.63,False,False
21,Female,5.6,3.63,7.54,99.66,2.17,8.91,3.31,Low,Alto,52.52,52.52,False,False
22,Female,5.77,7.2,7.78,69.5,1.01,6.82,1.05,Low,Alto,83.77,83.76639063942773,False,True
19,Male,1.38,1.0,7.41,74.84,3.12,6.63,5.25,Medium,Bajo,62.26,62.26,False,False
21,Female,0.23,1.54,4.53,98.65,1.38,3.48,3.25,Medium,Bajo,58.95,58.95,False,False
22,Female,3.27,4.89,8.79,63.76,2.15,6.62,3.35,Medium,Medio,79.28,79.28,False,False
19,Male,4.66,9.62,8.55,80.95,0.28,7.46,2.8,Medium,Medio,91.3,91.3,False,False
23,Male,5.65,9.02,5.18,80.27,3.88,8.81,3.16,High,Alto,86.45,86.44618757614101,False,True
24,Female,6.1,9.36,7.54,84.26,0.45,11.11,5.01,Low,Alto,91.48,91.48471461465388,False,True
16,Male,4.88,4.75,6.05,73.23,4.45,9.38,4.5,Medium,Medio,48.71,48.71,False,False
22,Male,0.89,1.42,7.42,97.04,4.34,5.93,5.04,Medium,Bajo,66.15,66.15,False,False
24,Male,5.46,3.75,4.83,70.8,4.86,11.33,5.87,Low,Medio,45.74,45.74080602782107,False,True
20,Female,7.87,7.08,6.69,85.99,4.54,10.83,2.96,Low,Alto,65.21,65.20994989330777,False,True
17,Female,7.24,2.22,4.63,79.84,4.86,9.93,2.69,Low,Alto,22.18,22.18,False,False
21,Male,6.97,3.7,6.68,70.67,4.44,10.44,3.47,Low,Alto,33.12,33.12,False,False
22,Male,2.42,1.51,5.22,67.55,0.56,4.19,1.77,Medium,Bajo,37.64,37.64,False,False
17,Other,6.01,5.27,6.26,98.26,2.19,10.8,4.79,Low,Alto,49.75,49.75,False,False
17,Female,6.81,2.88,7.34,82.45,0.38,10.72,3.91,Low,Alto,39.67,39.67264923172958,False,True
16,Female,5.43,1.82,8.39,84.17,2.73,7.49,2.06,Low,Medio,37.66,37.66,False,False
19,Male,2.0,4.7,4.83,91.32,2.65,7.32,5.32,Medium,Bajo,70.71,70.71,False,False
22,Male,7.63,4.16,8.47,63.25,4.61,11.73,4.1,Low,Alto,29.75,29.75,False,False
24,Male,3.61,5.84,5.95,88.55,4.85,4.78,1.17,Medium,Medio,68.41,68.41,False,False
18,Female,1.04,7.74,8.22,66.61,1.3,3.02,1.98,Medium,Bajo,100.0,100.0,False,False
22,Male,0.88,2.01,6.56,89.62,2.91,6.34,5.46,Medium,Bajo,62.92,62.92,False,False
22,Male,5.18,8.12,8.31,65.65,2.32,8.09,2.91,Low,Medio,98.18,98.17959616190385,False,True
22,Male,3.5,1.24,7.31,93.3,2.73,9.42,5.92,Medium,Medio,53.66,53.66,False,False
17,Male,0.76,4.99,6.54,87.24,2.66,4.41,3.65,Medium,Bajo,77.83,77.83,False,False
21,Female,5.92,6.29,5.56,75.44,4.57,7.96,2.04,Low,Alto,53.19,53.19,False,False
17,Male,5.92,8.9,8.18,74.35,4.48,10.36,4.44,Low,Alto,88.93,88.92901567090745,False,True
21,Female,5.8,6.17,8.0,65.96,0.61,7.31,1.51,Low,Alto,59.22,59.22,False,False
18,Female,1.62,2.43,5.91,96.16,1.73,6.66,5.04,Medium,Bajo,61.39,61.39,False,False
17,Male,5.52,5.66,4.83,64.74,3.76,9.66,4.14,Low,Alto,49.76,49.76,False,False
21,Female,0.09,4.56,7.9,78.88,3.42,5.91,5.82,Medium,Bajo,80.4,80.4,False,False
17,Other,2.44,5.31,8.95,69.46,3.16,6.89,4.45,Medium,Bajo,79.36,79.36,False,False
20,Other,3.19,2.77,5.39,99.85,4.97,4.44,1.25,Medium,Medio,54.65,54.65,False,False
17,Male,6.68,5.51,8.58,83.43,1.68,10.06,3.38,Low,Alto,62.37,62.37,False,False
18,Male,3.12,2.35,4.63,65.98,2.58,6.78,3.66,Medium,Medio,36.94,36.94,False,False
18,Male,0.09,7.7,8.76,86.7,4.9,5.67,5.58,Medium,Bajo,100.0,100.0,False,False
21,Female,2.82,6.35,7.73,99.66,3.48,5.98,3.16,Medium,Medio,100.0,100.96750195116708,True,True
21,Female,3.99,1.71,5.73,84.2,3.24,7.96,3.97,Medium,Medio,47.93,47.93,False,False
18,Female,7.59,9.01,5.52,78.3,0.77,9.52,1.93,High,Alto,73.36,73.36123534546846,False,True
18,Male,7.53,6.55,7.22,71.73,1.23,9.75,2.22,Low,Alto,59.31,59.31,False,False
16,Male,1.45,3.84,6.97,63.68,1.89,5.19,3.74,Medium,Bajo,66.86,66.86,False,False
22,Female,1.48,1.41,8.59,69.13,2.32,5.96,4.48,Medium,Bajo,54.13,54.13,False,False
23,Female,1.31,6.69,7.83,82.14,2.49,4.49,3.18,Medium,Bajo,100.0,100.0,False,False
17,Female,6.31,4.36,6.7,90.15,4.51,9.47,3.16,Low,Alto,47.54,47.54,False,False
19,Male,0.05,9.17,8.64,95.12,0.54,2.33,2.28,Medium,Bajo,100.0,100.0,False,False
22,Male,1.02,1.31,6.96,91.75,1.24,5.51,4.49,Medium,Bajo,70.45,70.45,False,False
23,Male,4.3,1.35,8.25,65.02,0.72,5.33,1.03,Medium,Medio,35.15,35.15,False,False
16,Male,1.98,9.54,8.2,90.94,3.68,5.54,3.56,Medium,Bajo,100.0,105.67409823069424,True,True
19,Male,0.74,9.68,8.6,83.26,4.85,1.76,1.02,Medium,Bajo,100.0,100.0,False,False
21,Male,2.88,1.25,4.34,78.76,4.47,6.85,3.97,Medium,Medio,39.99,39.99,False,False
18,Male,2.19,7.44,6.92,82.91,3.62,3.34,1.15,Medium,Bajo,89.83,89.83,False,False
20,Male,4.09,2.99,6.34,60.32,0.11,9.79,5.7,Medium,Medio,48.54,48.54,False,False
24,Male,7.83,7.31,6.45,62.71,1.74,11.22,3.39,Low,Alto,58.99,58.99117082258619,False,True
18,Female,0.99,8.82,6.3,81.03,4.32,5.41,4.42,Medium,Bajo,90.2,90.2,False,False
20,Male,2.98,1.91,8.19,66.94,3.27,8.25,5.27,Medium,Medio,61.89,61.89,False,False
23,Female,7.46,3.15,5.59,81.82,1.05,9.64,2.18,Low,Alto,18.94,18.94,False,False
21,Female,7.01,1.22,6.31,74.17,2.33,10.71,3.7,Low,Alto,20.67,20.67,False,False
19,Female,3.15,1.39,5.0,96.3,0.44,8.47,5.32,Medium,Medio,44.4,44.4,False,False
23,Female,5.59,1.27,5.26,97.99,2.6,9.28,3.69,Low,Alto,37.9,37.9,False,False
18,Male,0.7,8.21,7.3,99.19,4.51,3.66,2.96,Medium,Bajo,100.0,107.96060018848338,True,True
18,Female,5.7,3.68,4.58,95.96,0.19,8.54,2.84,Low,Alto,44.92,44.92,False,False
19,Female,7.78,5.44,4.94,99.44,3.07,10.7,2.92,Low,Alto,39.94,39.94,False,False
24,Female,4.3,8.09,6.64,88.25,1.17,8.38,4.08,Medium,Medio,81.06,81.06,False,False
20,Male,3.99,5.45,4.22,98.42,4.95,5.22,1.23,Medium,Medio,58.22,58.22,False,False
23,Male,1.5,4.86,4.63,85.67,0.33,4.58,3.08,Medium,Bajo,67.79,67.79,False,False
21,Male,5.07,1.1,8.32,92.37,3.09,8.87,3.8,Low,Medio,41.63,41.63,False,False
18,Female,4.72,6.11,8.23,65.28,1.28,9.65,4.93,Medium,Medio,73.22,73.22,False,False
23,Female,5.22,2.12,5.74,87.3,4.41,8.87,3.65,Low,Medio,33.01,33.01,False,False
24,Male,0.21,7.88,5.74,97.24,0.61,5.84,5.63,High,Bajo,100.0,100.0,False,False
23,Female,4.39,3.32,8.68,81.6,2.15,7.61,3.22,Medium,Medio,55.59,55.59,False,False
19,Female,4.76,7.07,4.13,67.47,0.93,9.01,4.25,High,Medio,57.59,57.59,False,False
21,Male,1.66,6.82,6.9,81.08,4.0,2.75,1.09,Medium,Bajo,95.82,95.82,False,False
16,Female,1.67,6.55,6.99,88.28,1.76,3.86,2.19,Medium,Bajo,99.56,99.56,False,False
19,Female,2.21,3.4,7.94,90.79,0.93,7.29,5.08,Medium,Bajo,70.99,70.99,False,False
23,Male,5.69,3.4,8.76,80.95,3.63,9.62,3.93,Low,Alto,54.99,54.99,False,False
16,Female,4.85,8.77,5.78,68.69,4.09,10.58,5.73,High,Medio,84.55,84.55462707331489,False,True
18,Male,6.77,1.12,6.19,97.07,2.31,11.53,4.76,Low,Alto,24.12,24.12,False,False
16,Female,2.37,2.63,7.36,90.94,1.89,5.62,3.25,Medium,Bajo,60.01,60.01,False,False
24,Female,7.3,6.49,8.84,70.83,3.16,12.19,4.89,Low,Alto,63.84,63.83543599562162,False,True
17,Female,5.95,8.35,8.45,92.47,3.26,9.29,3.34,Low,Alto,93.16,93.16342600609012,False,True
24,Male,3.16,4.23,7.34,73.91,3.3,5.81,2.65,Medium,Medio,64.08,64.08,False,False
19,Male,0.76,6.88,8.28,72.5,1.38,2.0,1.24,Medium,Bajo,95.4,95.4,False,False
17,Male,2.06,6.01,4.43,94.52,4.71,7.39,5.33,Medium,Bajo,79.08,79.08,False,False
19,Female,7.65,1.58,5.89,94.93,1.07,10.74,3.09,Low,Alto,10.8,10.8,False,False
21,Male,2.48,6.6,4.07,75.94,1.87,6.91,4.43,Medium,Bajo,68.12,68.12,False,False
22,Female,2.64,8.33,4.89,60.36,1.42,4.41,1.77,High,Bajo,74.2,74.2,False,False
18,Male,1.52,9.93,7.15,67.46,4.66,6.66,5.14,Medium,Bajo,100.0,100.0,False,False
18,Male,6.45,1.27,8.43,96.37,4.14,11.57,5.12,Low,Alto,39.18,39.17983640389682,False,True
23,Male,2.21,6.94,7.16,95.95,4.06,5.62,3.41,Medium,Bajo,97.99,97.99,False,False
20,Other,2.64,4.73,7.32,78.13,0.02,7.0,4.36,Medium,Bajo,74.19,74.19,False,False
19,Female,3.31,1.09,4.52,72.16,3.43,6.92,3.61,Medium,Medio,28.72,28.72,False,False
22,Male,3.47,6.53,7.32,72.11,1.15,7.23,3.76,Medium,Medio,78.09,78.09,False,False
22,Male,3.29,2.1,6.27,95.89,4.84,8.73,5.44,Medium,Medio,56.65,56.65,False,False
24,Female,4.03,4.41,7.26,72.99,2.65,9.86,5.83,Medium,Medio,59.42,59.42,False,False
24,Male,6.52,3.35,5.63,80.46,2.82,9.36,2.84,Low,Alto,27.02,27.02,False,False
20,Female,6.55,4.25,6.91,89.24,1.78,9.21,2.66,Low,Alto,40.94,40.94,False,False
23,Female,6.39,5.43,6.12,68.38,2.68,8.91,2.52,Low,Alto,37.34,37.34,False,False
16,Female,0.81,4.23,6.79,70.15,3.75,5.66,4.85,Medium,Bajo,82.83,82.83,False,False
24,Female,6.4,5.97,4.74,74.32,2.81,11.01,4.61,Low,Alto,36.05,36.05,False,False
23,Female,0.96,3.15,5.98,86.17,3.21,2.18,1.22,Medium,Bajo,60.52,60.52,False,False
21,Female,1.0,6.72,5.87,92.7,2.36,2.44,1.44,Medium,Bajo,94.49,94.49,False,False
18,Female,7.28,8.34,7.38,81.87,3.58,11.81,4.53,Low,Alto,69.5,69.4991892402821,False,True
18,Female,6.56,3.02,7.53,65.32,4.5,8.93,2.37,Low,Alto,28.44,28.44,False,False
23,Male,4.42,5.57,8.54,77.85,0.26,5.88,1.46,Medium,Medio,72.92,72.92,False,False
20,Male,7.0,6.84,7.16,65.11,0.54,10.07,3.07,Low,Alto,53.19,53.19,False,False
22,Male,7.91,6.08,5.57,63.53,3.43,13.3,5.39,Low,Alto,35.37,35.37,False,False
20,Female,4.89,4.29,7.92,83.58,1.89,7.72,2.83,Medium,Medio,64.44,64.44,False,False
23,Female,4.9,6.78,6.48,98.25,1.41,9.38,4.48,Medium,Medio,74.18,74.18,False,False
19,Male,6.04,1.25,4.97,93.5,0.89,11.54,5.5,Low,Alto,22.3,22.3,False,False
17,Male,1.86,4.33,7.74,90.98,2.86,3.71,1.85,Medium,Bajo,86.45,86.45,False,False
18,Male,1.34,5.79,4.66,89.08,1.74,5.39,4.05,Medium,Bajo,88.95,88.95,False,False
23,Female,6.08,1.19,4.89,95.89,2.54,11.62,5.54,Low,Alto,28.57,28.57,False,False
22,Female,2.76,5.57,7.79,90.11,4.79,4.73,1.97,Medium,Bajo,78.12,78.12,False,False
17,Female,1.08,6.89,7.85,85.08,3.79,7.02,5.94,Medium,Bajo,100.0,100.0,False,False
21,Male,2.52,7.83,7.95,74.59,3.98,5.35,2.83,Medium,Bajo,95.95,95.95,False,False
24,Female,2.87,2.02,5.47,64.04,0.62,4.96,2.09,Medium,Medio,37.3,37.3,False,False
19,Male,6.84,8.79,7.37,78.44,1.62,12.91,6.07,Low,Alto,92.0,91.99837826342196,False,True
24,Female,5.58,6.46,7.61,96.99,0.53,8.92,3.34,Low,Alto,74.77,74.77,False,False
17,Male,4.25,4.27,8.17,83.32,4.84,8.6,4.35,Medium,Medio,71.58,71.58,False,False
17,Female,7.75,3.24,7.54,67.38,3.41,11.2,3.45,Low,Alto,23.43,23.43,False,False
24,Male,7.23,6.16,6.9,85.96,0.1,11.45,4.22,Low,Alto,44.18,44.18,False,False
22,Male,4.1,8.94,4.55,78.62,2.38,5.28,1.18,High,Medio,81.37,81.37,False,False
22,Other,7.25,5.69,7.55,97.26,1.32,10.0,2.75,Low,Alto,53.23,53.23,False,False
16,Male,3.23,6.95,7.45,66.44,2.7,7.52,4.29,Medium,Medio,81.02,81.02,False,False
21,Male,1.84,4.22,5.56,88.48,0.89,4.59,2.75,Medium,Bajo,75.06,75.06,False,False
22,Female,1.86,4.49,7.68,87.26,0.28,6.74,4.88,Medium,Bajo,84.51,84.51,False,False
21,Female,5.3,3.58,6.75,99.34,1.62,11.1,5.8,Low,Medio,51.81,51.81,False,False
21,Male,4.01,7.35,6.8,82.6,1.48,5.2,1.19,Medium,Medio,84.55,84.55,False,False
17,Female,5.27,4.23,5.84,94.86,3.58,10.55,5.28,Low,Medio,48.76,48.76,False,False
21,Female,5.49,2.72,4.58,60.99,2.37,7.34,1.85,Low,Alto,37.39,37.38919785636591,False,True
19,Male,0.18,4.32,5.08,64.92,1.46,5.77,5.59,Medium,Bajo,67.51,67.51,False,False
24,Male,0.43,8.68,7.84,73.84,2.85,6.16,5.73,Medium,Bajo,100.0,100.0,False,False
16,Male,4.26,7.64,5.36,84.77,0.36,8.11,3.85,High,Medio,85.78,85.78022709185892,False,True
23,Female,1.53,4.01,4.01,77.96,3.31,4.93,3.4,Medium,Bajo,62.38,62.38,False,False
20,Male,5.01,9.08,8.91,68.11,0.74,9.85,4.84,Low,Medio,100.0,108.56050529193644,True,True
16,Male,4.42,1.67,5.05,83.57,1.4,10.01,5.59,Medium,Medio,37.89,37.89,False,False
19,Female,4.69,1.45,7.28,82.67,1.41,6.85,2.16,Medium,Medio,48.5,48.5,False,False
16,Female,2.42,2.15,8.63,80.98,2.33,5.33,2.91,Medium,Bajo,68.62,68.62,False,False
21,Male,5.12,2.05,7.0,63.62,4.77,8.21,3.09,Low,Medio,43.33,43.33,False,False
17,Female,6.64,1.79,8.0,97.08,1.62,11.87,5.23,Low,Alto,38.08,38.08,False,False
20,Male,7.71,6.71,8.58,83.69,1.41,9.66,1.95,Low,Alto,62.88,62.88,False,False
22,Male,6.71,6.41,8.3,70.56,0.84,10.83,4.12,Low,Alto,65.35,65.35,False,False
17,Female,4.46,6.83,6.79,87.5,1.96,7.21,2.75,Medium,Medio,76.99,76.99,False,False
21,Female,1.55,7.2,5.82,72.72,0.91,6.98,5.43,High,Bajo,85.94,85.94,False,False
21,Male,5.45,7.81,6.41,80.23,0.69,8.15,2.7,Low,Medio,94.77,94.7738533381644,False,True
20,Female,7.5,2.86,8.21,73.65,4.29,13.39,5.89,Low,Alto,31.11,31.11,False,False
20,Female,1.69,6.6,8.27,95.22,0.26,2.77,1.08,Medium,Bajo,100.0,100.0,False,False
18,Male,2.05,6.22,8.23,99.76,3.55,4.25,2.2,Medium,Bajo,100.0,104.2268242331924,True,True
17,Female,1.19,9.49,6.99,66.45,1.01,4.48,3.29,Medium,Bajo,100.0,100.0,False,False
22,Male,5.89,3.09,6.38,60.94,0.06,8.17,2.28,Low,Alto,43.87,43.868019077710585,False,True
16,Other,3.25,1.53,5.56,68.77,3.98,7.94,4.69,Medium,Medio,42.07,42.07,False,False
21,Female,0.5,6.88,4.02,83.6,3.51,5.57,5.07,Medium,Bajo,81.68,81.68,False,False
21,Male,7.0,7.66,7.82,66.96,1.67,11.49,4.49,Low,Alto,74.93,74.92729168575147,False,True
18,Male,4.46,3.55,5.38,92.46,0.4,10.31,5.85,Medium,Medio,50.61,50.61,False,False
17,Male,2.65,6.14,5.65,76.35,1.8,5.93,3.28,Medium,Bajo,71.82,71.82,False,False
17,Male,2.75,1.54,8.22,84.42,0.91,8.65,5.9,Medium,Bajo,61.96,61.96,False,False
24,Male,2.32,9.64,4.26,78.22,4.66,3.94,1.62,High,Bajo,92.73,92.73,False,False
20,Male,3.64,1.99,8.64,96.13,2.65,8.87,5.23,Medium,Medio,66.11,66.11,False,False
22,Female,2.7,1.61,4.01,61.41,4.82,3.89,1.19,Medium,Bajo,32.64,32.64,False,False
20,Male,4.38,1.4,8.7,89.17,1.76,8.04,3.66,Medium,Medio,57.26,57.26,False,False
22,Female,6.19,4.85,6.27,86.09,2.78,9.61,3.42,Low,Alto,53.66,53.66,False,False
19,Female,5.4,1.87,4.51,85.98,0.95,10.68,5.28,Low,Medio,36.28,36.27580848364004,False,True
23,Male,2.36,7.7,7.37,76.56,4.04,6.86,4.5,Medium,Bajo,88.07,88.07,False,False
22,Female,4.23,9.09,8.48,60.63,0.21,7.44,3.21,Medium,Medio,92.22,92.22,False,False
20,Male,6.72,3.34,6.19,87.57,3.48,12.2,5.48,Low,Alto,37.49,37.48894728970433,False,True
21,Male,0.55,6.66,7.46,93.18,1.96,5.98,5.43,Medium,Bajo,94.86,94.86,False,False
20,Female,0.63,1.38,8.9,63.41,2.89,1.75,1.12,Medium,Bajo,63.28,63.28,False,False
22,Male,4.45,4.48,5.2,77.66,2.96,9.81,5.36,Medium,Medio,51.45,51.45,False,False
17,Female,5.11,3.64,8.1,66.5,3.55,8.74,3.63,Low,Medio,45.73,45.73,False,False
20,Female,1.69,3.06,5.48,84.44,1.02,6.88,5.19,Medium,Bajo,66.67,66.67,False,False
18,Other,5.96,6.8,6.13,91.42,2.66,7.87,1.91,Low,Alto,58.65,58.65,False,False
24,Female,5.17,2.17,5.41,86.67,2.13,6.93,1.76,Low,Medio,38.45,38.45,False,False
21,Female,7.39,8.75,6.23,72.72,1.41,12.0,4.61,Low,Alto,71.43,71.43037118542614,False,True
18,Male,1.35,6.98,4.03,65.59,2.48,3.73,2.38,Medium,Bajo,78.85,78.85,False,False
22,Male,6.01,7.4,5.52,91.77,4.76,9.8,3.79,High,Alto,68.89,68.88700543964221,False,True
19,Female,0.67,9.42,6.23,72.96,4.74,5.11,4.44,Medium,Bajo,100.0,100.0,False,False
18,Male,4.52,9.48,7.16,60.89,1.39,8.57,4.05,Medium,Medio,83.84,83.84,False,False
23,Male,4.42,5.96,7.19,82.86,4.42,8.91,4.49,Medium,Medio,67.1,67.1,False,False
19,Male,3.11,5.46,6.92,69.87,4.38,7.21,4.1,Medium,Medio,69.83,69.83,False,False
16,Female,6.76,4.02,5.47,93.65,1.25,9.66,2.9,Low,Alto,47.62,47.62,False,False
21,Male,0.03,7.44,8.74,65.73,2.99,1.48,1.45,Medium,Bajo,100.0,100.0,False,False
16,Female,4.16,5.84,5.96,77.39,4.35,9.44,5.28,Medium,Medio,70.51,70.51,False,False
20,Male,1.74,9.4,5.08,70.13,2.57,6.97,5.23,High,Bajo,90.11,90.11,False,False
22,Male,5.95,3.15,6.77,87.58,1.85,6.98,1.03,Low,Alto,42.24,42.24,False,False
21,Male,0.34,3.79,7.74,81.94,3.25,5.54,5.2,Medium,Bajo,72.89,72.89,False,False
17,Male,6.65,3.84,4.06,91.64,0.86,8.4,1.75,Low,Alto,29.88,29.88,False,False
19,Female,6.7,8.25,5.38,78.34,0.81,9.36,2.66,High,Alto,63.42,63.42328580270417,False,True
17,Male,6.66,1.89,8.12,60.19,4.16,9.73,3.07,Low,Alto,33.95,33.95,False,False
16,Male,1.22,5.1,6.54,68.61,0.21,5.62,4.4,Medium,Bajo,83.23,83.23,False,False
18,Female,5.04,4.85,6.04,99.97,4.02,6.5,1.46,Low,Medio,56.84,56.84,False,False
18,Female,0.11,1.66,8.65,76.21,1.45,5.24,5.13,Medium,Bajo,65.03,65.03,False,False
22,Male,6.78,4.7,4.45,84.81,2.42,12.49,5.71,Low,Alto,43.34,43.33531929963725,False,True
16,Male,5.78,5.62,7.08,96.2,2.72,11.54,5.76,Low,Alto,67.56,67.56,False,False
24,Other,4.25,1.59,5.71,60.82,3.84,5.71,1.46,Medium,Medio,38.31,38.31,False,False
21,Female,5.84,5.59,4.35,86.38,4.42,11.44,5.6,Low,Alto,51.8,51.8,False,False
19,Male,0.75,9.63,5.07,71.54,4.02,4.59,3.84,High,Bajo,100.0,100.0,False,False
18,Male,4.23,9.81,7.14,71.17,2.86,8.86,4.63,Medium,Medio,93.51,93.51,False,False
18,Male,2.33,5.79,4.14,68.99,1.74,7.98,5.65,Medium,Bajo,62.66,62.66,False,False
17,Male,7.78,5.64,6.96,92.91,2.63,12.08,4.3,Low,Alto,42.08,42.08,False,False
17,Female,6.86,3.57,8.78,74.92,0.15,10.14,3.28,Low,Alto,37.68,37.68,False,False
20,Female,5.67,9.63,7.7,62.68,1.22,9.5,3.83,Low,Alto,85.98,85.98125443995445,False,True
24,Male,7.47,3.47,5.73,63.87,1.83,11.89,4.42,Low,Alto,34.81,34.8062127420094,False,True
17,Female,2.77,5.08,4.69,65.94,1.6,8.49,5.72,Medium,Bajo,67.76,67.76,False,False
17,Male,7.21,1.03,6.33,95.96,0.48,12.66,5.45,Low,Alto,22.09,22.09,False,False
21,Male,2.6,4.14,5.96,77.1,0.25,6.49,3.89,Medium,Bajo,79.56,79.56374058148394,False,True
17,Male,5.86,1.64,8.86,96.64,2.1,7.92,2.06,Low,Alto,55.26,55.26147337819102,False,True
19,Male,5.89,7.69,8.95,92.7,0.37,8.62,2.73,Low,Alto,97.05,97.048027705426,False,True
21,Female,0.15,6.05,6.05,93.52,1.43,2.96,2.81,Medium,Bajo,80.53,80.53,False,False
20,Male,2.89,6.15,4.74,71.47,2.37,5.34,2.45,Medium,Medio,71.54,71.54,False,False
16,Male,0.16,3.58,8.55,70.85,1.05,4.89,4.73,Medium,Bajo,73.62,73.62,False,False
21,Female,7.56,7.89,7.55,82.4,0.4,13.16,5.6,Low,Alto,73.35,73.3513809618865,False,True
16,Female,0.98,1.03,6.56,76.72,2.16,3.58,2.6,Medium,Bajo,69.4,69.40200609024025,False,True
18,Female,4.34,4.0,5.83,80.36,2.24,9.57,5.23,Medium,Medio,54.87,54.87,False,False
20,Female,6.32,6.94,6.24,62.13,4.58,10.99,4.67,Low,Alto,55.63,55.63,False,False
20,Male,1.61,9.17,8.51,98.86,0.64,4.82,3.21,Medium,Bajo,100.0,100.0,False,False
21,Female,3.88,3.11,4.92,62.33,3.07,8.37,4.49,Medium,Medio,44.95,44.95,False,False
23,Female,4.86,5.87,8.03,67.15,1.6,9.71,4.85,Medium,Medio,75.42,75.42,False,False
20,Female,1.28,5.84,4.09,87.13,0.62,5.09,3.81,Medium,Bajo,79.7,79.7,False,False
16,Female,6.05,8.61,8.34,66.22,1.97,9.45,3.4,Low,Alto,86.28,86.27600852257646,False,True
20,Male,2.39,1.45,6.5,64.27,2.14,3.9,1.51,Medium,Bajo,37.7,37.7,False,False
18,Female,1.69,4.82,5.13,66.14,1.82,2.7,1.01,Medium,Bajo,72.0,72.0,False,False
19,Male,4.47,2.64,4.01,62.48,3.83,10.16,5.69,Medium,Medio,27.82,27.82,False,False
23,Male,3.28,1.19,6.8,70.05,4.2,5.62,2.34,Medium,Medio,42.49,42.49,False,False
22,Male,7.36,2.32,5.22,70.84,0.74,11.67,4.31,Low,Alto,25.98,25.97862134521885,False,True
20,Female,6.75,9.39,6.86,79.94,0.84,12.76,6.01,Low,Alto,72.43,72.4343111181051,False,True
17,Male,3.87,2.93,5.41,77.55,2.11,8.96,5.09,Medium,Medio,49.59,49.59,False,False
21,Female,2.87,9.42,4.44,78.95,1.6,4.48,1.61,High,Medio,89.5,89.5,False,False
21,Male,2.6,2.85,6.53,84.64,4.1,7.61,5.01,Medium,Bajo,63.74,63.74,False,False
21,Female,2.14,9.38,6.82,69.24,4.98,6.77,4.63,Medium,Bajo,94.88,94.88,False,False
24,Male,4.36,6.89,6.26,65.39,0.91,7.01,2.65,Medium,Medio,73.35,73.35,False,False
23,Female,6.44,2.02,6.29,95.16,3.81,10.89,4.45,Low,Alto,34.67,34.67,False,False
23,Female,2.49,6.24,6.95,85.36,3.04,7.62,5.13,Medium,Bajo,79.44,79.44,False,False
16,Male,1.52,3.87,6.63,62.43,3.22,3.98,2.46,Medium,Bajo,62.87,62.87,False,False
20,Male,3.8,4.45,4.66,98.44,1.32,9.15,5.35,Medium,Medio,57.35,57.35,False,False
22,Female,0.55,4.96,4.99,87.72,0.49,1.94,1.39,Medium,Bajo,86.12,86.12341094711448,False,True
21,Female,5.61,4.8,4.71,66.07,2.72,9.25,3.64,Low,Alto,43.11,43.11,False,False
20,Female,4.15,6.98,7.47,98.77,3.07,6.32,2.17,Medium,Medio,73.75,73.75,False,False
23,Male,3.97,7.92,6.64,74.62,4.82,8.61,4.64,Medium,Medio,78.98,78.98,False,False
18,Female,2.4,3.96,6.15,99.38,3.38,4.27,1.87,Medium,Bajo,78.92,78.91931545123872,False,True
21,Male,6.78,8.73,7.49,64.13,2.22,9.95,3.17,Low,Alto,89.72,89.71594547107017,False,True
20,Female,0.72,9.45,5.63,66.4,4.97,2.36,1.64,High,Bajo,100.0,100.0,False,False
23,Female,6.96,1.37,6.84,86.3,1.87,12.02,5.06,Low,Alto,23.85,23.85,False,False
19,Male,3.01,1.13,4.37,60.89,0.81,4.67,1.66,Medium,Medio,32.99,32.99,False,False
23,Female,7.04,4.83,7.72,60.75,3.09,11.66,4.62,Low,Alto,33.91,33.91,False,False
17,Female,5.83,6.32,7.48,91.68,1.33,10.37,4.54,Low,Alto,54.06,54.06,False,False
24,Female,0.83,3.5,8.01,66.71,4.61,2.54,1.71,Medium,Bajo,69.56,69.56,False,False
24,Male,6.65,3.33,8.42,96.75,2.14,10.48,3.83,Low,Alto,53.4,53.4,False,False
21,Male,5.46,7.11,7.79,77.04,0.75,8.94,3.48,Low,Medio,84.69,84.69406212344583,False,True
19,Female,0.26,6.42,8.22,94.95,0.71,4.23,3.97,Medium,Bajo,95.87,95.87,False,False
19,Male,1.07,2.5,5.73,76.71,3.25,6.76,5.69,Medium,Bajo,68.28,68.28,False,False
21,Male,5.09,8.96,5.72,81.21,1.83,6.49,1.4,High,Medio,96.96,96.95588425758596,False,True
20,Other,5.3,7.12,8.72,72.66,1.82,10.4,5.1,Low,Medio,79.92,79.92379793807024,False,True
21,Male,5.97,4.26,8.57,86.32,3.06,11.28,5.31,Low,Alto,56.3,56.3,False,False
22,Other,5.76,7.15,6.74,72.73,1.11,7.39,1.63,Low,Alto,72.81,72.81413259196971,False,True
22,Male,5.28,2.01,5.83,68.93,0.73,9.56,4.28,Low,Medio,32.02,32.02,False,False
24,Male,6.13,5.21,8.33,63.24,3.29,10.64,4.51,Low,Alto,50.92,50.92,False,False
23,Female,4.6,2.52,5.62,62.31,0.03,8.34,3.74,Medium,Medio,50.52,50.52,False,False
21,Female,2.09,1.37,4.77,72.24,4.54,5.6,3.51,Medium,Bajo,50.01,50.01024548801893,False,True
21,Female,7.3,4.04,7.2,89.46,0.91,9.89,2.59,Low,Alto,41.93,41.93,False,False
20,Female,0.15,2.36,4.21,68.22,2.24,4.6,4.45,Medium,Bajo,52.19,52.19,False,False
16,Female,2.93,6.7,5.9,71.97,1.06,5.36,2.43,Medium,Medio,78.31,78.30971871968734,False,True
24,Male,5.83,7.07,8.04,96.21,1.09,9.13,3.3,Low,Alto,90.6,90.6042830436516,False,True
24,Male,3.42,2.34,5.48,85.57,4.18,8.71,5.29,Medium,Medio,41.62,41.62,False,False
24,Male,0.2,1.22,8.66,96.79,2.93,1.65,1.45,Medium,Bajo,79.83,79.83,False,False
23,Female,0.53,8.14,8.78,96.45,1.56,4.17,3.64,Medium,Bajo,100.0,100.0,False,False
18,Male,5.19,1.02,8.08,62.54,1.26,8.62,3.43,Low,Medio,30.67,30.67,False,False
16,Male,7.72,4.1,8.94,98.2,1.06,10.61,2.89,Low,Alto,46.09,46.09,False,False
23,Male,4.41,5.45,6.65,62.05,2.77,8.4,3.99,Medium,Medio,64.52,64.52,False,False
22,Male,4.05,8.37,6.85,97.02,3.65,5.13,1.08,Medium,Medio,91.79,91.79,False,False
20,Male,2.55,8.55,8.18,81.87,1.27,6.01,3.46,Medium,Bajo,92.18,92.18,False,False
22,Female,2.05,7.52,6.46,81.33,1.66,5.48,3.43,Medium,Bajo,90.33,90.33,False,False
19,Male,0.17,3.22,6.03,88.53,3.6,3.75,3.58,Medium,Bajo,75.29,75.29,False,False
24,Female,2.18,7.48,7.07,95.17,3.69,4.24,2.06,Medium,Bajo,83.6,83.6,False,False
17,Female,3.59,3.22,7.29,84.68,1.04,5.63,2.04,Medium,Medio,60.97,60.97,False,False
24,Male,1.58,2.93,7.75,77.02,1.91,5.82,4.24,Medium,Bajo,68.54,68.54,False,False
24,Female,0.7,5.92,7.34,64.48,4.35,2.16,1.46,Medium,Bajo,96.48,96.48295168679678,False,True
20,Male,5.74,7.11,7.73,91.57,3.7,8.27,2.53,Low,Alto,82.15,82.145737593733,False,True
16,Female,7.16,1.48,7.37,65.13,0.81,12.31,5.15,Low,Alto,16.8,16.8,False,False
22,Other,7.49,1.54,6.4,89.05,1.93,9.01,1.52,Low,Alto,24.7,24.7,False,False
19,Female,4.94,8.06,4.67,81.12,4.87,8.28,3.34,High,Medio,64.93,64.93,False,False
24,Female,0.42,8.74,7.93,75.43,2.63,4.76,4.34,Medium,Bajo,100.0,107.74359614792426,True,True
21,Male,5.93,6.44,4.15,84.52,3.6,7.64,1.71,Low,Alto,62.09,62.09376857918334,False,True
18,Male,0.88,4.86,8.96,90.89,0.46,3.44,2.56,Medium,Bajo,89.65,89.65,False,False
21,Female,5.36,8.61,8.14,97.65,4.16,9.15,3.79,Low,Medio,90.75,90.74864135271156,False,True
21,Male,6.23,7.56,7.35,70.59,3.02,8.87,2.64,Low,Alto,72.78,72.77650229711739,False,True
20,Male,5.81,6.22,8.83,97.89,0.88,7.36,1.55,Low,Alto,73.35,73.35,False,False
17,Male,7.62,3.88,7.06,98.44,1.9,9.78,2.16,Low,Alto,29.51,29.51,False,False
17,Female,5.91,2.78,4.28,92.55,0.42,7.46,1.55,Low,Alto,33.26,33.26,False,False
22,Male,5.55,4.77,6.8,95.26,3.89,11.47,5.92,Low,Alto,56.93,56.93,False,False
17,Female,2.09,3.58,5.39,87.7,3.72,4.27,2.18,Medium,Bajo,66.17,66.17,False,False
21,Male,7.4,4.05,5.85,61.56,2.45,11.05,3.65,Low,Alto,29.16,29.16,False,False
20,Male,1.44,5.64,6.3,83.0,2.26,4.58,3.14,Medium,Bajo,86.84,86.84433834585664,False,True
19,Female,7.24,2.52,7.87,89.89,2.32,11.09,3.85,Low,Alto,32.01,32.01,False,False
22,Male,2.5,8.26,6.51,97.67,0.19,5.99,3.49,Medium,Bajo,92.36,92.36,False,False
23,Female,1.04,2.31,6.37,82.82,1.84,5.68,4.64,Medium,Bajo,64.43,64.43,False,False
19,Male,6.61,5.33,5.51,91.77,0.64,11.98,5.37,Low,Alto,46.3,46.3,False,False
16,Male,0.02,7.71,6.7,88.2,0.92,2.45,2.43,Medium,Bajo,100.0,100.0,False,False
16,Male,6.66,5.37,5.24,71.23,4.81,8.58,1.92,Low,Alto,37.19,37.19,False,False
16,Female,2.1,4.25,5.3,66.19,1.31,8.02,5.92,Medium,Bajo,64.9,64.9,False,False
16,Female,7.08,5.27,7.79,90.04,2.42,12.41,5.33,Low,Alto,53.42,53.42,False,False
20,Female,5.53,8.64,5.71,69.35,4.44,8.35,2.82,High,Alto,81.98,81.97759524875624,False,True
19,Male,5.33,9.91,4.26,69.79,2.07,10.8,5.47,High,Medio,80.82,80.82326882583749,False,True
24,Female,2.92,6.68,5.72,85.76,2.64,7.27,4.35,Medium,Medio,74.64,74.64,False,False
18,Female,0.48,8.14,7.19,91.56,0.84,3.67,3.19,Medium,Bajo,100.0,100.0,False,False
22,Female,6.64,1.13,8.07,83.29,1.43,12.01,5.37,Low,Alto,21.79,21.79,False,False
23,Female,1.37,8.92,8.81,95.4,2.53,5.75,4.38,Medium,Bajo,100.0,100.0,False,False
21,Female,2.98,9.59,7.73,68.46,1.82,8.11,5.13,Medium,Medio,100.0,100.0,False,False
16,Male,4.8,6.18,6.14,70.1,0.19,7.89,3.09,Medium,Medio,67.13,67.13,False,False
23,Female,3.86,7.78,5.5,85.48,2.0,8.85,4.99,High,Medio,81.19,81.19,False,False
18,Male,1.59,5.61,4.65,93.17,4.08,4.42,2.83,Medium,Bajo,80.49,80.49,False,False
23,Female,1.12,3.58,7.14,81.57,0.58,5.8,4.68,Medium,Bajo,86.85,86.85,False,False
19,Male,0.99,8.67,6.55,60.42,0.09,4.17,3.18,Medium,Bajo,100.0,101.856997033466,True,True
23,Male,6.9,6.37,7.39,87.08,0.59,9.93,3.03,Low,Alto,52.36,52.36,False,False
16,Male,0.25,6.21,5.19,92.54,3.43,5.23,4.98,Medium,Bajo,85.36,85.36,False,False
18,Male,7.82,6.93,5.62,71.06,3.97,9.45,1.63,Low,Alto,34.92,34.92,False,False
21,Male,1.59,8.7,5.46,62.17,0.24,7.23,5.64,High,Bajo,87.51,87.51,False,False
24,Female,0.88,7.59,7.99,80.72,4.44,4.42,3.54,Medium,Bajo,100.0,100.0,False,False
17,Female,4.62,2.9,4.86,61.69,3.14,8.8,4.18,Medium,Medio,28.86,28.86,False,False
16,Female,0.64,5.2,7.04,76.64,2.59,3.67,3.03,Medium,Bajo,78.24,78.24,False,False
18,Female,4.82,9.82,4.26,60.71,1.27,9.05,4.23,High,Medio,67.17,67.17,False,False
19,Male,6.81,5.99,6.75,69.0,1.86,11.36,4.55,Low,Alto,48.8,48.8,False,False
20,Female,0.38,9.44,4.32,75.55,4.73,5.72,5.34,High,Bajo,92.56,92.56,False,False
18,Male,6.4,8.32,4.88,64.47,4.56,11.67,5.27,High,Alto,73.72,73.71950645907941,False,True
17,Female,3.16,6.99,4.57,64.57,3.13,5.95,2.79,Medium,Medio,70.61,70.61,False,False
17,Male,1.28,4.14,5.73,93.08,2.89,5.36,4.08,Medium,Bajo,71.27,71.27,False,False
22,Male,1.41,3.74,5.72,61.66,1.05,6.31,4.9,Medium,Bajo,70.07,70.07,False,False
24,Male,7.35,6.79,8.13,87.56,4.77,12.17,4.82,Low,Alto,58.82,58.82,False,False
17,Male,0.88,4.89,5.13,92.58,3.78,6.33,5.45,Medium,Bajo,69.86,69.86,False,False
22,Male,6.93,8.19,4.43,65.23,1.91,12.09,5.16,High,Alto,69.29,69.29297260492706,False,True
22,Male,4.35,7.84,7.02,67.81,4.08,8.94,4.59,Medium,Medio,86.12,86.12,False,False
22,Female,0.31,3.81,7.44,85.66,1.06,5.05,4.74,Medium,Bajo,76.99,76.99,False,False
18,Female,3.72,7.32,5.47,72.63,1.07,8.76,5.04,High,Medio,65.0,65.0,False,False
22,Male,6.54,5.45,7.01,79.06,3.95,11.73,5.19,Low,Alto,55.62,55.62,False,False
16,Male,5.81,3.91,7.88,93.44,2.8,8.57,2.76,Low,Alto,62.88,62.88,False,False
16,Female,3.91,4.72,5.74,65.52,2.78,8.82,4.91,Medium,Medio,50.07,50.07,False,False
20,Male,6.88,9.06,6.63,84.79,2.87,12.63,5.75,Low,Alto,81.24,81.23614785301312,False,True
17,Female,0.96,4.24,4.73,97.7,0.63,3.12,2.16,Medium,Bajo,71.97,71.97,False,False
24,Male,7.28,3.59,4.12,62.3,1.75,8.52,1.24,Low,Alto,7.76,7.76,False,False
22,Female,6.77,4.17,8.91,62.4,2.87,8.13,1.36,Low,Alto,54.56,54.56,False,False
19,Female,5.67,2.93,5.5,82.19,1.24,7.75,2.08,Low,Alto,36.98,36.98,False,False
19,Female,6.54,5.9,5.39,98.4,2.52,12.14,5.6,Low,Alto,53.24,53.24,False,False
17,Female,4.35,2.33,8.87,68.82,2.79,5.98,1.63,Medium,Medio,53.75,53.75,False,False
20,Male,5.4,8.36,7.64,73.23,4.71,10.14,4.74,Low,Medio,85.23,85.22850359584294,False,True
19,Male,4.48,3.03,6.93,63.95,1.23,9.82,5.34,Medium,Medio,43.54,43.54,False,False
16,Female,2.84,6.38,7.5,74.49,2.2,8.23,5.39,Medium,Medio,84.2,84.20124617763622,False,True
23,Female,4.55,2.13,7.55,61.77,4.91,7.63,3.08,Medium,Medio,36.21,36.21,False,False
18,Male,2.06,9.81,7.82,75.56,0.93,5.54,3.48,Medium,Bajo,100.0,100.0,False,False
21,Female,3.52,5.09,4.34,82.22,3.9,6.14,2.62,Medium,Medio,66.12,66.12,False,False
19,Male,2.25,8.4,6.06,99.0,0.89,3.99,1.74,Medium,Bajo,100.0,100.0,False,False
24,Male,0.98,7.92,5.48,92.74,4.25,3.04,2.06,High,Bajo,93.88,93.88,False,False
22,Female,2.57,7.42,4.35,92.88,2.44,4.24,1.67,High,Bajo,80.58,80.58,False,False
24,Male,6.82,8.45,6.06,69.13,4.86,9.86,3.04,Low,Alto,86.84,86.83543012308219,False,True
18,Female,3.05,1.9,7.08,63.49,0.85,4.9,1.85,Medium,Medio,44.12,44.12,False,False
16,Male,5.98,7.11,4.89,84.12,3.44,9.0,3.02,High,Alto,55.47,55.46555865204475,False,True
20,Male,1.4,3.39,5.53,80.85,3.48,6.66,5.26,Medium,Bajo,69.66,69.66,False,False
18,Female,3.4,8.07,7.2,80.66,3.59,7.67,4.27,Medium,Medio,93.14,93.14,False,False
21,Female,0.92,9.61,6.9,64.36,0.5,5.23,4.31,Medium,Bajo,90.36,90.36,False,False
23,Male,1.11,9.11,8.34,79.76,1.44,6.17,5.06,Medium,Bajo,100.0,100.0,False,False
19,Male,4.94,2.03,7.96,66.01,1.69,6.15,1.21,Medium,Medio,36.22,36.22,False,False
20,Male,4.86,4.33,8.83,76.88,1.62,9.83,4.97,Medium,Medio,55.84,55.84,False,False
20,Male,1.71,4.28,6.99,62.49,3.38,3.69,1.98,Medium,Bajo,71.47,71.47,False,False
19,Female,3.8,2.1,7.49,94.28,0.27,6.53,2.73,Medium,Medio,50.25,50.25,False,False
19,Female,6.91,1.88,8.3,60.53,3.65,9.45,2.54,Low,Alto,17.46,17.46,False,False
19,Male,1.39,4.46,8.2,97.57,2.63,2.92,1.53,Medium,Bajo,91.09,91.09,False,False
19,Male,0.15,9.93,7.59,94.52,0.86,2.02,1.87,Medium,Bajo,100.0,100.0,False,False
19,Female,5.22,6.12,6.5,90.1,1.13,11.0,5.78,Low,Medio,57.31,57.31,False,False
20,Female,0.43,6.6,5.37,99.3,0.49,4.43,4.0,Medium,Bajo,83.27,83.27,False,False
17,Female,7.84,5.24,8.39,62.15,2.3,11.21,3.37,Low,Alto,42.07,42.07,False,False
17,Female,4.88,6.96,7.88,85.66,2.97,9.67,4.79,Medium,Medio,80.06,80.06,False,False
24,Male,3.76,9.61,8.19,93.97,2.9,8.83,5.07,Medium,Medio,90.8,90.8,False,False
17,Female,3.44,6.3,4.7,65.06,4.81,4.99,1.55,Medium,Medio,57.04,57.04,False,False
21,Other,4.58,1.59,5.57,83.39,1.48,9.28,4.7,Medium,Medio,44.34,44.340667240606464,False,True
17,Female,0.72,5.44,6.12,75.76,3.81,6.38,5.66,Medium,Bajo,80.74,80.74,False,False
20,Male,6.69,8.94,7.37,77.43,3.62,11.37,4.68,Low,Alto,85.65,85.64692184282163,False,True
19,Male,5.01,4.49,8.46,96.5,0.31,9.08,4.07,Low,Medio,70.32,70.32,False,False
22,Male,1.47,6.34,5.42,81.55,4.65,6.82,5.35,Medium,Bajo,82.02,82.02,False,False
22,Female,4.5,1.96,7.43,63.73,4.66,8.9,4.4,Medium,Medio,42.4,42.4,False,False
21,Male,1.07,2.27,4.39,97.49,1.98,7.05,5.98,Medium,Bajo,61.24,61.24,False,False
20,Male,0.14,8.87,6.05,67.41,2.09,2.55,2.41,Medium,Bajo,94.74,94.74,False,False
16,Female,5.04,3.7,6.43,95.71,4.1,10.27,5.23,Low,Medio,46.45,46.45,False,False
18,Male,5.19,3.75,7.83,98.84,2.48,9.25,4.06,Low,Medio,61.31,61.31,False,False
24,Male,4.67,4.48,8.46,95.11,4.0,7.5,2.83,Medium,Medio,60.82,60.82,False,False
16,Male,1.47,9.7,5.69,87.09,0.18,6.89,5.42,High,Bajo,100.0,100.0,False,False
20,Male,4.83,1.76,6.64,89.74,1.25,10.81,5.98,Medium,Medio,51.36,51.35731037863557,False,True
17,Male,0.45,8.37,7.24,87.99,0.46,1.74,1.29,Medium,Bajo,100.0,100.0,False,False
19,Female,4.87,4.07,5.64,78.42,2.27,10.5,5.63,Medium,Medio,54.27,54.27,False,False
16,Female,4.43,8.65,8.93,70.98,4.27,6.45,2.02,Medium,Medio,88.58,88.58,False,False
18,Male,5.12,9.7,8.18,71.4,2.85,7.27,2.15,Low,Medio,94.16,94.1620785973486,False,True
22,Male,7.16,4.14,5.48,89.25,2.6,8.37,1.21,Low,Alto,40.95,40.95,False,False
18,Female,6.8,2.16,6.54,85.04,1.83,12.41,5.61,Low,Alto,27.17,27.17,False,False
19,Male,7.85,2.3,5.15,83.4,0.32,12.65,4.8,Low,Alto,16.84,16.84,False,False
17,Male,7.81,7.83,6.57,86.1,3.83,9.08,1.27,Low,Alto,63.59,63.58502101473407,False,True
18,Female,6.18,2.3,7.42,90.99,2.85,10.35,4.17,Low,Alto,40.65,40.65,False,False
24,Male,7.65,3.34,4.43,89.93,4.65,9.25,1.6,Low,Alto,21.31,21.31,False,False
18,Male,6.94,2.84,8.35,64.22,2.16,11.7,4.76,Low,Alto,37.53,37.53,False,False
20,Male,5.82,4.2,6.97,74.52,2.01,8.87,3.05,Low,Alto,47.7,47.7,False,False
17,Female,0.6,1.67,8.95,70.56,4.87,1.86,1.26,Medium,Bajo,64.4,64.4,False,False
19,Male,0.39,8.71,4.13,81.53,0.71,5.54,5.15,High,Bajo,94.02,94.02,False,False
22,Male,6.53,8.52,7.95,62.46,1.26,10.56,4.03,Low,Alto,66.41,66.40890685518984,False,True
22,Male,3.92,4.72,7.96,90.5,2.44,8.78,4.86,Medium,Medio,76.85,76.85,False,False
18,Female,6.52,6.51,4.66,64.26,2.62,10.89,4.37,Low,Alto,36.15,36.15,False,False
20,Male,2.5,6.78,5.68,70.86,2.74,5.67,3.17,Medium,Bajo,73.43,73.43,False,False
16,Male,3.18,7.74,8.42,91.31,1.06,7.67,4.49,Medium,Medio,93.91,93.91,False,False
16,Female,5.6,5.69,6.59,62.06,4.63,6.67,1.07,Low,Alto,53.86,53.86,False,False
20,Female,7.32,5.59,6.01,86.41,3.52,10.02,2.7,Low,Alto,52.0,52.0,False,False
24,Male,0.7,6.68,8.53,96.98,1.29,5.59,4.89,Medium,Bajo,100.0,100.0,False,False
16,Male,6.89,7.33,4.47,84.71,1.47,11.71,4.82,High,Alto,53.12,53.12237558519502,False,True
16,Female,6.34,4.12,6.37,88.51,4.4,11.78,5.44,Low,Alto,40.4,40.4,False,False
19,Female,2.52,3.97,7.26,91.69,1.9,6.58,4.06,Medium,Bajo,65.37,65.37,False,False
19,Male,2.84,3.43,7.04,68.89,2.78,8.55,5.71,Medium,Medio,53.34,53.34,False,False
17,Male,0.37,5.94,5.32,83.24,0.6,4.16,3.79,Medium,Bajo,78.49,78.49,False,False
24,Male,0.13,4.24,6.82,72.36,1.26,3.63,3.5,Medium,Bajo,80.88,80.88,False,False
24,Male,3.82,5.86,7.54,69.98,2.08,5.81,1.99,Medium,Medio,70.15,70.15,False,False
17,Female,0.76,4.65,6.92,67.7,3.28,5.65,4.89,Medium,Bajo,73.99,73.99,False,False
24,Male,1.55,8.53,7.42,83.42,1.4,6.01,4.46,Medium,Bajo,100.0,100.0,False,False
21,Female,6.77,1.66,5.28,91.78,4.75,10.07,3.3,Low,Alto,18.69,18.69,False,False
23,Female,4.57,6.15,8.16,95.04,1.1,6.01,1.44,Medium,Medio,78.16,78.16,False,False
19,Male,5.07,6.18,6.25,77.14,3.89,6.7,1.63,Low,Medio,63.62,63.62,False,False
17,Male,1.5,4.45,8.94,74.92,1.82,3.07,1.57,Medium,Bajo,98.56,98.56,False,False
17,Female,6.63,4.79,4.12,87.49,4.17,9.51,2.88,Low,Alto,41.94,41.94,False,False
24,Male,6.94,8.2,5.9,91.21,4.62,8.73,1.79,High,Alto,86.22,86.22150347669266,False,True
16,Female,4.19,3.53,4.9,70.13,0.94,9.49,5.3,Medium,Medio,44.81,44.81,False,False
22,Other,7.3,8.84,6.78,71.89,2.46,12.8,5.5,Low,Alto,77.54,77.5436291586779,False,True
18,Male,6.76,9.07,5.22,81.34,0.77,12.04,5.28,High,Alto,73.27,73.2716006264419,False,True
18,Male,5.85,6.86,7.69,77.78,3.53,9.89,4.04,Low,Alto,58.01,58.01,False,False
17,Male,5.87,7.96,8.41,88.23,4.16,9.85,3.98,Low,Alto,74.81,74.81053211663998,False,True
21,Female,0.84,6.52,5.05,80.18,1.95,6.29,5.45,Medium,Bajo,76.21,76.21,False,False
17,Female,2.17,5.73,4.8,64.46,1.98,5.2,3.03,Medium,Bajo,72.74,72.74,False,False
19,Female,0.53,9.7,8.38,66.64,1.02,1.84,1.31,Medium,Bajo,100.0,100.0,False,False
24,Female,0.07,3.54,5.81,96.08,1.53,3.42,3.35,Medium,Bajo,77.16,77.16,False,False
24,Male,1.27,2.39,6.17,69.1,1.62,5.04,3.77,Medium,Bajo,68.41,68.41,False,False
21,Female,7.04,3.59,5.1,62.0,0.78,10.79,3.75,Low,Alto,16.77,16.77,False,False
19,Female,1.92,6.53,6.13,89.26,1.55,3.72,1.8,Medium,Bajo,97.54,97.54,False,False
22,Female,7.76,2.67,5.16,87.36,4.54,12.68,4.92,Low,Alto,13.82,13.82,False,False
16,Male,4.78,9.18,7.33,84.0,1.63,9.44,4.66,Medium,Medio,87.67,87.67,False,False
19,Female,1.9,4.7,6.49,80.09,1.37,4.05,2.15,Medium,Bajo,72.55,72.55,False,False
20,Female,3.98,8.65,7.94,98.78,1.92,7.74,3.76,Medium,Medio,98.6,98.6,False,False
23,Female,1.75,3.24,5.56,64.79,4.8,6.7,4.95,Medium,Bajo,60.68,60.68,False,False
17,Female,7.87,3.82,6.53,80.41,3.82,8.91,1.04,Low,Alto,32.99,32.99,False,False
20,Female,6.78,1.53,5.3,82.56,1.01,9.16,2.38,Low,Alto,24.84,24.84,False,False
21,Female,0.21,3.32,8.67,60.9,3.76,3.57,3.36,Medium,Bajo,80.58,80.58,False,False
20,Female,7.58,5.41,6.61,76.48,3.83,12.81,5.23,Low,Alto,43.86,43.86,False,False
24,Female,5.77,9.52,4.87,91.31,4.75,10.76,4.99,High,Alto,88.44,88.44221913863129,False,True
16,Male,0.66,4.5,5.36,78.84,4.46,2.41,1.75,Medium,Bajo,68.78,68.78,False,False
18,Male,5.37,6.76,4.41,95.01,0.48,8.68,3.31,Low,Medio,60.93,60.93,False,False
17,Male,5.18,4.85,4.14,85.79,2.27,7.7,2.52,Low,Medio,49.39,49.39,False,False
18,Female,1.75,1.42,6.63,90.64,3.51,4.76,3.01,Medium,Bajo,56.4,56.4,False,False
24,Female,6.07,5.53,5.69,92.18,4.87,9.77,3.7,Low,Alto,59.3,59.3,False,False
24,Other,0.7,1.59,8.82,87.58,0.43,4.2,3.5,Medium,Bajo,69.25,69.25,False,False
17,Male,3.92,8.95,4.86,89.98,1.84,5.63,1.71,High,Medio,85.58,85.58,False,False
18,Male,0.08,7.78,7.97,87.81,2.46,1.69,1.61,Medium,Bajo,97.27,97.27,False,False
19,Male,7.75,4.41,5.58,82.02,2.07,9.4,1.65,Low,Alto,28.42,28.42,False,False
24,Male,6.01,6.76,5.12,82.66,2.28,11.22,5.21,Low,Alto,60.68,60.68,False,False
18,Female,1.27,2.01,8.85,67.6,1.85,2.37,1.1,Medium,Bajo,71.98,71.98,False,False
22,Male,2.73,7.32,8.01,93.1,4.85,4.74,2.01,Medium,Bajo,99.02,99.02,False,False
18,Female,1.28,8.4,7.15,72.49,4.02,7.06,5.78,Medium,Bajo,100.0,107.35658642326676,True,True
22,Female,6.13,8.4,7.49,81.43,3.68,7.46,1.33,Low,Alto,81.01,81.00688054657846,False,True
22,Male,0.47,3.56,8.96,69.98,2.05,1.65,1.18,Medium,Bajo,77.03,77.03,False,False
24,Female,6.72,3.37,6.97,87.83,4.41,9.66,2.94,Low,Alto,49.55,49.55180566271498,False,True
17,Male,7.54,5.69,4.51,99.01,0.47,9.3,1.76,Low,Alto,41.78,41.78,False,False
21,Male,5.41,9.71,4.32,92.08,0.72,9.24,3.83,High,Medio,91.0,90.99947300321696,False,True
24,Female,1.7,9.28,7.33,84.76,4.77,4.39,2.69,Medium,Bajo,98.19,98.19,False,False
17,Female,2.88,4.24,7.29,82.7,2.83,4.92,2.04,Medium,Medio,70.49,70.49,False,False
17,Male,3.82,8.02,7.74,79.59,0.8,9.81,5.99,Medium,Medio,79.63,79.63,False,False
20,Male,4.84,9.29,4.54,68.2,4.75,7.55,2.71,High,Medio,76.51,76.51,False,False
23,Male,5.35,3.35,8.72,73.92,4.87,9.56,4.21,Low,Medio,56.57,56.57,False,False
24,Male,4.43,8.47,6.76,76.26,4.41,9.8,5.37,Medium,Medio,70.67,70.67,False,False
17,Other,2.81,3.41,7.25,97.78,1.19,8.42,5.61,Medium,Medio,70.87,70.87,False,False
20,Female,7.13,4.09,4.17,77.02,1.39,10.18,3.05,Low,Alto,27.62,27.62,False,False
22,Male,0.65,2.79,8.8,83.45,2.03,6.53,5.88,Medium,Bajo,77.81,77.81,False,False
21,Female,3.73,5.56,6.81,96.9,2.9,8.35,4.62,Medium,Medio,69.1,69.1,False,False
21,Male,6.2,8.59,6.82,80.74,4.96,10.12,3.92,Low,Alto,86.23,86.2284535059149,False,True
22,Male,0.49,5.75,8.72,70.06,4.78,4.96,4.47,Medium,Bajo,83.42,83.42,False,False
18,Female,5.64,2.11,8.65,75.24,4.61,8.44,2.8,Low,Alto,46.49,46.49,False,False
18,Female,6.56,3.27,5.1,75.02,0.45,9.68,3.12,Low,Alto,31.09,31.09,False,False
24,Female,5.29,6.07,8.66,88.59,3.79,9.22,3.93,Low,Medio,71.65,71.65,False,False
23,Female,0.1,6.25,7.68,71.84,4.38,2.73,2.63,Medium,Bajo,91.83,91.83,False,False
20,Female,1.44,6.19,4.09,89.21,1.67,6.28,4.84,Medium,Bajo,77.07,77.07,False,False
21,Male,2.74,1.69,5.2,95.57,1.1,5.0,2.26,Medium,Bajo,47.75,47.75,False,False
16,Female,1.87,7.78,6.06,73.44,3.74,6.85,4.98,Medium,Bajo,98.66,98.66,False,False
16,Other,7.44,8.88,6.68,65.41,0.45,9.46,2.02,Low,Alto,77.61,77.61448622135464,False,True
19,Male,5.21,5.59,7.51,85.54,4.7,7.3,2.09,Low,Medio,59.97,59.97,False,False
17,Female,2.38,7.47,5.05,74.43,0.78,7.15,4.77,High,Bajo,76.91,76.91,False,False
22,Female,6.89,8.54,7.57,81.36,2.29,9.76,2.87,Low,Alto,87.89,87.8880107864721,False,True
17,Male,5.92,6.78,8.23,85.37,4.91,10.9,4.98,Low,Alto,70.71,70.71,False,False
17,Female,2.28,7.07,7.17,76.31,4.94,7.2,4.92,Medium,Bajo,86.44,86.44,False,False
20,Male,3.03,7.49,8.61,96.99,3.88,5.32,2.29,Medium,Medio,100.0,100.0,False,False
19,Female,1.6,3.34,8.06,75.98,4.2,2.97,1.37,Medium,Bajo,90.57,90.5729966696167,False,True
23,Male,7.77,6.24,5.11,72.29,4.84,9.6,1.83,Low,Alto,45.27,45.27,False,False
19,Female,4.14,8.58,7.99,95.43,4.64,8.9,4.76,Medium,Medio,100.0,109.35113458757286,True,True
21,Male,7.17,3.67,8.77,65.45,3.11,12.4,5.23,Low,Alto,30.44,30.44,False,False
20,Male,2.77,9.07,4.69,64.97,3.67,5.69,2.92,High,Bajo,82.51,82.51,False,False
17,Male,6.89,6.58,8.89,97.43,2.97,8.71,1.82,Low,Alto,64.63,64.63,False,False
23,Female,0.43,4.81,4.12,68.36,2.53,1.81,1.38,Medium,Bajo,60.79,60.79,False,False
17,Female,7.86,6.61,6.61,65.94,4.4,9.94,2.08,Low,Alto,48.85,48.85,False,False
24,Female,7.3,4.62,7.87,81.41,3.69,13.2,5.9,Low,Alto,54.14,54.13994317199656,False,True
24,Female,2.91,8.54,7.95,61.87,4.3,4.76,1.85,Medium,Medio,83.73,83.73,False,False
18,Male,6.2,5.34,7.67,84.8,0.48,7.63,1.43,Low,Alto,70.25,70.25,False,False
19,Male,6.02,9.11,6.65,78.12,2.88,10.95,4.93,Low,Alto,75.73,75.73059509409367,False,True
23,Female,7.21,5.59,7.25,85.62,1.65,11.29,4.08,Low,Alto,47.74,47.74,False,False
24,Male,2.46,6.94,7.5,71.36,2.57,6.13,3.67,Medium,Bajo,85.77,85.77,False,False
18,Other,3.72,9.98,6.47,96.22,3.06,6.96,3.24,Medium,Medio,94.62,94.62,False,False
20,Female,6.92,2.32,6.98,70.82,4.23,11.43,4.51,Low,Alto,29.43,29.43,False,False
23,Male,6.23,7.63,8.23,85.5,0.16,10.72,4.49,Low,Alto,83.32,83.32331470514173,False,True
18,Male,3.15,2.25,5.56,97.8,0.82,6.27,3.12,Medium,Medio,58.01,58.01,False,False
22,Female,6.77,8.55,6.62,76.03,4.61,8.94,2.17,Low,Alto,74.73,74.72744722134433,False,True
23,Male,0.38,6.37,4.04,66.46,4.84,5.59,5.21,Medium,Bajo,61.33,61.33,False,False
18,Male,6.22,9.38,7.39,62.74,0.28,8.08,1.86,Low,Alto,75.03,75.03151613002322,False,True
17,Male,1.65,8.79,4.98,98.52,1.66,5.32,3.67,High,Bajo,100.0,100.0,False,False
22,Female,2.29,1.67,6.41,90.55,0.05,6.75,4.46,Medium,Bajo,57.91,57.91,False,False
24,Female,3.95,2.24,5.05,96.76,3.79,8.14,4.19,Medium,Medio,41.84,41.84,False,False
16,Male,3.6,6.41,4.12,87.95,3.41,7.69,4.09,Medium,Medio,64.32,64.32,False,False
18,Male,4.16,5.66,6.42,73.7,2.82,8.47,4.31,Medium,Medio,64.34,64.34,False,False
20,Male,4.36,2.52,6.12,64.92,3.46,9.74,5.38,Medium,Medio,30.74,30.74,False,False
18,Female,2.65,2.16,6.13,97.17,2.69,5.48,2.83,Medium,Bajo,69.36,69.36,False,False
16,Male,1.4,6.08,5.04,79.58,1.19,5.54,4.14,Medium,Bajo,77.3,77.3,False,False
22,Male,6.15,1.44,8.74,75.86,3.77,10.63,4.48,Low,Alto,36.01,36.01,False,False
22,Female,3.2,8.86,4.02,83.11,3.92,7.15,3.95,High,Medio,91.08,91.08,False,False
23,Female,4.05,8.26,8.46,64.26,4.27,9.57,5.52,Medium,Medio,85.46,85.46,False,False
20,Other,5.16,8.07,7.68,72.37,4.77,9.43,4.27,Low,Medio,87.28,87.27859947932926,False,True
20,Female,7.28,1.14,4.86,85.52,3.74,10.4,3.12,Low,Alto,7.87,7.87,False,False
20,Male,5.66,1.43,6.36,64.0,0.27,10.89,5.23,Low,Alto,23.55,23.55,False,False
16,Male,0.36,5.95,8.94,65.41,0.1,3.81,3.45,Medium,Bajo,86.03,86.03,False,False
20,Male,6.46,9.58,6.95,80.42,3.7,10.36,3.9,Low,Alto,98.87,98.8662391738036,False,True
21,Male,7.91,4.08,4.64,84.94,0.28,11.82,3.91,Low,Alto,20.69,20.69,False,False
16,Female,3.78,4.1,6.29,67.48,1.58,6.39,2.61,Medium,Medio,51.59,51.59,False,False
22,Female,7.76,2.21,6.34,61.32,0.68,12.37,4.61,Low,Alto,9.48,9.48,False,False
16,Female,4.38,7.07,8.01,98.33,4.84,5.87,1.49,Medium,Medio,87.54,87.54,False,False
17,Male,3.68,6.82,8.58,61.1,1.58,9.02,5.34,Medium,Medio,82.36,82.36,False,False
17,Female,2.65,1.91,4.41,60.08,0.28,7.42,4.77,Medium,Bajo,33.9,33.90105782588603,False,True
20,Female,5.26,5.21,5.57,72.93,4.75,8.03,2.77,Low,Medio,51.63,51.63,False,False
22,Male,1.84,7.0,5.49,68.9,3.04,3.97,2.13,Medium,Bajo,86.15,86.15,False,False
16,Female,0.84,5.44,8.98,82.94,0.18,3.78,2.94,Medium,Bajo,98.93,98.93,False,False
16,Male,0.22,7.07,6.8,95.77,4.17,5.25,5.03,Medium,Bajo,92.03,92.03,False,False
16,Male,2.34,8.35,8.4,79.24,0.76,3.5,1.16,Medium,Bajo,94.71,94.71,False,False
21,Female,3.17,7.17,6.13,90.93,4.01,6.51,3.34,Medium,Medio,86.74,86.74,False,False
17,Female,4.42,6.55,7.61,96.37,3.01,6.69,2.27,Medium,Medio,79.76,79.76,False,False
16,Male,2.34,8.68,5.43,67.58,0.89,7.71,5.37,High,Bajo,93.81,93.81,False,False
21,Male,7.09,8.2,7.71,79.53,3.76,10.94,3.85,Low,Alto,79.5,79.5003496762435,False,True
17,Other,2.33,4.5,6.28,85.68,2.27,6.82,4.49,Medium,Bajo,72.11,72.11,False,False
21,Female,3.53,2.56,8.02,73.28,3.19,6.32,2.79,Medium,Medio,55.83,55.83,False,False
23,Female,0.83,8.36,5.28,89.59,4.35,3.48,2.65,High,Bajo,95.86,95.86,False,False
17,Male,2.09,2.92,7.47,88.21,1.3,4.72,2.63,Medium,Bajo,67.67,67.67,False,False
24,Male,0.39,9.36,6.03,76.84,1.83,4.78,4.39,Medium,Bajo,100.0,100.0,False,False
23,Male,4.48,1.21,4.16,63.52,4.99,10.3,5.82,Medium,Medio,31.1,31.1,False,False
16,Male,6.01,9.29,6.07,60.46,2.54,8.05,2.04,Low,Alto,64.26,64.26385639555645,False,True
22,Male,1.57,6.3,6.75,74.77,2.79,5.79,4.22,Medium,Bajo,86.2,86.2,False,False
21,Male,2.94,7.97,4.76,63.28,1.43,5.27,2.33,High,Medio,76.79,76.79,False,False
21,Female,0.13,4.59,4.92,91.26,2.08,3.88,3.75,Medium,Bajo,71.49,71.49,False,False
21,Male,6.72,9.93,6.32,73.37,2.51,10.43,3.71,Low,Alto,85.16,85.16115671708592,False,True
21,Female,6.24,3.05,5.71,86.64,1.29,9.49,3.25,Low,Alto,33.75,33.75,False,False
22,Male,0.51,3.38,6.2,73.86,1.19,4.0,3.49,Medium,Bajo,73.03,73.03,False,False
18,Male,2.92,1.46,6.3,91.84,3.0,8.32,5.4,Medium,Medio,49.42,49.42,False,False
21,Male,7.64,9.46,4.7,95.54,0.92,9.08,1.44,High,Alto,79.17,79.16808324027427,False,True
18,Female,3.14,5.1,4.91,93.5,2.77,8.29,5.15,Medium,Medio,71.06,71.06,False,False
22,Male,4.21,7.07,8.24,79.38,3.53,7.52,3.31,Medium,Medio,79.24,79.24,False,False
22,Other,2.84,7.19,4.81,63.36,0.99,5.51,2.67,High,Medio,70.97,70.97,False,False
23,Female,4.77,8.87,7.33,74.87,3.73,6.66,1.89,Medium,Medio,78.63,78.63,False,False
17,Female,7.83,6.98,6.09,76.98,1.8,12.9,5.07,Low,Alto,43.49,43.49,False,False
24,Male,7.98,6.06,8.84,98.41,4.96,11.94,3.96,Low,Alto,55.98,55.98,False,False
20,Female,6.2,7.39,4.33,82.62,4.9,10.84,4.64,High,Alto,60.61,60.60899595033513,False,True
24,Female,3.23,7.76,8.15,85.63,3.99,5.8,2.57,Medium,Medio,92.74,92.74,False,False
20,Male,3.96,2.67,6.46,91.28,1.71,6.92,2.96,Medium,Medio,56.05,56.05,False,False
22,Female,2.85,1.99,4.03,82.73,4.69,8.42,5.57,Medium,Medio,33.3,33.3,False,False
24,Female,7.88,1.67,5.32,83.94,4.99,13.69,5.81,Low,Alto,8.98,8.98,False,False
19,Female,5.66,4.37,6.04,69.81,2.31,10.36,4.7,Low,Alto,57.16,57.16,False,False
17,Female,3.59,5.48,5.57,62.35,3.07,8.34,4.75,Medium,Medio,59.24,59.24,False,False
24,Female,0.1,6.54,5.81,88.86,0.03,4.57,4.47,Medium,Bajo,94.77,94.77,False,False
17,Female,4.16,9.62,8.58,93.95,0.22,8.1,3.94,Medium,Medio,100.0,100.0,False,False
18,Male,7.87,3.98,5.8,76.48,2.5,11.85,3.98,Low,Alto,24.22,24.22,False,False
17,Female,4.18,7.85,6.09,81.96,3.05,10.0,5.82,Medium,Medio,83.62,83.62,False,False
18,Female,1.46,5.78,7.81,72.29,1.56,6.21,4.75,Medium,Bajo,95.06,95.06,False,False
21,Female,0.18,2.98,7.97,78.01,0.5,4.46,4.28,Medium,Bajo,68.55,68.55,False,False
18,Other,2.84,6.54,4.42,68.36,3.91,4.79,1.95,Medium,Medio,62.37,62.37,False,False
23,Male,6.88,9.08,7.04,90.4,2.09,13.24,6.36,Low,Alto,81.9,81.90289977910561,False,True
21,Male,7.97,2.12,6.41,79.68,3.24,11.57,3.6,Low,Alto,12.87,12.87,False,False
22,Male,7.56,5.57,4.67,81.89,3.25,13.28,5.72,Low,Alto,40.78,40.78,False,False
16,Male,5.84,1.46,5.32,61.48,2.73,10.41,4.57,Low,Alto,20.41,20.41,False,False
18,Male,4.47,3.89,4.23,84.9,0.89,5.67,1.2,Medium,Medio,52.75,52.75,False,False
18,Female,4.73,6.59,5.8,68.11,3.08,8.42,3.69,Medium,Medio,57.43,57.43,False,False
17,Male,4.31,8.57,5.28,75.34,1.61,9.77,5.46,High,Medio,82.17,82.17102272768523,False,True
22,Female,5.66,7.57,5.91,76.51,4.1,6.92,1.26,High,Alto,77.29,77.28852241285136,False,True
24,Female,3.35,5.17,6.9,77.95,0.97,8.68,5.33,Medium,Medio,71.23,71.23,False,False
19,Male,5.35,9.18,7.66,69.1,1.46,9.42,4.07,Low,Medio,100.0,102.20503096870242,True,True
20,Male,0.97,3.72,7.03,94.0,2.2,2.19,1.22,Medium,Bajo,80.22,80.22,False,False
18,Female,2.13,7.79,7.39,77.11,3.7,5.0,2.87,Medium,Bajo,95.29,95.29,False,False
24,Female,6.69,5.27,8.33,84.49,3.6,7.84,1.15,Low,Alto,58.12,58.12,False,False
19,Female,6.74,8.47,7.79,84.56,1.69,8.24,1.5,Low,Alto,91.83,91.82811324049064,False,True
20,Female,4.31,8.18,8.3,84.28,2.55,9.79,5.48,Medium,Medio,95.15,95.15,False,False
16,Other,0.25,9.11,4.77,82.37,1.17,4.99,4.74,High,Bajo,85.9,85.9,False,False
17,Female,7.42,2.93,5.26,92.91,3.85,9.87,2.45,Low,Alto,32.82,32.82109862276665,False,True
24,Female,5.62,7.01,6.51,92.5,0.98,7.19,1.57,Low,Alto,86.81,86.80754348191208,False,True
17,Female,3.31,7.65,5.79,76.69,4.1,4.58,1.27,High,Medio,92.64,92.64,False,False
20,Female,4.79,7.68,4.66,85.43,4.68,10.38,5.59,High,Medio,68.88,68.88,False,False
23,Male,3.44,5.54,5.44,64.11,4.96,7.57,4.13,Medium,Medio,50.48,50.48,False,False
18,Other,3.72,1.1,8.88,63.63,4.28,5.52,1.8,Medium,Medio,53.99,53.99,False,False
21,Male,7.09,3.35,5.73,79.2,1.11,11.5,4.41,Low,Alto,22.94,22.94,False,False
19,Female,1.29,3.91,6.09,96.01,2.08,7.28,5.99,Medium,Bajo,81.0,81.0,False,False
22,Male,0.83,8.67,4.03,86.0,0.44,5.77,4.94,High,Bajo,95.12,95.12,False,False
18,Male,0.02,8.57,7.6,86.77,0.82,3.25,3.23,Medium,Bajo,100.0,100.0,False,False
21,Male,2.51,1.94,6.07,66.31,0.25,7.58,5.07,Medium,Bajo,37.19,37.19,False,False
24,Male,1.18,9.55,4.52,78.13,3.21,5.9,4.72,High,Bajo,99.44,99.44,False,False
16,Male,1.76,2.64,8.84,76.03,2.67,3.2,1.44,Medium,Bajo,66.49,66.49,False,False
18,Female,0.09,4.73,7.89,91.32,4.59,5.72,5.63,Medium,Bajo,89.55,89.55,False,False
17,Male,1.82,2.94,7.63,65.51,2.32,7.24,5.42,Medium,Bajo,63.48,63.48,False,False
23,Male,2.66,8.74,8.79,81.57,3.21,6.61,3.95,Medium,Bajo,92.77,92.77,False,False
22,Male,0.25,7.74,6.04,96.45,2.01,3.79,3.54,Medium,Bajo,100.0,100.0,False,False
17,Female,4.86,4.18,7.59,95.7,4.15,7.0,2.14,Medium,Medio,56.39,56.39,False,False
21,Male,4.55,7.14,5.03,94.09,4.63,9.72,5.17,High,Medio,72.45,72.45,False,False
18,Male,0.78,2.66,7.49,75.0,2.16,3.94,3.16,Medium,Bajo,63.36,63.36,False,False
23,Female,4.76,4.44,4.07,97.64,0.41,8.66,3.9,Medium,Medio,55.78,55.78,False,False
18,Female,7.99,4.39,4.63,92.21,0.82,9.84,1.85,Low,Alto,31.48,31.48,False,False
24,Male,7.56,3.14,6.13,94.05,3.6,9.63,2.07,Low,Alto,40.69,40.68892407475515,False,True
16,Male,0.02,8.89,4.06,97.29,1.63,5.95,5.93,High,Bajo,98.22,98.22,False,False
20,Male,6.36,7.11,6.31,97.48,3.93,9.83,3.47,Low,Alto,69.06,69.06381044261325,False,True
18,Other,2.83,3.52,6.61,69.6,3.75,7.91,5.08,Medium,Medio,61.83,61.832764025623824,False,True
21,Male,0.51,3.18,7.11,65.11,3.47,5.66,5.15,Medium,Bajo,63.38,63.38,False,False
17,Female,2.37,1.16,4.5,87.63,4.07,8.28,5.91,Medium,Bajo,55.04,55.04320690964128,False,True
24,Male,2.57,4.12,4.91,82.53,3.78,8.48,5.91,Medium,Bajo,77.11,77.10839948150051,False,True
21,Female,4.19,5.74,7.07,73.1,3.16,7.47,3.28,Medium,Medio,70.35,70.35,False,False
22,Male,5.29,3.5,7.29,87.38,0.02,11.04,5.75,Low,Medio,55.62,55.62,False,False
20,Male,5.99,7.3,4.13,62.48,2.58,8.82,2.83,High,Alto,60.55,60.55314454059129,False,True
24,Male,1.97,4.71,6.7,61.89,2.98,6.01,4.04,Medium,Bajo,84.76,84.76320153940233,False,True
16,Male,2.57,3.85,7.92,74.17,4.8,7.68,5.11,Medium,Bajo,58.05,58.05,False,False
20,Male,2.47,9.45,4.35,67.75,3.25,8.04,5.57,High,Bajo,83.05,83.05,False,False
21,Female,2.9,3.37,6.07,88.74,2.88,6.52,3.62,Medium,Medio,64.76,64.76,False,False
22,Other,8.0,4.58,5.63,97.92,2.71,11.09,3.09,Low,Alto,37.73,37.73,False,False
19,Male,6.22,4.44,8.57,86.47,0.52,10.86,4.64,Low,Alto,53.12,53.12,False,False
16,Female,7.8,3.17,4.93,86.19,2.14,11.08,3.28,Low,Alto,14.49,14.49,False,False
23,Other,5.54,2.96,5.59,60.26,0.67,9.9,4.36,Low,Alto,31.76,31.76,False,False
19,Female,3.25,3.72,8.49,80.49,0.26,8.27,5.02,Medium,Medio,66.54,66.54,False,False
18,Male,3.12,8.78,5.65,92.68,1.65,8.33,5.21,High,Medio,96.77,96.77,False,False
22,Female,3.91,7.9,6.66,86.16,3.23,6.18,2.27,Medium,Medio,97.28,97.27794382951768,False,True
17,Male,3.33,7.13,4.17,69.11,4.33,7.19,3.86,High,Medio,75.78,75.78,False,False
23,Female,6.63,5.11,8.92,93.94,4.05,7.76,1.13,Low,Alto,65.93,65.93,False,False
21,Male,3.72,5.57,8.12,98.58,1.47,8.71,4.99,Medium,Medio,79.75,79.75,False,False
22,Male,2.36,3.4,7.17,71.16,0.23,3.99,1.63,Medium,Bajo,64.92,64.92,False,False
20,Male,6.2,1.67,4.3,68.28,2.01,11.56,5.36,Low,Alto,32.09,32.08635802955138,False,True
24,Male,6.84,3.98,4.37,73.54,1.57,9.87,3.03,Low,Alto,25.64,25.64,False,False
20,Female,3.36,5.46,6.72,62.53,1.86,5.2,1.84,Medium,Medio,66.96,66.96,False,False
20,Male,5.34,1.52,5.43,94.94,2.8,10.32,4.98,Low,Medio,34.62,34.62,False,False
18,Female,0.47,1.79,7.11,97.17,0.15,2.47,2.0,Medium,Bajo,67.77,67.77,False,False
16,Male,4.24,3.37,6.99,85.33,1.85,7.21,2.97,Medium,Medio,51.95,51.95,False,False
17,Male,0.36,4.3,8.19,90.57,2.79,4.19,3.83,Medium,Bajo,91.84,91.84,False,False
23,Female,0.23,4.54,5.41,86.75,2.15,3.03,2.8,Medium,Bajo,77.89,77.89052381901317,False,True
16,Other,4.9,2.06,6.89,75.09,3.34,6.8,1.9,Medium,Medio,50.04,50.04,False,False
22,Male,2.43,3.03,7.89,85.28,0.93,5.46,3.03,Medium,Bajo,75.94,75.94,False,False
20,Male,5.94,3.35,6.45,93.45,0.77,7.66,1.72,Low,Alto,46.24,46.24,False,False
18,Female,7.17,1.61,8.15,92.4,1.54,11.77,4.6,Low,Alto,31.61,31.61,False,False
22,Male,1.12,3.93,4.66,63.24,0.51,2.98,1.86,Medium,Bajo,59.94,59.94,False,False
24,Female,5.8,1.65,7.67,78.5,1.18,9.21,3.41,Low,Alto,36.55,36.55,False,False
17,Female,4.12,7.33,8.71,75.89,0.43,7.92,3.8,Medium,Medio,90.26,90.26,False,False
23,Male,0.9,4.47,5.66,90.08,2.01,6.63,5.73,Medium,Bajo,71.36,71.36,False,False
24,Male,5.21,3.94,5.83,80.06,3.56,6.6,1.39,Low,Medio,54.53,54.53,False,False
18,Male,4.88,2.14,4.42,73.99,1.43,10.53,5.65,Medium,Medio,36.28,36.28,False,False
17,Male,4.13,3.04,7.21,88.25,0.02,6.17,2.04,Medium,Medio,56.24,56.24,False,False
22,Female,7.41,3.09,6.76,78.94,2.79,12.61,5.2,Low,Alto,32.9,32.9,False,False
20,Female,4.17,9.87,4.2,70.26,3.46,5.62,1.45,High,Medio,75.5,75.5,False,False
20,Female,7.53,8.1,7.37,95.62,1.96,13.86,6.33,Low,Alto,75.66,75.66088797658698,False,True
20,Female,4.07,1.14,8.15,64.52,1.48,9.11,5.04,Medium,Medio,53.46,53.46,False,False
19,Male,0.93,6.55,8.54,60.72,2.45,2.24,1.31,Medium,Bajo,95.85,95.85,False,False
20,Female,3.76,3.3,6.73,65.76,0.51,5.83,2.07,Medium,Medio,54.36,54.36,False,False
19,Male,1.46,1.94,6.26,66.55,3.22,5.2,3.74,Medium,Bajo,58.46,58.46,False,False
21,Female,4.78,7.35,8.38,81.52,3.67,8.4,3.62,Medium,Medio,80.8,80.8,False,False
19,Male,5.55,2.18,5.99,84.99,3.52,9.7,4.15,Low,Alto,36.24,36.24,False,False
17,Female,3.75,4.99,7.28,77.94,1.64,7.07,3.32,Medium,Medio,64.05,64.05,False,False
24,Female,0.78,6.69,7.08,68.17,4.21,5.45,4.67,Medium,Bajo,90.79,90.79,False,False
17,Male,3.75,5.99,5.86,65.29,4.73,6.49,2.74,Medium,Medio,69.67,69.67,False,False
24,Male,0.65,9.8,4.43,79.69,1.49,2.53,1.88,High,Bajo,98.12,98.12,False,False
21,Female,5.46,8.07,4.11,82.62,1.31,6.63,1.17,High,Medio,79.28,79.27524265416011,False,True
24,Male,6.32,7.97,6.14,72.16,3.52,8.94,2.62,Low,Alto,73.16,73.1614876858559,False,True
24,Female,7.7,4.2,6.41,68.82,3.54,10.83,3.13,Low,Alto,28.42,28.42,False,False
18,Female,1.19,1.08,8.11,63.22,2.55,5.49,4.3,Medium,Bajo,65.2,65.20422943760231,False,True
16,Female,4.26,7.61,6.07,61.05,4.62,9.29,5.03,Medium,Medio,69.54,69.54,False,False
16,Male,4.54,10.0,5.41,64.23,0.73,6.74,2.2,High,Medio,87.57,87.5658099368652,False,True
18,Female,7.38,4.65,6.31,89.68,2.39,10.85,3.47,Low,Alto,42.97,42.97,False,False
20,Male,5.02,9.87,5.19,73.76,0.18,7.19,2.17,High,Medio,85.19,85.19470312082487,False,True
18,Male,1.16,2.28,4.46,61.1,0.26,6.92,5.76,Medium,Bajo,54.73,54.73,False,False
24,Female,3.49,3.67,4.57,80.33,0.27,7.73,4.24,Medium,Medio,46.58,46.58,False,False
24,Female,5.24,2.54,5.6,81.44,2.46,9.63,4.39,Low,Medio,49.03,49.02517687849388,False,True
18,Male,5.6,5.28,4.06,77.15,2.94,9.26,3.66,Low,Alto,55.62,55.62,False,False
18,Male,6.9,8.17,5.1,64.43,0.02,9.31,2.41,High,Alto,63.19,63.187852631236105,False,True
20,Female,1.44,4.07,7.94,90.2,3.16,3.44,2.0,Medium,Bajo,78.12,78.12,False,False
17,Female,7.61,9.16,5.17,87.56,2.45,11.89,4.28,High,Alto,71.53,71.53113827581981,False,True
21,Female,0.47,5.9,4.55,75.79,1.12,6.08,5.61,Medium,Bajo,77.12,77.12,False,False
22,Male,7.87,5.19,8.75,75.23,0.08,9.93,2.06,Low,Alto,46.84,46.84,False,False
24,Female,6.86,8.08,7.11,66.24,0.78,10.72,3.86,Low,Alto,76.43,76.4345615524647,False,True
21,Female,5.28,1.91,4.3,90.14,3.0,8.93,3.65,Low,Medio,27.88,27.88,False,False
18,Female,5.88,7.96,4.31,83.98,3.29,10.09,4.21,High,Alto,70.5,70.50114415436701,False,True
20,Female,0.58,3.19,7.06,63.43,3.24,4.52,3.94,Medium,Bajo,68.25,68.25,False,False
19,Male,0.33,3.53,6.7,75.12,0.77,2.69,2.36,Medium,Bajo,75.33,75.33,False,False
20,Other,0.81,6.4,4.34,96.14,4.56,5.27,4.46,Medium,Bajo,84.33,84.33,False,False
23,Male,0.7,9.12,5.12,78.09,2.05,3.06,2.36,High,Bajo,97.1,97.1,False,False
23,Male,4.38,6.21,8.65,73.0,3.84,8.64,4.26,Medium,Medio,77.04,77.04,False,False
21,Female,1.72,6.84,6.86,85.75,0.83,4.22,2.5,Medium,Bajo,98.36,98.36,False,False
16,Female,6.88,7.99,6.2,68.12,2.35,8.29,1.41,Low,Alto,55.71,55.71096316223149,False,True
23,Female,3.57,3.33,5.25,80.95,2.61,5.21,1.64,Medium,Medio,46.82,46.82,False,False
23,Female,5.56,8.45,4.67,86.78,3.85,10.73,5.17,High,Alto,82.37,82.3701497652394,False,True
17,Male,5.22,4.76,6.01,94.2,3.11,6.83,1.61,Low,Medio,60.46,60.46,False,False
19,Female,2.56,2.58,8.61,87.7,2.0,5.21,2.65,Medium,Bajo,78.9,78.9,False,False
17,Male,1.95,4.15,4.24,75.38,1.41,4.39,2.44,Medium,Bajo,63.46,63.46,False,False
19,Female,2.74,3.22,8.95,90.71,4.86,4.03,1.29,Medium,Bajo,74.49,74.49,False,False
22,Male,6.37,3.06,5.04,95.94,1.42,10.37,4.0,Low,Alto,31.82,31.82,False,False
24,Female,4.69,3.54,6.04,79.11,0.65,9.68,4.99,Medium,Medio,52.1,52.1,False,False
23,Male,2.03,2.63,4.23,60.18,1.5,7.99,5.96,Medium,Bajo,39.48,39.48,False,False
24,Female,6.54,7.01,6.92,95.24,1.63,12.22,5.68,Low,Alto,78.97,78.97059626672973,False,True
23,Female,0.44,6.22,6.42,66.62,0.64,1.69,1.25,Medium,Bajo,77.65,77.65,False,False
17,Male,5.59,6.84,7.33,65.05,3.54,7.88,2.29,Low,Alto,52.88,52.88,False,False
22,Female,3.51,4.09,6.71,72.31,3.1,6.57,3.06,Medium,Medio,82.55,82.54653785223002,False,True
17,Female,5.85,7.93,5.99,75.2,1.58,11.23,5.38,High,Alto,83.53,83.53029808298817,False,True
17,Female,7.42,2.17,7.69,91.98,4.97,10.22,2.8,Low,Alto,34.99,34.99,False,False
19,Female,6.0,6.14,4.13,75.57,3.28,9.85,3.85,Low,Alto,51.18,51.18,False,False
16,Male,3.54,3.48,6.71,61.95,3.52,7.84,4.3,Medium,Medio,60.11,60.11,False,False
20,Male,1.21,5.75,4.57,85.44,2.79,3.7,2.49,Medium,Bajo,81.56,81.56,False,False
21,Male,6.45,3.91,6.18,86.85,2.76,10.36,3.91,Low,Alto,45.81,45.81,False,False
24,Male,3.69,8.11,7.96,92.57,0.1,4.94,1.25,Medium,Medio,91.59,91.59,False,False
23,Male,0.6,9.02,4.71,75.95,3.85,4.0,3.4,High,Bajo,93.95,93.95,False,False
17,Female,5.75,7.68,8.68,63.44,4.55,8.64,2.89,Low,Alto,69.59,69.58752044641787,False,True
16,Male,2.33,2.58,8.44,82.12,0.61,5.11,2.78,Medium,Bajo,76.04,76.04229928395301,False,True
17,Male,0.39,3.47,6.07,64.84,3.98,2.56,2.17,Medium,Bajo,68.9,68.90291339127616,False,True
22,Male,7.22,9.27,4.03,60.68,2.67,12.31,5.09,High,Alto,63.51,63.51456627958855,False,True
19,Female,3.86,4.93,7.95,91.14,1.43,9.27,5.41,Medium,Medio,77.7,77.7,False,False
20,Female,2.25,9.47,8.4,76.14,4.6,7.69,5.44,Medium,Bajo,100.0,100.0,False,False
22,Male,5.73,4.53,4.87,81.0,0.09,8.71,2.98,Low,Alto,48.68,48.68,False,False
18,Female,6.46,8.72,7.82,86.51,1.37,9.39,2.93,Low,Alto,90.95,90.94979225653108,False,True
17,Male,0.0,9.33,8.57,76.04,4.43,1.49,1.49,Medium,Bajo,100.0,100.0,False,False
22,Other,5.5,6.94,6.36,62.05,2.41,9.86,4.36,Low,Alto,56.7,56.7,False,False
20,Female,6.14,1.08,7.99,70.11,2.99,8.79,2.65,Low,Alto,28.16,28.16,False,False
16,Male,1.68,4.6,6.22,67.77,3.75,4.06,2.38,Medium,Bajo,71.92,71.92,False,False
16,Female,3.92,9.2,6.82,99.1,0.74,6.78,2.86,Medium,Medio,91.62,91.62,False,False
24,Female,0.71,8.97,5.6,89.58,1.08,4.48,3.77,High,Bajo,99.83,99.83,False,False
20,Male,5.97,2.69,4.8,78.06,4.99,7.78,1.81,Low,Alto,39.19,39.193113266029,False,True
16,Female,6.78,4.59,7.73,62.53,1.19,12.59,5.81,Low,Alto,37.33,37.33,False,False
22,Male,0.87,8.52,4.01,64.63,2.7,5.53,4.66,High,Bajo,81.61,81.61,False,False
24,Male,6.53,6.2,6.9,92.52,1.49,7.76,1.23,Low,Alto,72.37,72.37486187229676,False,True
16,Male,6.14,8.59,8.27,97.82,4.26,8.7,2.56,Low,Alto,100.0,105.6783307572632,True,True
19,Male,2.78,8.44,5.11,61.25,4.81,4.03,1.25,High,Bajo,84.34,84.34,False,False
18,Male,5.52,9.17,5.66,96.42,0.71,7.67,2.15,High,Alto,94.53,94.52542434084218,False,True
20,Female,0.0,2.05,6.94,75.22,3.0,2.43,2.43,Medium,Bajo,69.45,69.45,False,False
22,Male,7.45,2.31,5.23,68.55,4.06,12.04,4.59,Low,Alto,14.23,14.23,False,False
23,Male,4.4,1.75,8.24,64.09,4.12,8.99,4.59,Medium,Medio,54.17,54.17,False,False
17,Female,4.96,9.42,5.83,90.87,2.2,6.19,1.23,High,Medio,92.81,92.81,False,False
22,Female,5.32,5.28,6.91,78.76,1.13,9.26,3.94,Low,Medio,58.04,58.04,False,False
16,Other,4.49,1.58,5.13,93.3,1.94,10.29,5.8,Medium,Medio,40.22,40.22,False,False
22,Female,6.85,3.89,4.21,69.05,3.76,10.99,4.14,Low,Alto,21.73,21.73,False,False
23,Other,4.88,4.16,4.87,87.14,4.97,10.68,5.8,Medium,Medio,48.54,48.54,False,False
17,Female,7.26,8.29,4.23,64.72,2.77,10.16,2.9,High,Alto,49.82,49.81814717079106,False,True
24,Other,4.66,7.62,6.34,63.59,0.98,7.96,3.3,Medium,Medio,67.11,67.11,False,False
16,Female,1.37,7.2,6.93,65.34,0.21,4.85,3.48,Medium,Bajo,96.28,96.28,False,False
21,Male,7.31,1.2,4.22,92.36,4.72,12.93,5.62,Low,Alto,7.14,7.14,False,False
16,Male,5.45,9.2,4.45,86.22,2.42,8.35,2.9,High,Medio,85.67,85.66926106554389,False,True
18,Female,5.59,2.94,6.43,66.64,3.58,11.51,5.92,Low,Alto,39.71,39.71,False,False
21,Male,7.88,6.66,8.0,75.39,3.3,11.6,3.72,Low,Alto,48.89,48.89,False,False
18,Male,0.6,1.56,7.14,90.55,4.45,2.69,2.09,Medium,Bajo,69.91,69.91,False,False
23,Female,3.43,1.73,4.52,71.43,1.33,4.95,1.52,Medium,Medio,43.17,43.17,False,False
20,Female,1.91,1.09,8.44,96.85,2.21,3.77,1.86,Medium,Bajo,65.99,65.99,False,False
17,Male,5.04,6.09,8.59,96.58,4.57,6.24,1.2,Low,Medio,82.7,82.70191863123239,False,True
19,Female,6.45,6.66,5.62,82.12,2.93,10.91,4.46,Low,Alto,54.54,54.54,False,False
24,Female,7.73,1.45,7.08,85.28,0.36,11.31,3.58,Low,Alto,16.3,16.3,False,False
19,Other,3.64,3.61,6.46,86.13,0.97,8.33,4.69,Medium,Medio,67.62,67.62,False,False
23,Female,6.11,8.42,8.47,70.34,1.19,11.2,5.09,Low,Alto,86.6,86.60054332290531,False,True
20,Female,7.34,1.91,6.54,74.61,4.97,13.0,5.66,Low,Alto,24.79,24.79,False,False
16,Female,5.47,2.95,8.8,65.44,1.12,7.05,1.58,Low,Alto,39.46,39.46,False,False
22,Male,1.94,4.82,5.0,96.99,4.35,3.87,1.93,Medium,Bajo,73.75,73.75,False,False
18,Female,4.86,8.58,5.73,88.95,0.39,8.6,3.74,High,Medio,74.23,74.23,False,False
23,Female,7.76,3.29,7.91,61.85,0.91,9.41,1.65,Low,Alto,20.48,20.48,False,False
18,Female,7.05,8.89,7.06,81.98,4.36,9.36,2.31,Low,Alto,82.64,82.64342271053374,False,True
16,Female,5.14,4.2,7.66,73.72,4.49,9.47,4.33,Low,Medio,56.49,56.49,False,False
20,Male,7.1,4.48,8.3,92.61,0.88,11.72,4.62,Low,Alto,57.69,57.69,False,False
17,Female,1.6,2.1,7.51,73.75,1.15,6.82,5.22,Medium,Bajo,64.71,64.71,False,False
19,Male,1.97,7.12,7.18,85.77,2.65,7.55,5.58,Medium,Bajo,97.05,97.05,False,False
16,Male,7.62,3.19,6.29,66.63,0.26,10.83,3.21,Low,Alto,23.92,23.92,False,False
24,Male,1.08,6.66,6.34,82.35,4.73,6.98,5.9,Medium,Bajo,89.14,89.14,False,False
21,Male,1.53,3.01,6.03,71.76,1.81,2.72,1.19,Medium,Bajo,64.8,64.8,False,False
23,Female,3.36,4.49,7.1,66.6,2.45,8.71,5.35,Medium,Medio,73.44,73.44,False,False
19,Male,4.72,8.71,6.03,84.77,0.53,7.33,2.61,Medium,Medio,83.24,83.24,False,False
24,Male,4.83,7.65,4.74,85.55,0.16,10.44,5.61,High,Medio,79.73,79.73,False,False
17,Female,2.34,2.39,4.53,99.33,2.34,4.45,2.11,Medium,Bajo,55.22,55.22,False,False
24,Male,7.36,6.47,8.62,86.76,0.61,12.06,4.7,Low,Alto,56.29,56.29,False,False
20,Male,7.32,6.66,4.12,80.63,3.15,10.45,3.13,Low,Alto,53.49,53.49459617228834,False,True
21,Male,3.14,1.82,4.53,96.5,3.97,6.05,2.91,Medium,Medio,53.18,53.18,False,False
18,Male,3.47,5.19,6.23,93.13,0.16,4.77,1.3,Medium,Medio,68.59,68.59,False,False
19,Male,5.62,3.35,5.31,81.95,3.06,10.15,4.53,Low,Alto,41.1,41.1,False,False
21,Male,5.3,5.2,6.03,80.45,4.08,7.18,1.88,Low,Medio,54.73,54.73,False,False
22,Female,3.06,7.99,4.59,97.68,2.2,6.37,3.31,High,Medio,77.99,77.99,False,False
16,Male,3.31,2.42,4.65,84.69,4.8,5.02,1.71,Medium,Medio,49.3,49.2950940743349,False,True
22,Male,2.78,2.11,8.0,88.55,0.56,6.8,4.02,Medium,Bajo,60.93,60.93,False,False
16,Female,1.88,3.42,7.8,63.47,1.61,4.04,2.16,Medium,Bajo,76.36,76.36,False,False
20,Male,3.67,9.57,4.52,88.73,1.15,7.64,3.97,High,Medio,92.31,92.31,False,False
21,Female,5.49,7.73,7.34,70.59,4.98,11.22,5.73,Low,Alto,78.59,78.59394826200412,False,True
17,Female,5.94,1.18,7.05,64.62,1.47,11.54,5.6,Low,Alto,28.51,28.51261188623484,False,True
24,Male,6.23,4.61,7.57,93.99,1.94,8.23,2.0,Low,Alto,50.67,50.67,False,False
21,Female,3.0,3.32,6.37,87.65,4.24,4.5,1.5,Medium,Medio,56.51,56.51,False,False
22,Male,6.12,6.74,5.35,76.3,4.65,7.33,1.21,Low,Alto,50.04,50.04,False,False
23,Male,0.05,5.13,7.32,77.26,4.69,5.19,5.14,Medium,Bajo,73.09,73.09,False,False
16,Female,3.82,9.68,5.86,67.88,2.79,6.07,2.25,High,Medio,83.2,83.1992553483574,False,True
23,Female,6.35,2.97,5.09,60.38,3.32,8.77,2.42,Low,Alto,11.49,11.49,False,False
19,Female,5.04,6.29,6.04,73.97,1.75,7.17,2.13,Low,Medio,53.71,53.71,False,False
23,Female,3.79,7.3,7.82,65.94,3.04,8.99,5.2,Medium,Medio,85.94,85.94,False,False
21,Male,5.16,8.43,6.38,76.87,1.51,11.05,5.89,Low,Medio,98.99,98.99170127340872,False,True
24,Female,7.26,4.66,5.5,93.35,3.73,12.04,4.78,Low,Alto,48.94,48.94,False,False
19,Female,4.53,7.18,8.16,64.59,1.54,9.65,5.12,Medium,Medio,77.06,77.06,False,False
17,Other,6.4,3.73,8.41,63.67,4.4,10.5,4.1,Low,Alto,38.86,38.86,False,False
17,Female,7.85,4.92,6.17,96.08,0.72,11.49,3.64,Low,Alto,36.88,36.88,False,False
20,Female,5.64,9.06,5.87,89.81,2.86,10.25,4.61,High,Alto,100.0,101.46972828512352,True,True
24,Male,4.59,9.55,7.06,62.12,2.6,5.77,1.18,Medium,Medio,94.84,94.84,False,False
18,Female,0.3,7.47,4.29,63.18,1.32,1.61,1.31,High,Bajo,75.65,75.65,False,False
23,Male,3.0,4.37,7.46,87.4,0.14,7.44,4.44,Medium,Medio,71.9,71.9,False,False
19,Male,4.52,8.38,7.91,74.81,0.74,7.2,2.68,Medium,Medio,85.63,85.63,False,False
21,Female,6.38,1.23,5.99,88.97,4.84,9.82,3.44,Low,Alto,25.36,25.36,False,False
21,Male,3.5,1.92,4.87,76.18,4.71,8.41,4.91,Medium,Medio,30.71,30.71,False,False
18,Other,7.68,6.95,4.14,98.71,0.6,11.57,3.89,Low,Alto,43.93,43.93,False,False
20,Male,2.17,3.62,7.19,87.78,1.87,7.2,5.03,Medium,Bajo,63.66,63.66,False,False
18,Female,5.96,9.56,5.34,61.86,2.33,9.06,3.1,High,Alto,90.8,90.79729572168176,False,True
16,Male,3.35,4.92,6.32,73.22,2.39,5.79,2.44,Medium,Medio,67.36,67.36,False,False
22,Male,3.89,4.86,5.93,82.54,1.49,6.06,2.17,Medium,Medio,67.88,67.88,False,False
19,Male,6.42,7.1,4.87,65.67,4.56,8.08,1.66,High,Alto,52.29,52.2946666647188,False,True
22,Female,2.37,7.91,6.54,60.1,4.54,3.55,1.18,Medium,Bajo,82.11,82.11,False,False
18,Male,0.77,5.28,6.3,63.17,0.09,2.04,1.27,Medium,Bajo,84.69,84.69,False,False
20,Female,4.16,2.93,7.12,80.97,3.25,6.51,2.35,Medium,Medio,58.5,58.5,False,False
20,Male,4.23,7.96,5.26,85.29,0.37,6.62,2.39,High,Medio,79.1,79.1,False,False
17,Male,6.38,3.88,5.07,63.72,2.99,9.29,2.91,Low,Alto,37.16,37.16,False,False
17,Male,7.75,2.58,8.07,86.61,4.33,11.71,3.96,Low,Alto,40.4,40.4,False,False
19,Male,0.44,6.68,7.51,84.68,3.25,5.24,4.8,Medium,Bajo,100.0,100.0,False,False
19,Female,4.73,1.81,7.86,97.6,2.34,6.72,1.99,Medium,Medio,56.25,56.25,False,False
19,Female,5.45,9.74,4.62,93.63,4.79,10.25,4.8,High,Medio,97.09,97.08827377183812,False,True
21,Male,7.89,6.69,5.12,97.73,3.73,9.58,1.69,Low,Alto,43.97,43.97,False,False
17,Female,7.14,9.35,6.51,98.64,1.25,13.48,6.34,Low,Alto,86.04,86.04397280172678,False,True
21,Female,5.7,4.05,8.29,77.63,1.93,8.13,2.43,Low,Alto,56.94,56.94,False,False
22,Male,4.17,9.74,8.46,79.52,3.8,9.36,5.19,Medium,Medio,100.0,100.0,False,False
18,Male,1.29,2.31,8.16,71.26,0.1,3.24,1.95,Medium,Bajo,79.22,79.21673264135691,False,True
23,Female,3.07,1.37,4.22,80.34,0.32,8.82,5.75,Medium,Medio,37.74,37.74,False,False
17,Male,4.68,1.3,8.1,66.03,4.3,9.81,5.13,Medium,Medio,26.11,26.11,False,False
23,Male,5.8,5.18,8.5,86.86,0.21,8.6,2.8,Low,Alto,66.58,66.58,False,False
20,Male,5.08,1.75,4.28,61.0,3.39,8.19,3.11,Low,Medio,23.56,23.56,False,False
17,Female,5.71,5.61,6.08,69.43,1.59,6.73,1.02,Low,Alto,52.16,52.16,False,False
22,Male,3.43,3.95,6.68,68.32,4.13,5.69,2.26,Medium,Medio,77.59,77.59284015163188,False,True
17,Male,5.82,4.02,5.16,97.52,4.24,8.27,2.45,Low,Alto,47.72,47.72,False,False
21,Male,1.15,6.72,6.58,65.8,4.77,4.41,3.26,Medium,Bajo,84.89,84.89,False,False
18,Male,1.3,2.47,8.43,95.63,0.48,3.0,1.7,Medium,Bajo,82.7,82.7,False,False
24,Male,1.3,7.9,8.33,64.97,2.11,4.69,3.39,Medium,Bajo,100.0,100.0,False,False
18,Female,7.13,6.24,8.7,86.03,2.87,11.47,4.34,Low,Alto,65.55,65.55,False,False
18,Male,0.61,9.23,6.42,72.8,4.58,3.47,2.86,Medium,Bajo,98.96,98.96,False,False
20,Female,6.41,4.28,6.05,72.64,1.33,8.57,2.16,Low,Alto,35.14,35.14,False,False
22,Male,1.87,9.84,7.33,99.93,0.36,5.61,3.74,Medium,Bajo,100.0,100.0,False,False
23,Female,3.75,6.18,6.08,69.04,1.01,4.9,1.15,Medium,Medio,58.94,58.94,False,False
22,Female,7.33,9.76,4.21,68.1,2.48,10.03,2.7,High,Alto,66.12,66.12387710859605,False,True
24,Male,4.69,1.24,7.6,83.57,3.41,8.33,3.64,Medium,Medio,50.55,50.55,False,False
20,Female,1.68,7.55,5.4,89.63,3.45,4.36,2.68,High,Bajo,90.8,90.8,False,False
18,Female,2.27,8.35,4.25,99.3,0.37,5.0,2.73,High,Bajo,83.27,83.27,False,False
21,Female,7.36,1.48,4.1,88.06,3.81,12.6,5.24,Low,Alto,9.12,9.12,False,False
20,Male,3.42,6.21,8.66,82.47,3.3,9.09,5.67,Medium,Medio,85.09,85.09,False,False
19,Other,4.7,8.22,5.26,76.37,2.04,9.84,5.14,High,Medio,69.16,69.16,False,False
17,Female,3.68,6.05,6.24,83.8,2.86,5.17,1.49,Medium,Medio,72.64,72.64,False,False
22,Other,3.03,1.57,8.75,84.03,3.84,5.48,2.45,Medium,Medio,60.34,60.34,False,False
20,Female,1.79,7.24,6.34,68.71,1.31,6.35,4.56,Medium,Bajo,89.63,89.63,False,False
19,Male,5.49,1.55,4.39,86.85,4.7,11.36,5.87,Low,Alto,26.74,26.74,False,False
23,Female,5.75,8.36,6.76,68.18,0.69,7.96,2.21,Low,Alto,88.63,88.62822128891695,False,True
24,Female,2.2,1.39,4.44,79.6,4.51,7.69,5.49,Medium,Bajo,44.34,44.34,False,False
24,Other,6.31,2.24,4.48,70.39,3.7,11.01,4.7,Low,Alto,16.82,16.82,False,False
18,Male,6.84,3.48,8.26,72.51,3.3,12.76,5.92,Low,Alto,43.67,43.67,False,False
18,Female,7.37,6.7,5.45,84.56,0.41,8.84,1.47,Low,Alto,47.05,47.05,False,False
20,Male,1.29,9.79,7.39,62.58,4.6,4.26,2.97,Medium,Bajo,100.0,100.0,False,False
20,Female,2.43,2.06,6.54,60.48,1.48,5.82,3.39,Medium,Bajo,54.16,54.16,False,False
17,Male,6.88,2.28,5.11,65.22,3.73,11.24,4.36,Low,Alto,24.3,24.3,False,False
16,Male,1.59,4.32,6.59,66.75,4.42,5.86,4.27,Medium,Bajo,67.6,67.6,False,False
23,Female,0.03,8.53,4.34,67.91,1.22,5.56,5.53,High,Bajo,97.56,97.56,False,False
18,Male,6.97,5.21,5.74,90.96,4.57,12.16,5.19,Low,Alto,44.38,44.38,False,False
16,Female,2.61,3.89,6.61,77.87,3.06,3.89,1.28,Medium,Bajo,64.42,64.42,False,False
16,Female,3.32,6.05,5.14,78.8,3.3,6.75,3.43,Medium,Medio,63.35,63.35,False,False
17,Male,3.57,3.34,7.3,85.77,4.57,6.61,3.04,Medium,Medio,65.21,65.21,False,False
21,Male,6.79,4.61,4.26,89.16,2.63,12.78,5.99,Low,Alto,28.95,28.95,False,False
21,Female,2.7,3.99,6.42,60.14,2.2,5.84,3.14,Medium,Bajo,61.48,61.48,False,False
18,Male,7.14,8.24,7.57,94.27,3.17,11.55,4.41,Low,Alto,84.12,84.12474041044271,False,True
19,Female,4.94,9.32,6.15,99.54,2.77,7.36,2.42,Medium,Medio,86.85,86.85,False,False
17,Other,4.22,7.84,8.37,64.87,0.31,8.29,4.07,Medium,Medio,88.05,88.05,False,False
17,Male,2.6,4.95,7.16,86.04,0.9,4.63,2.03,Medium,Bajo,76.18,76.18,False,False
22,Male,1.95,5.54,8.79,60.1,0.07,5.97,4.02,Medium,Bajo,79.02,79.02,False,False
16,Male,4.99,2.13,5.42,61.96,0.54,10.33,5.34,Medium,Medio,31.35,31.35,False,False
22,Female,3.58,7.72,8.69,71.4,3.65,4.68,1.1,Medium,Medio,88.03,88.03,False,False
16,Male,7.28,6.37,7.03,93.86,0.02,10.8,3.52,Low,Alto,59.7,59.7,False,False
21,Male,3.93,9.12,7.73,86.1,1.52,9.84,5.91,Medium,Medio,94.07,94.07,False,False
18,Female,4.09,2.81,8.51,77.83,2.25,5.89,1.8,Medium,Medio,60.2,60.2,False,False
23,Female,3.33,7.84,6.76,77.54,4.69,5.25,1.92,Medium,Medio,79.91,79.91,False,False
21,Male,6.31,7.16,8.31,78.64,1.64,9.66,3.35,Low,Alto,84.36,84.3613211004813,False,True
17,Male,3.4,3.39,6.71,72.44,3.92,8.75,5.35,Medium,Medio,56.49,56.49,False,False
23,Other,2.15,7.01,7.0,95.11,2.04,5.96,3.81,Medium,Bajo,91.65,91.65,False,False
20,Female,6.9,9.32,6.23,82.71,0.49,10.44,3.54,Low,Alto,81.39,81.38892355552946,False,True
23,Female,4.77,9.27,4.73,79.36,0.49,6.2,1.43,High,Medio,76.05,76.05,False,False
23,Female,4.73,7.48,6.77,78.6,2.16,10.54,5.81,Medium,Medio,75.67,75.67,False,False
21,Other,4.89,1.43,8.89,97.43,0.29,7.63,2.74,Medium,Medio,50.76,50.76,False,False
17,Female,5.75,8.85,7.94,88.95,2.86,8.01,2.26,Low,Alto,91.24,91.23917956462044,False,True
23,Female,2.5,6.92,7.74,65.79,2.47,5.56,3.06,Medium,Bajo,86.56,86.56287667179198,False,True
21,Female,0.27,3.79,7.22,77.48,3.51,3.34,3.07,Medium,Bajo,72.11,72.11,False,False
21,Female,6.48,2.69,5.74,71.53,0.93,9.77,3.29,Low,Alto,25.98,25.98,False,False
23,Male,1.03,2.05,4.85,99.47,2.96,5.47,4.44,Medium,Bajo,49.43,49.43,False,False
16,Male,5.77,1.45,5.12,76.62,0.87,11.11,5.34,Low,Alto,30.0,30.001836199371063,False,True
17,Female,0.66,7.79,4.03,62.71,3.61,1.95,1.29,High,Bajo,91.62,91.62,False,False
24,Male,3.0,3.12,7.37,76.45,1.54,6.45,3.45,Medium,Medio,64.19,64.19,False,False
23,Female,0.5,1.22,8.06,72.85,3.07,3.57,3.07,Medium,Bajo,59.85,59.85,False,False
22,Male,4.18,4.58,5.34,83.98,4.41,5.23,1.05,Medium,Medio,52.87,52.87,False,False
22,Female,5.23,5.34,4.46,69.04,2.44,10.31,5.08,Low,Medio,38.18,38.18,False,False
20,Male,1.37,2.52,5.68,61.44,0.96,2.89,1.52,Medium,Bajo,62.51,62.51,False,False
17,Female,2.97,1.4,5.46,63.84,4.43,4.54,1.57,Medium,Medio,47.44,47.44427108300157,False,True
21,Female,7.44,2.7,6.25,71.33,1.79,8.68,1.24,Low,Alto,15.84,15.84,False,False
18,Male,3.54,7.11,5.32,73.93,3.65,5.54,2.0,High,Medio,87.06,87.05707607448053,False,True
19,Female,6.42,1.74,5.7,93.38,1.6,8.3,1.88,Low,Alto,32.92,32.92,False,False
17,Male,7.42,6.0,8.54,70.8,1.49,10.16,2.74,Low,Alto,47.62,47.62,False,False
17,Male,7.79,2.32,5.67,61.26,3.21,12.09,4.3,Low,Alto,10.03,10.03,False,False
23,Male,7.19,2.76,7.93,91.23,0.78,8.46,1.27,Low,Alto,38.34,38.34,False,False
23,Male,2.54,4.54,7.13,94.76,4.33,7.84,5.3,Medium,Bajo,78.86,78.86,False,False
21,Other,7.7,1.91,5.69,79.69,1.94,10.33,2.63,Low,Alto,9.92,9.92,False,False
20,Male,6.5,2.56,8.09,71.4,0.1,10.53,4.03,Low,Alto,38.83,38.83,False,False
23,Female,6.7,4.14,6.98,90.89,1.53,7.76,1.06,Low,Alto,51.55,51.54962093538251,False,True
19,Male,0.12,3.97,4.04,60.36,3.92,2.95,2.83,Medium,Bajo,71.07,71.07367430725434,False,True
19,Female,7.63,7.74,4.34,96.96,4.3,8.64,1.01,High,Alto,67.23,67.2257458526082,False,True
20,Male,6.22,1.67,7.76,94.62,2.84,8.05,1.83,Low,Alto,38.71,38.71,False,False
16,Female,6.14,8.74,6.23,81.79,1.47,9.38,3.24,Low,Alto,86.17,86.17301131611775,False,True
16,Female,0.65,8.35,6.03,71.1,2.64,4.33,3.68,Medium,Bajo,86.95,86.95,False,False
17,Female,1.86,7.89,4.73,61.31,4.18,3.62,1.76,High,Bajo,82.71,82.71,False,False
23,Male,7.7,3.78,4.79,99.99,1.58,12.43,4.73,Low,Alto,24.24,24.24,False,False
22,Female,4.01,8.41,7.99,90.48,1.93,5.96,1.95,Medium,Medio,90.73,90.73,False,False
24,Male,3.18,2.65,8.15,73.55,2.7,4.76,1.58,Medium,Medio,61.79,61.79443208491004,False,True
20,Male,6.72,2.12,6.8,60.77,4.44,9.39,2.67,Low,Alto,17.0,17.0,False,False
17,Male,0.7,1.4,5.48,85.57,2.91,4.46,3.76,Medium,Bajo,59.58,59.58,False,False
22,Male,3.34,9.45,8.66,99.48,1.04,9.28,5.94,Medium,Medio,100.0,100.0,False,False
23,Male,3.01,3.77,7.12,88.28,0.45,6.1,3.09,Medium,Medio,64.1,64.1,False,False
22,Female,2.8,9.26,7.98,63.35,0.48,5.93,3.13,Medium,Bajo,85.54,85.54,False,False
22,Male,2.46,3.45,4.02,76.09,4.75,3.76,1.3,Medium,Bajo,49.36,49.36,False,False
20,Male,1.68,9.17,6.25,64.37,4.11,6.51,4.83,Medium,Bajo,99.73,99.73,False,False
17,Male,1.38,9.14,8.35,96.49,3.83,3.29,1.91,Medium,Bajo,100.0,100.0,False,False
21,Female,5.12,9.31,5.69,73.22,2.48,9.84,4.72,High,Medio,86.74,86.7385917726542,False,True
19,Female,7.36,5.47,7.63,89.34,3.36,12.91,5.55,Low,Alto,55.1,55.1,False,False
17,Male,4.07,8.79,7.29,63.39,0.64,8.91,4.84,Medium,Medio,81.97,81.97,False,False
24,Female,2.38,9.56,4.76,65.14,3.1,6.59,4.21,High,Bajo,91.44,91.44,False,False
22,Female,1.27,3.92,7.87,87.18,4.05,5.29,4.02,Medium,Bajo,87.33,87.33,False,False
21,Male,6.64,4.77,4.56,93.74,0.31,9.91,3.27,Low,Alto,43.65,43.65,False,False
20,Female,7.77,7.47,7.64,68.06,1.48,9.49,1.72,Low,Alto,54.82,54.816654383046135,False,True
18,Female,2.79,3.7,8.95,76.73,0.55,7.68,4.89,Medium,Bajo,79.39,79.39079414971832,False,True
19,Female,2.33,7.78,8.79,84.78,1.3,5.72,3.39,Medium,Bajo,100.0,100.0,False,False
18,Male,4.81,1.67,8.0,91.85,3.86,8.94,4.13,Medium,Medio,40.58,40.58,False,False
23,Male,6.2,5.71,6.67,85.13,1.66,9.07,2.87,Low,Alto,67.14,67.14379814119357,False,True
18,Male,3.64,2.1,7.37,63.82,3.45,5.64,2.0,Medium,Medio,41.27,41.27,False,False
22,Female,5.04,3.64,7.64,81.71,3.87,10.07,5.03,Low,Medio,47.52,47.52,False,False
22,Female,5.73,3.33,4.04,95.38,4.08,8.44,2.71,Low,Alto,34.66,34.66,False,False
22,Male,7.68,8.55,4.51,94.72,4.37,13.01,5.33,High,Alto,61.45,61.44770483893949,False,True
22,Male,1.32,2.74,6.99,83.4,2.99,7.15,5.83,Medium,Bajo,72.3,72.3,False,False
17,Female,7.98,8.28,4.03,99.83,1.4,13.13,5.15,High,Alto,63.92,63.916214223833,False,True
18,Female,3.14,8.15,8.54,64.2,0.75,4.78,1.64,Medium,Medio,91.54,91.54,False,False
24,Female,5.79,5.49,6.45,79.14,2.52,11.07,5.28,Low,Alto,58.34,58.34345495362609,False,True
18,Female,4.58,3.1,5.29,91.0,0.52,8.18,3.6,Medium,Medio,53.5,53.5,False,False
17,Female,3.89,3.04,5.97,65.64,4.55,6.1,2.21,Medium,Medio,46.79,46.79,False,False
24,Male,5.58,5.18,8.25,98.91,2.21,7.05,1.47,Low,Alto,72.04,72.04,False,False
24,Male,3.17,1.08,8.64,74.16,4.36,5.56,2.39,Medium,Medio,47.95,47.94715764476586,False,True
19,Male,1.01,5.78,4.58,74.01,3.55,2.7,1.69,Medium,Bajo,80.85,80.85,False,False
24,Female,3.91,9.58,7.89,68.53,4.29,5.04,1.13,Medium,Medio,91.27,91.27,False,False
18,Male,4.18,2.39,6.89,71.52,4.42,10.12,5.94,Medium,Medio,50.06,50.06,False,False
22,Female,1.62,6.16,6.93,83.1,0.27,6.78,5.16,Medium,Bajo,99.42,99.42,False,False
22,Male,6.87,8.87,7.26,77.17,3.63,12.17,5.3,Low,Alto,79.01,79.00931891070408,False,True
23,Male,1.82,8.74,5.11,67.74,1.13,3.79,1.97,High,Bajo,100.0,102.77730062714996,True,True
19,Female,3.27,8.65,6.66,92.37,4.95,4.41,1.14,Medium,Medio,91.43,91.43,False,False
18,Male,1.24,8.4,5.6,62.49,3.89,4.67,3.43,High,Bajo,84.43,84.43,False,False
18,Male,4.29,3.78,4.47,93.39,0.02,9.0,4.71,Medium,Medio,55.44,55.44,False,False
20,Female,2.46,9.02,4.53,71.0,4.64,8.27,5.81,High,Bajo,94.92,94.92,False,False
16,Male,3.91,9.47,4.68,79.84,1.46,9.13,5.22,High,Medio,94.58,94.58,False,False
18,Female,1.8,5.46,7.07,75.24,2.08,7.27,5.47,Medium,Bajo,85.29,85.29,False,False
21,Female,0.43,4.19,4.53,82.82,3.06,2.62,2.19,Medium,Bajo,60.32,60.32,False,False
18,Female,6.23,4.73,6.85,91.84,4.58,8.01,1.78,Low,Alto,51.2,51.2,False,False
20,Female,5.13,4.01,6.94,99.57,4.64,7.37,2.24,Low,Medio,57.91,57.91,False,False
24,Male,2.73,2.91,8.52,72.24,2.82,4.42,1.69,Medium,Bajo,76.19,76.18735124858897,False,True
17,Female,0.38,6.57,7.13,82.15,1.58,5.37,4.99,Medium,Bajo,91.99,91.99,False,False
17,Male,6.92,6.06,8.93,78.64,1.4,12.44,5.52,Low,Alto,48.89,48.89,False,False
21,Male,1.36,5.16,4.15,99.96,1.82,3.9,2.54,Medium,Bajo,82.53,82.53,False,False
21,Male,7.45,1.86,7.52,92.36,0.9,12.83,5.38,Low,Alto,28.64,28.64,False,False
23,Male,3.83,8.17,4.13,75.88,3.35,5.11,1.28,High,Medio,77.83,77.83,False,False
17,Female,2.72,2.57,7.65,79.08,2.64,7.11,4.39,Medium,Bajo,62.01,62.01,False,False
24,Male,5.93,2.03,5.93,69.84,3.87,9.57,3.64,Low,Alto,31.42,31.42,False,False
17,Female,7.01,6.61,7.06,90.21,0.47,9.39,2.38,Low,Alto,57.92,57.92,False,False
16,Male,2.97,4.59,5.55,93.81,2.0,7.81,4.84,Medium,Medio,69.06,69.06,False,False
17,Male,3.26,1.54,4.8,98.6,1.2,5.32,2.06,Medium,Medio,41.64,41.64,False,False
22,Other,3.47,4.2,7.62,82.63,2.68,6.55,3.08,Medium,Medio,79.24,79.24425524071489,False,True
23,Male,7.12,7.67,8.21,86.83,2.34,11.93,4.81,Low,Alto,88.49,88.48921966535318,False,True
20,Female,5.54,6.54,4.92,77.84,2.25,8.23,2.69,Low,Alto,58.64,58.64,False,False
21,Male,1.98,4.27,8.6,84.37,1.58,7.26,5.28,Medium,Bajo,78.85,78.85,False,False
16,Male,1.48,2.73,4.7,73.95,3.63,6.81,5.33,Medium,Bajo,65.76,65.76,False,False
21,Female,1.84,6.69,7.68,89.51,2.41,3.85,2.01,Medium,Bajo,98.96,98.96,False,False
23,Female,2.11,8.99,8.8,60.91,1.01,5.31,3.2,Medium,Bajo,100.0,100.0,False,False
18,Male,1.84,6.82,4.74,61.14,2.74,5.0,3.16,Medium,Bajo,78.25,78.25,False,False
16,Male,5.27,8.32,6.18,88.64,2.98,8.32,3.05,Low,Medio,93.66,93.65759477444034,False,True
19,Male,0.93,5.69,5.69,97.23,0.11,4.44,3.51,Medium,Bajo,73.05,73.05,False,False
16,Female,3.1,7.46,5.94,85.29,1.02,4.47,1.37,High,Medio,82.65,82.65,False,False
23,Female,5.0,9.07,7.77,89.06,1.21,10.35,5.35,Medium,Medio,85.89,85.89,False,False
20,Female,2.33,7.96,7.31,92.96,1.24,4.78,2.45,Medium,Bajo,95.98,95.98,False,False
16,Male,0.52,9.19,8.84,74.47,1.19,1.53,1.01,Medium,Bajo,100.0,108.37946230226964,True,True
23,Female,0.65,4.88,4.93,64.32,1.36,5.08,4.43,Medium,Bajo,59.25,59.25,False,False
24,Female,1.01,9.14,6.72,97.32,1.31,5.26,4.25,Medium,Bajo,100.0,100.0,False,False
17,Female,6.69,6.59,6.25,97.54,4.42,12.61,5.92,Low,Alto,61.5,61.5,False,False
24,Female,5.26,8.83,8.59,77.67,1.6,9.86,4.6,Low,Medio,98.34,98.3353160464176,False,True
23,Female,0.52,1.35,4.05,68.69,1.75,3.18,2.66,Medium,Bajo,33.79,33.79,False,False
22,Male,3.13,6.92,8.95,95.69,1.33,8.89,5.76,Medium,Medio,100.0,104.4918281826023,True,True
18,Female,2.23,8.63,6.4,88.34,4.84,5.06,2.83,Medium,Bajo,98.49,98.49,False,False
17,Female,4.62,2.57,7.13,60.33,2.68,9.73,5.11,Medium,Medio,41.91,41.91,False,False
22,Male,4.18,6.96,5.8,64.31,3.05,6.86,2.68,Medium,Medio,74.38,74.38,False,False
20,Male,3.85,8.42,8.26,99.33,3.68,5.09,1.24,Medium,Medio,87.71,87.71,False,False
21,Female,2.52,3.59,6.81,61.53,1.67,7.19,4.67,Medium,Bajo,59.86,59.86,False,False
19,Male,1.1,4.65,7.31,71.3,4.84,3.85,2.75,Medium,Bajo,86.33,86.33,False,False
17,Female,5.94,6.13,7.24,81.94,0.76,8.63,2.69,Low,Alto,53.24,53.24,False,False
24,Male,7.04,5.67,5.82,67.37,2.29,11.62,4.58,Low,Alto,43.12,43.12,False,False
18,Male,7.55,1.35,4.38,69.28,0.73,10.16,2.61,Low,Alto,6.54,6.54,False,False
22,Male,0.47,1.89,8.04,74.12,3.95,2.06,1.59,Medium,Bajo,54.44,54.44,False,False
23,Male,5.92,1.9,5.45,70.78,0.54,8.94,3.02,Low,Alto,31.11,31.11,False,False
17,Male,5.81,3.36,8.24,92.13,2.77,10.93,5.12,Low,Alto,48.29,48.29,False,False
21,Female,7.58,3.21,7.04,80.01,0.52,9.23,1.65,Low,Alto,37.58,37.58,False,False
23,Female,2.02,7.68,5.77,71.14,2.26,5.79,3.77,High,Bajo,87.63,87.63,False,False
22,Other,5.94,6.15,6.97,72.52,1.4,7.6,1.66,Low,Alto,59.08,59.08,False,False
18,Male,0.44,7.88,7.23,61.59,4.52,1.69,1.25,Medium,Bajo,99.16,99.16,False,False
16,Female,5.05,1.63,7.53,61.98,0.27,7.94,2.89,Low,Medio,40.27,40.27,False,False
21,Female,2.81,5.37,8.11,88.72,3.25,7.1,4.29,Medium,Medio,80.33,80.32663790149942,False,True
23,Female,6.15,3.91,4.8,64.52,3.48,8.52,2.37,Low,Alto,22.99,22.99,False,False
21,Female,6.55,8.19,8.26,79.03,4.44,10.14,3.59,Low,Alto,80.21,80.20762224439702,False,True
20,Male,2.92,7.37,6.05,93.69,4.39,6.38,3.46,Medium,Medio,90.5,90.50126330589684,False,True
23,Male,4.2,8.82,8.3,74.74,4.89,9.41,5.21,Medium,Medio,99.63,99.63,False,False
17,Male,0.94,1.42,5.1,73.83,1.27,6.03,5.09,Medium,Bajo,44.29,44.29,False,False
16,Male,3.34,7.49,4.15,94.92,1.37,4.35,1.01,High,Medio,78.27,78.27,False,False
16,Female,2.89,5.86,6.87,94.59,1.99,5.96,3.07,Medium,Medio,84.11,84.11,False,False
19,Male,1.46,8.43,5.62,95.21,2.69,5.74,4.28,High,Bajo,100.0,100.0,False,False
21,Female,7.16,5.56,8.92,82.88,1.84,12.42,5.26,Low,Alto,61.33,61.33,False,False
24,Female,1.18,5.86,4.52,98.09,3.7,2.42,1.24,Medium,Bajo,81.8,81.8,False,False
16,Other,5.09,1.47,4.24,92.76,0.04,9.23,4.14,Low,Medio,33.26,33.26,False,False
16,Female,7.12,7.02,4.23,76.63,0.09,12.33,5.21,High,Alto,59.31,59.31440639535815,False,True
20,Male,7.3,3.46,5.08,85.18,3.58,9.58,2.28,Low,Alto,30.3,30.3,False,False
20,Female,6.35,1.18,6.9,64.87,4.42,8.38,2.03,Low,Alto,17.24,17.24,False,False
20,Male,1.41,1.6,6.53,82.05,3.88,4.75,3.34,Medium,Bajo,72.15,72.15,False,False
21,Female,6.54,9.62,5.75,70.53,0.59,12.35,5.81,High,Alto,68.13,68.13086689364418,False,True
23,Female,2.21,4.11,4.44,71.34,4.67,6.67,4.46,Medium,Bajo,60.65,60.65,False,False
18,Female,7.38,8.81,5.17,65.03,2.61,10.5,3.12,High,Alto,63.49,63.49329006441829,False,True
24,Male,5.67,9.64,4.92,74.33,3.71,6.77,1.1,High,Alto,84.48,84.48170553982192,False,True
16,Female,6.15,9.29,7.56,79.26,1.01,10.06,3.91,Low,Alto,91.04,91.04442135840722,False,True
19,Male,0.68,8.94,7.9,84.01,2.74,3.42,2.74,Medium,Bajo,100.0,100.0,False,False
24,Male,4.66,9.05,7.89,72.19,1.65,6.59,1.93,Medium,Medio,75.02,75.02,False,False
23,Female,6.57,3.6,8.85,91.69,4.87,10.07,3.5,Low,Alto,55.25,55.25,False,False
24,Male,6.89,2.36,8.42,80.84,2.37,9.6,2.71,Low,Alto,33.12,33.12,False,False
16,Other,0.23,6.75,6.49,85.52,3.78,1.42,1.19,Medium,Bajo,100.0,100.63130950298569,True,True
24,Male,7.51,5.39,6.07,71.13,3.02,12.14,4.63,Low,Alto,45.8,45.8,False,False
18,Female,0.35,1.89,8.58,92.57,0.47,5.01,4.66,Medium,Bajo,76.14,76.14,False,False
24,Male,4.92,7.1,7.06,84.97,2.71,9.01,4.09,Medium,Medio,60.01,60.01,False,False
16,Female,5.55,6.07,5.47,94.49,2.7,10.75,5.2,Low,Alto,54.37,54.37,False,False
16,Female,0.86,8.77,6.82,66.4,3.58,2.88,2.02,Medium,Bajo,89.02,89.02,False,False
24,Female,0.38,6.48,8.96,75.23,1.61,2.81,2.43,Medium,Bajo,92.65,92.65,False,False
21,Male,6.28,6.17,8.25,64.52,4.3,9.57,3.29,Low,Alto,56.55,56.55,False,False
19,Female,3.08,4.97,5.41,68.62,3.11,4.38,1.3,Medium,Medio,74.01,74.01,False,False
22,Male,0.86,5.17,8.76,75.78,0.2,6.28,5.42,Medium,Bajo,92.23,92.23,False,False
20,Male,5.7,8.97,8.33,95.78,3.53,9.55,3.85,Low,Alto,99.04,99.03806812078618,False,True
22,Male,6.79,2.25,5.16,82.28,4.53,9.41,2.62,Low,Alto,25.66,25.66,False,False
23,Female,4.7,5.02,8.48,73.22,3.42,8.09,3.39,Medium,Medio,68.0,68.0,False,False
23,Male,1.29,6.9,8.42,89.88,1.9,3.92,2.63,Medium,Bajo,95.35,95.35,False,False
16,Female,0.12,4.9,4.2,60.79,2.95,2.55,2.43,Medium,Bajo,57.31,57.31,False,False
23,Female,5.61,3.55,7.35,74.8,0.86,8.85,3.24,Low,Alto,56.45,56.4509393274841,False,True
21,Male,4.4,3.59,5.53,84.03,3.01,7.81,3.41,Medium,Medio,50.43,50.43,False,False
19,Female,5.21,3.1,7.37,83.33,2.5,8.38,3.17,Low,Medio,50.81,50.81,False,False
23,Male,6.51,4.1,8.57,84.3,0.13,10.25,3.74,Low,Alto,58.98,58.98,False,False
18,Female,3.47,8.85,6.49,68.46,1.61,8.39,4.92,Medium,Medio,83.21,83.21,False,False
19,Male,1.0,5.55,6.07,73.48,0.96,2.29,1.29,Medium,Bajo,80.78,80.78,False,False
21,Female,7.52,3.16,8.61,97.26,1.95,12.58,5.06,Low,Alto,42.57,42.57,False,False
22,Male,4.36,4.46,8.87,98.96,1.21,6.5,2.14,Medium,Medio,65.21,65.21,False,False
19,Male,4.92,1.95,4.31,72.48,4.17,7.18,2.26,Medium,Medio,21.49,21.49,False,False
19,Male,6.81,8.34,7.85,85.78,3.49,11.47,4.66,Low,Alto,90.3,90.30439876364318,False,True
22,Male,7.45,4.67,4.41,69.65,3.7,13.33,5.88,Low,Alto,24.41,24.41,False,False
21,Male,4.58,9.82,5.69,74.74,1.8,5.67,1.09,High,Medio,87.38,87.37840085406971,False,True
23,Male,2.38,4.13,7.81,91.69,0.02,6.75,4.37,Medium,Bajo,84.08,84.08270126132501,False,True
16,Female,7.52,8.04,7.44,80.05,1.1,12.46,4.94,Low,Alto,60.72,60.716003368149046,False,True
22,Female,5.45,3.31,7.63,93.98,3.78,9.32,3.87,Low,Medio,58.6,58.604790172966176,False,True
22,Female,3.27,1.69,4.2,85.15,3.01,4.32,1.05,Medium,Medio,37.79,37.79,False,False
22,Female,4.48,1.29,4.66,85.16,2.69,8.51,4.03,Medium,Medio,34.8,34.8,False,False
22,Female,3.33,6.46,8.68,61.36,1.4,4.91,1.58,Medium,Medio,69.18,69.18,False,False
23,Female,7.11,3.8,4.41,89.99,0.38,8.5,1.39,Low,Alto,25.51,25.51,False,False
24,Female,3.86,4.99,4.39,99.11,3.92,8.34,4.48,Medium,Medio,59.76,59.76,False,False
24,Male,6.55,8.32,8.13,78.92,0.19,11.09,4.54,Low,Alto,76.41,76.4084076359083,False,True
17,Female,6.72,3.23,7.21,66.34,0.3,12.17,5.45,Low,Alto,38.54,38.54,False,False
22,Male,6.59,3.78,5.76,99.08,1.47,7.61,1.02,Low,Alto,37.67,37.67,False,False
22,Female,5.78,8.61,4.83,71.61,2.86,8.67,2.89,High,Alto,91.78,91.77598605730344,False,True
19,Female,6.84,5.43,8.42,76.37,4.96,7.9,1.06,Low,Alto,57.13,57.13,False,False
24,Male,3.1,8.45,8.94,63.09,0.45,5.92,2.82,Medium,Medio,92.04,92.04,False,False
23,Female,0.92,4.37,4.25,64.43,2.37,4.38,3.46,Medium,Bajo,63.81,63.81,False,False
16,Male,6.74,4.59,6.77,68.66,3.01,10.39,3.65,Low,Alto,43.85,43.85,False,False
17,Male,3.99,2.5,5.31,81.94,4.12,6.77,2.78,Medium,Medio,43.33,43.33,False,False
17,Male,1.02,9.25,8.16,82.31,3.45,5.65,4.63,Medium,Bajo,100.0,100.0,False,False
23,Female,0.92,9.07,5.73,84.25,4.04,4.0,3.08,High,Bajo,95.97,95.97,False,False
16,Female,1.27,9.86,7.57,83.35,2.61,4.86,3.59,Medium,Bajo,100.0,100.0,False,False
19,Female,6.01,4.62,6.7,79.81,2.17,11.01,5.0,Low,Alto,48.47,48.47,False,False
20,Male,5.69,8.37,6.71,92.08,3.09,7.56,1.87,Low,Alto,93.76,93.75809307913624,False,True
24,Female,1.63,4.73,8.29,97.36,4.5,4.23,2.6,Medium,Bajo,100.0,100.37788677795612,True,True
22,Female,6.78,5.09,6.35,70.79,2.75,10.39,3.61,Low,Alto,41.96,41.96,False,False
23,Male,2.25,8.47,8.23,65.21,3.03,7.09,4.84,Medium,Bajo,100.0,100.0,False,False
24,Female,6.34,2.6,5.82,77.0,1.69,9.47,3.13,Low,Alto,27.13,27.13,False,False
22,Male,3.91,2.98,4.87,61.06,2.98,5.27,1.36,Medium,Medio,36.27,36.27,False,False
20,Male,5.85,3.83,6.28,95.33,3.14,11.79,5.94,Low,Alto,47.96,47.96,False,False
20,Male,3.05,8.09,6.49,69.59,3.77,7.59,4.54,Medium,Medio,91.24,91.24,False,False
21,Female,2.78,4.35,6.39,81.97,2.86,7.39,4.61,Medium,Bajo,67.17,67.17,False,False
20,Male,6.73,4.22,8.04,64.6,0.99,10.06,3.33,Low,Alto,41.58,41.58,False,False
24,Male,0.28,9.99,6.82,82.13,2.91,4.02,3.74,Medium,Bajo,100.0,100.0,False,False
18,Male,7.8,4.45,8.44,61.56,1.49,13.77,5.97,Low,Alto,32.93,32.93,False,False
18,Male,5.19,3.23,6.57,90.75,0.44,9.17,3.98,Low,Medio,54.59,54.59,False,False
22,Male,3.46,6.61,5.12,98.22,4.13,5.55,2.09,Medium,Medio,76.42,76.42,False,False
22,Male,5.02,8.22,4.65,72.28,0.33,10.84,5.82,High,Medio,76.43,76.43105093353347,False,True
21,Female,0.98,1.63,8.34,70.33,3.16,4.67,3.69,Medium,Bajo,58.81,58.81,False,False
18,Male,4.11,6.57,4.28,77.92,4.94,5.21,1.1,Medium,Medio,67.14,67.14,False,False
22,Female,7.88,1.32,4.59,84.8,0.44,11.75,3.87,Low,Alto,13.6,13.6,False,False
20,Female,1.88,5.74,4.32,67.56,1.1,3.23,1.35,Medium,Bajo,67.19,67.19,False,False
22,Male,5.78,3.31,6.12,92.13,3.8,9.42,3.64,Low,Alto,39.68,39.68,False,False
17,Male,3.48,3.76,6.66,67.94,0.48,8.61,5.13,Medium,Medio,52.38,52.38,False,False
21,Female,5.22,5.2,4.1,60.22,4.16,8.91,3.69,Low,Medio,46.99,46.99,False,False
23,Male,1.64,9.34,6.58,80.97,0.0,4.51,2.87,Medium,Bajo,100.0,100.0,False,False
16,Male,3.76,7.4,5.97,64.61,4.45,9.17,5.41,High,Medio,79.09,79.08722899270076,False,True
19,Male,7.17,8.63,7.2,87.93,0.33,13.48,6.31,Low,Alto,79.9,79.89571504515644,False,True
16,Female,1.56,6.94,8.15,66.7,4.61,4.3,2.74,Medium,Bajo,100.0,100.0,False,False
16,Female,5.09,1.06,7.42,92.7,4.32,8.58,3.49,Low,Medio,38.22,38.22,False,False
23,Other,4.6,3.39,6.37,78.81,2.7,10.51,5.91,Medium,Medio,58.05,58.05,False,False
22,Female,4.52,9.15,5.08,82.65,3.89,6.41,1.89,High,Medio,80.66,80.66,False,False
16,Male,4.92,6.79,8.24,67.46,0.37,7.41,2.49,Medium,Medio,69.64,69.64,False,False
17,Male,4.02,9.83,5.71,65.87,0.68,7.16,3.14,High,Medio,89.46,89.46,False,False
19,Male,0.14,2.4,5.78,85.25,1.85,1.64,1.5,Medium,Bajo,62.79,62.79,False,False
16,Male,7.2,3.67,8.58,70.22,2.69,9.56,2.36,Low,Alto,45.82,45.82,False,False
18,Male,6.62,4.26,8.88,75.44,4.34,10.34,3.72,Low,Alto,48.56,48.56,False,False
23,Male,1.39,3.94,8.49,79.18,2.71,3.53,2.14,Medium,Bajo,80.82,80.82,False,False
23,Male,3.31,3.27,8.99,69.19,3.33,7.74,4.43,Medium,Medio,62.01,62.01,False,False
23,Male,6.16,4.99,8.34,91.82,3.4,8.9,2.74,Low,Alto,66.48,66.48,False,False
21,Male,7.84,6.78,7.52,97.58,4.39,9.29,1.45,Low,Alto,66.59,66.59311046102755,False,True
21,Other,7.61,3.8,5.47,77.28,3.88,12.43,4.82,Low,Alto,22.19,22.19,False,False
20,Female,7.19,1.72,8.76,96.7,4.89,11.03,3.84,Low,Alto,28.63,28.63,False,False
24,Other,1.27,7.38,8.38,95.31,0.1,6.39,5.12,Medium,Bajo,100.0,100.0,False,False
19,Male,7.32,5.13,5.2,66.64,1.04,10.12,2.8,Low,Alto,27.27,27.27,False,False
22,Male,7.03,6.01,6.45,66.94,4.65,8.13,1.1,Low,Alto,35.82,35.82,False,False
16,Male,3.02,5.1,4.35,79.1,3.96,4.25,1.23,Medium,Medio,66.68,66.68,False,False
24,Male,3.16,9.01,8.77,81.03,1.34,8.14,4.98,Medium,Medio,96.05,96.05,False,False
22,Male,3.68,6.03,6.86,73.65,4.87,6.73,3.05,Medium,Medio,62.66,62.66,False,False
24,Female,5.25,9.31,5.23,72.52,4.35,11.13,5.88,High,Medio,84.84,84.84262996950025,False,True
22,Other,2.09,5.6,5.46,77.25,0.32,7.24,5.15,Medium,Bajo,71.07,71.07,False,False
17,Male,0.18,3.63,8.9,87.62,4.06,1.26,1.08,Medium,Bajo,79.15,79.15,False,False
21,Male,1.13,4.2,7.08,63.38,3.92,6.48,5.35,Medium,Bajo,76.23,76.23,False,False
19,Male,3.52,5.7,6.1,88.42,1.11,5.58,2.06,Medium,Medio,70.43,70.43,False,False
18,Male,2.26,5.77,6.5,97.05,3.35,5.69,3.43,Medium,Bajo,93.94,93.94,False,False
17,Male,6.12,7.19,4.49,90.54,4.85,9.65,3.53,High,Alto,68.65,68.64887226540696,False,True
21,Male,0.85,3.02,4.38,67.67,3.38,2.15,1.3,Medium,Bajo,48.01,48.01,False,False
23,Male,7.34,6.93,6.96,63.5,4.07,8.97,1.63,Low,Alto,50.2,50.2,False,False
21,Male,7.16,8.01,6.56,79.62,0.5,10.28,3.12,Low,Alto,72.09,72.08683607669445,False,True
24,Male,7.27,7.09,5.8,98.26,3.64,11.48,4.21,High,Alto,63.03,63.03093870337153,False,True
20,Male,5.92,5.34,6.83,92.76,1.02,8.24,2.32,Low,Alto,58.15,58.14627933001041,False,True
17,Male,0.86,9.93,4.36,82.51,0.36,4.49,3.63,High,Bajo,100.0,100.0,False,False
23,Other,3.51,4.64,8.72,65.72,2.76,6.41,2.9,Medium,Medio,62.97,62.97,False,False
24,Male,1.05,1.96,5.47,88.55,3.75,5.2,4.15,Medium,Bajo,67.47,67.47,False,False
19,Female,7.9,8.39,4.36,92.52,2.73,11.02,3.12,High,Alto,66.47,66.46529462074956,False,True
21,Female,2.66,2.91,4.85,97.4,4.66,7.92,5.26,Medium,Bajo,55.85,55.85,False,False
23,Female,4.68,7.42,4.48,84.48,3.48,10.6,5.92,High,Medio,71.93,71.93,False,False
24,Female,6.24,2.61,4.89,80.58,0.59,11.81,5.57,Low,Alto,33.05,33.05,False,False
20,Female,7.36,1.15,6.08,84.77,4.67,9.2,1.84,Low,Alto,11.36,11.36,False,False
21,Female,6.04,2.44,7.69,97.73,0.76,9.33,3.29,Low,Alto,52.39,52.39,False,False
19,Male,5.4,4.39,5.36,85.13,3.79,8.69,3.29,Low,Medio,49.87,49.87,False,False
20,Male,3.73,1.96,6.18,70.3,0.74,8.93,5.2,Medium,Medio,32.34,32.34,False,False
22,Other,4.84,2.78,8.64,85.45,4.99,7.63,2.79,Medium,Medio,63.82,63.823121348887724,False,True
24,Female,0.75,7.88,5.48,95.19,1.66,4.5,3.75,High,Bajo,93.66,93.66,False,False
21,Other,7.07,7.93,7.97,82.68,2.48,11.12,4.05,Low,Alto,79.91,79.90735251518721,False,True
21,Female,4.35,8.36,4.79,80.11,2.33,5.91,1.56,High,Medio,72.01,72.01,False,False
23,Female,0.32,8.57,4.89,89.33,0.51,4.11,3.79,High,Bajo,94.25,94.25,False,False
19,Female,7.36,4.78,6.28,86.44,2.47,9.59,2.23,Low,Alto,34.62,34.62,False,False
18,Female,3.91,8.81,5.17,62.27,0.75,5.94,2.03,High,Medio,77.88,77.88,False,False
22,Female,6.95,5.73,8.52,89.01,4.01,9.2,2.25,Low,Alto,61.12,61.12,False,False
20,Female,6.86,5.24,4.25,76.3,4.79,8.36,1.5,Low,Alto,35.38,35.38,False,False
17,Female,6.53,7.47,6.99,97.64,4.04,7.88,1.35,Low,Alto,77.81,77.81038545706102,False,True
17,Female,0.49,2.92,7.02,98.83,2.16,4.72,4.23,Medium,Bajo,75.05,75.05,False,False
21,Female,1.98,8.11,4.33,77.95,0.01,7.68,5.7,High,Bajo,94.08,94.08,False,False
23,Male,7.0,4.87,7.66,98.75,0.18,11.44,4.44,Low,Alto,47.24,47.24,False,False
16,Male,7.19,2.15,6.34,72.43,2.48,9.75,2.56,Low,Alto,22.66,22.659463540382088,False,True
21,Female,3.66,2.07,7.62,87.31,3.4,6.34,2.68,Medium,Medio,49.09,49.09,False,False
17,Female,3.52,2.48,8.13,63.0,4.1,7.23,3.71,Medium,Medio,44.9,44.9,False,False
17,Male,1.4,9.02,5.61,65.8,3.0,6.73,5.33,High,Bajo,92.92,92.92,False,False
22,Male,7.4,9.47,6.13,94.58,4.89,9.76,2.36,Low,Alto,86.21,86.21178306295175,False,True
16,Female,1.71,4.21,5.3,95.75,2.47,5.05,3.34,Medium,Bajo,72.69,72.68846030658189,False,True
21,Female,1.53,3.63,5.01,81.3,3.0,5.02,3.49,Medium,Bajo,66.17,66.17,False,False
22,Female,5.29,2.97,4.0,73.59,1.15,10.95,5.66,Low,Medio,34.9,34.9,False,False
23,Female,1.94,8.41,8.82,78.04,1.7,5.62,3.68,Medium,Bajo,100.0,100.0,False,False
22,Male,7.51,2.88,6.2,94.78,3.42,12.41,4.9,Low,Alto,33.72,33.72,False,False
21,Male,0.09,9.32,4.07,68.44,3.01,1.53,1.44,High,Bajo,89.78,89.78,False,False
24,Male,0.05,7.01,4.04,71.79,1.85,2.68,2.63,High,Bajo,86.32,86.32475243554318,False,True
18,Female,4.04,9.07,5.44,91.42,0.56,8.1,4.06,High,Medio,85.42,85.42,False,False
21,Male,3.9,5.99,4.07,97.41,1.71,8.29,4.39,Medium,Medio,68.81,68.81,False,False
19,Female,1.31,7.22,5.87,63.72,0.22,6.74,5.43,High,Bajo,100.0,100.0,False,False
17,Female,3.96,6.58,4.31,92.15,2.9,7.91,3.95,Medium,Medio,68.57,68.57,False,False
16,Female,3.29,8.48,4.2,85.8,1.62,5.74,2.45,High,Medio,80.3,80.3,False,False
16,Female,7.12,8.52,7.35,69.23,1.9,10.82,3.7,Low,Alto,73.31,73.30991337202032,False,True
18,Male,0.07,6.31,8.53,90.23,2.88,4.63,4.56,Medium,Bajo,100.0,100.0,False,False
19,Female,7.81,6.69,6.05,89.12,2.91,12.73,4.92,Low,Alto,45.49,45.49,False,False
17,Male,5.0,9.3,8.18,65.68,2.94,10.72,5.72,Medium,Medio,82.77,82.77,False,False
16,Male,1.21,9.37,4.15,80.09,2.46,3.16,1.95,High,Bajo,98.14,98.14,False,False
19,Male,0.37,6.98,7.89,90.33,2.44,4.67,4.3,Medium,Bajo,100.0,100.0,False,False
22,Male,4.3,1.07,4.31,67.66,4.11,6.3,2.0,Medium,Medio,23.32,23.32,False,False
21,Female,1.88,1.94,8.19,78.51,2.34,4.47,2.59,Medium,Bajo,67.67,67.67,False,False
21,Female,2.41,8.72,8.41,64.83,2.68,4.12,1.71,Medium,Bajo,85.35,85.35,False,False
24,Male,1.96,1.76,7.93,72.27,4.94,6.82,4.86,Medium,Bajo,68.37,68.37,False,False
17,Male,5.2,2.92,8.1,68.72,0.91,10.77,5.57,Low,Medio,45.39,45.39,False,False
19,Female,4.43,3.07,6.81,80.2,3.63,5.58,1.15,Medium,Medio,55.63,55.63,False,False
20,Female,0.62,6.4,5.32,65.65,2.37,5.69,5.07,Medium,Bajo,81.57,81.57,False,False
16,Male,4.21,6.19,7.22,75.33,4.15,6.42,2.21,Medium,Medio,72.14,72.14,False,False
23,Female,6.33,3.6,6.2,71.01,2.02,9.76,3.43,Low,Alto,33.6,33.6,False,False
23,Female,0.65,2.87,4.03,89.84,1.51,5.39,4.74,Medium,Bajo,59.56,59.56,False,False
21,Female,7.12,7.88,6.38,87.99,1.04,10.65,3.53,Low,Alto,67.19,67.18615942288585,False,True
20,Male,4.63,9.42,7.26,63.8,4.36,6.79,2.16,Medium,Medio,85.9,85.9,False,False
23,Female,7.6,1.48,4.07,98.14,3.59,13.13,5.53,Low,Alto,15.46,15.46,False,False
18,Female,1.19,2.2,7.11,89.79,0.38,5.16,3.97,Medium,Bajo,71.39,71.39,False,False
18,Female,7.95,6.78,7.26,84.64,3.57,13.61,5.66,Low,Alto,50.46,50.46,False,False
17,Female,5.15,8.24,4.79,79.11,0.18,10.38,5.23,High,Medio,81.67,81.67336454108967,False,True
20,Other,4.54,8.12,6.16,67.12,0.91,9.92,5.38,Medium,Medio,73.35,73.35,False,False
18,Male,4.12,7.48,8.82,98.48,2.96,6.93,2.81,Medium,Medio,87.49,87.49,False,False
18,Female,0.19,8.99,8.42,60.31,2.32,6.13,5.94,Medium,Bajo,100.0,100.0,False,False
21,Female,7.52,2.96,6.05,87.7,4.2,12.78,5.26,Low,Alto,37.35,37.35,False,False
23,Female,5.15,1.97,5.75,80.3,3.04,7.84,2.69,Low,Medio,35.98,35.98,False,False
17,Male,0.73,6.54,4.62,96.1,4.82,6.21,5.48,Medium,Bajo,87.73,87.73,False,False
19,Male,0.17,8.4,4.18,75.23,4.28,4.95,4.78,High,Bajo,89.42,89.42,False,False
22,Female,0.41,6.24,5.49,80.75,1.7,5.04,4.63,Medium,Bajo,83.43,83.43,False,False
16,Female,4.83,9.57,8.6,89.69,4.17,5.91,1.08,Medium,Medio,98.84,98.84,False,False
16,Male,4.91,8.16,8.79,61.9,4.35,6.02,1.11,Medium,Medio,79.73,79.73,False,False
22,Female,4.0,7.31,8.06,62.18,4.85,8.47,4.47,Medium,Medio,89.7,89.6980518081304,False,True
22,Male,2.45,1.54,5.75,68.47,0.06,4.84,2.39,Medium,Bajo,41.53,41.53,False,False
16,Other,4.25,1.97,4.72,65.86,4.37,5.54,1.29,Medium,Medio,25.52,25.52,False,False
16,Female,4.13,8.06,6.98,60.26,0.35,6.56,2.43,Medium,Medio,78.56,78.56,False,False
19,Male,0.16,2.78,7.23,84.92,2.64,5.35,5.19,Medium,Bajo,76.54,76.54,False,False
20,Female,2.26,1.26,6.12,91.84,2.07,5.61,3.35,Medium,Bajo,49.55,49.55,False,False
20,Female,0.43,9.2,7.46,98.28,4.6,4.51,4.08,Medium,Bajo,100.0,107.78365499545406,True,True
19,Male,6.91,8.66,7.42,77.64,2.03,12.2,5.29,Low,Alto,87.23,87.23389105052934,False,True
23,Female,5.8,2.97,7.92,71.19,2.98,8.42,2.62,Low,Alto,50.72,50.72,False,False
22,Male,7.97,8.02,6.51,94.56,3.46,9.03,1.06,Low,Alto,76.77,76.77421316749144,False,True
24,Female,2.42,1.43,7.96,93.78,0.1,5.04,2.62,Medium,Bajo,63.93,63.93,False,False
22,Male,7.03,3.57,4.13,84.99,2.95,12.81,5.78,Low,Alto,25.56,25.56,False,False
16,Male,4.82,6.61,7.4,70.93,2.59,8.23,3.41,Medium,Medio,61.29,61.29,False,False
22,Male,3.63,7.87,5.18,96.34,2.97,7.48,3.85,High,Medio,87.89,87.89,False,False
16,Male,1.78,1.09,5.35,67.14,0.38,6.58,4.8,Medium,Bajo,53.99,53.99,False,False
22,Female,5.91,3.94,4.46,61.75,0.28,7.48,1.57,Low,Alto,29.98,29.98,False,False
23,Male,7.23,2.93,4.96,91.86,0.89,11.9,4.67,Low,Alto,27.86,27.86,False,False
24,Male,1.88,9.99,8.96,82.55,4.35,4.37,2.49,Medium,Bajo,100.0,100.0,False,False
18,Female,1.4,7.04,6.08,69.86,1.78,4.34,2.94,Medium,Bajo,86.21,86.21,False,False
19,Female,5.57,4.65,8.64,86.84,2.17,7.92,2.35,Low,Alto,61.38,61.38001662332936,False,True
19,Female,7.82,1.68,4.81,90.67,1.95,9.59,1.77,Low,Alto,14.13,14.13,False,False
24,Female,6.0,6.39,5.02,93.78,3.57,8.81,2.81,Low,Alto,55.16,55.16,False,False
22,Female,2.28,6.78,6.79,71.29,1.3,3.75,1.47,Medium,Bajo,88.59,88.59,False,False
18,Male,3.36,8.35,5.75,61.02,0.34,8.58,5.22,High,Medio,80.26,80.26,False,False
20,Male,3.07,3.6,7.22,80.4,1.89,5.6,2.53,Medium,Medio,65.61,65.61,False,False
22,Other,6.82,9.83,6.11,94.24,3.64,11.09,4.27,Low,Alto,81.27,81.27046265317097,False,True
23,Male,6.17,4.96,8.06,68.31,4.57,8.65,2.48,Low,Alto,59.74,59.74,False,False
16,Male,4.71,3.66,6.16,76.85,0.25,6.76,2.05,Medium,Medio,56.47,56.47,False,False
17,Male,2.2,4.14,6.86,70.26,4.05,6.77,4.57,Medium,Bajo,65.97,65.97,False,False
22,Male,7.5,5.68,5.61,60.53,0.33,11.62,4.12,Low,Alto,35.09,35.09,False,False
17,Female,5.23,9.43,7.52,95.94,1.65,7.32,2.09,Low,Medio,100.0,111.44977400309364,True,True
22,Female,7.76,7.62,7.27,65.4,0.11,11.82,4.06,Low,Alto,53.84,53.83818297667486,False,True
24,Other,4.64,6.19,5.99,90.67,4.56,5.67,1.03,Medium,Medio,69.82,69.82,False,False
17,Female,6.57,2.47,5.38,73.86,3.53,8.45,1.88,Low,Alto,23.07,23.07,False,False
22,Male,6.5,2.34,7.07,71.11,1.85,11.14,4.64,Low,Alto,37.87,37.87,False,False
19,Male,2.7,5.52,8.72,97.64,1.89,5.75,3.05,Medium,Bajo,91.07,91.07,False,False
17,Other,7.71,7.56,4.66,86.29,3.2,9.73,2.02,High,Alto,53.37,53.3688506099104,False,True
22,Male,0.18,7.76,8.0,87.48,0.45,3.71,3.53,Medium,Bajo,100.0,108.54758788012197,True,True
20,Male,6.15,3.03,6.71,90.39,0.73,9.48,3.33,Low,Alto,48.65,48.65,False,False
16,Female,7.72,1.9,6.63,73.64,4.24,11.89,4.17,Low,Alto,21.57,21.57,False,False
20,Female,2.71,4.46,8.81,82.55,1.01,4.07,1.36,Medium,Bajo,72.63,72.63,False,False
18,Male,5.18,9.26,7.03,70.81,3.63,10.28,5.1,Low,Medio,86.89,86.88848673644034,False,True
22,Female,4.5,5.91,8.15,93.38,1.13,5.79,1.29,Medium,Medio,77.37,77.37,False,False
21,Other,6.09,3.88,6.57,83.97,0.44,9.36,3.27,Low,Alto,44.42,44.42,False,False
23,Male,6.93,3.91,5.25,69.74,4.5,11.48,4.55,Low,Alto,27.61,27.61,False,False
20,Female,4.82,2.19,7.47,95.99,4.51,7.54,2.72,Medium,Medio,48.64,48.64,False,False
17,Male,6.53,5.26,8.62,83.23,3.03,12.08,5.55,Low,Alto,54.7,54.7,False,False
24,Female,2.5,8.12,8.21,79.8,2.31,7.28,4.78,Medium,Bajo,100.0,100.0,False,False
23,Female,1.83,9.72,4.99,61.38,2.76,4.96,3.13,High,Bajo,94.91,94.91,False,False
21,Other,3.45,5.51,5.58,96.39,2.04,5.37,1.92,Medium,Medio,68.19,68.19,False,False
22,Male,5.42,2.5,6.58,98.09,3.79,6.64,1.22,Low,Medio,48.04,48.04,False,False
24,Male,1.5,7.15,6.86,82.5,3.77,6.51,5.01,Medium,Bajo,95.91,95.91,False,False
22,Male,5.44,7.81,4.97,77.7,4.09,7.41,1.97,High,Medio,67.77,67.77356549729781,False,True
18,Female,3.15,1.65,5.15,74.38,2.61,5.5,2.35,Medium,Medio,40.38,40.38,False,False
21,Male,6.36,8.65,7.79,70.72,4.01,7.41,1.05,Low,Alto,84.42,84.419654925749,False,True
22,Male,0.29,8.46,7.65,82.98,0.78,1.38,1.09,Medium,Bajo,100.0,109.622385856771,True,True
17,Male,5.34,5.25,8.2,65.12,0.15,7.49,2.15,Low,Medio,60.72,60.72,False,False
18,Male,5.2,6.04,8.66,96.77,3.24,10.56,5.36,Low,Medio,71.12,71.12,False,False
19,Male,7.53,7.42,5.54,67.04,0.53,12.43,4.9,High,Alto,56.29,56.29131491705728,False,True
21,Female,5.71,7.09,8.3,89.82,2.75,10.56,4.85,Low,Alto,85.11,85.10717100063141,False,True
16,Male,6.37,1.15,7.33,72.28,3.61,11.51,5.14,Low,Alto,20.37,20.37,False,False
24,Male,7.24,2.1,8.79,69.04,2.04,9.17,1.93,Low,Alto,25.63,25.63,False,False
20,Female,5.4,2.46,5.36,82.31,0.22,11.3,5.9,Low,Medio,34.92,34.92,False,False
22,Female,2.32,7.8,5.35,90.6,4.44,4.48,2.16,High,Bajo,89.41,89.41,False,False
24,Male,6.96,4.96,7.52,89.07,0.22,8.71,1.75,Low,Alto,59.97,59.96813010775736,False,True
24,Male,5.98,5.91,8.64,69.35,4.52,8.45,2.47,Low,Alto,61.36,61.36,False,False
16,Female,3.4,7.95,8.12,73.22,0.26,7.05,3.65,Medium,Medio,82.45,82.45,False,False
16,Male,5.68,4.07,7.64,94.75,3.68,7.3,1.62,Low,Alto,61.39,61.39,False,False
18,Female,6.94,7.74,5.94,88.93,4.62,11.63,4.69,High,Alto,61.32,61.32424379741681,False,True
21,Male,7.81,4.98,7.59,88.51,4.53,10.67,2.86,Low,Alto,49.89,49.89,False,False
17,Male,7.62,4.39,8.01,70.76,4.47,11.46,3.84,Low,Alto,43.38,43.38,False,False
16,Male,2.6,4.0,7.77,91.68,4.42,7.27,4.67,Medium,Bajo,68.63,68.63,False,False
16,Female,3.37,9.68,7.38,74.34,2.55,8.88,5.51,Medium,Medio,99.29,99.29,False,False
20,Female,0.88,7.95,4.24,76.06,2.79,5.98,5.1,High,Bajo,92.63,92.63,False,False
19,Male,1.98,1.18,7.3,71.5,3.1,5.67,3.69,Medium,Bajo,60.1,60.1,False,False
16,Female,7.04,9.59,6.37,64.86,4.48,13.02,5.98,Low,Alto,68.3,68.30205990665893,False,True
19,Male,2.89,7.98,8.81,76.82,4.19,6.54,3.65,Medium,Medio,96.15,96.15,False,False
18,Male,4.96,2.34,7.04,60.68,3.91,8.64,3.68,Medium,Medio,42.48,42.48,False,False
17,Female,5.33,1.69,7.04,78.24,3.38,7.12,1.79,Low,Medio,52.66,52.6554780053678,False,True
24,Male,6.25,3.77,8.97,89.0,3.09,7.99,1.74,Low,Alto,53.27,53.27,False,False
16,Female,1.46,6.62,4.47,98.43,4.61,3.3,1.84,Medium,Bajo,80.27,80.27,False,False
22,Female,2.44,6.55,5.38,63.14,0.96,6.4,3.96,Medium,Bajo,83.08,83.08,False,False
19,Female,3.59,3.48,7.28,71.25,0.96,6.67,3.08,Medium,Medio,57.16,57.16,False,False
20,Female,2.92,5.01,5.58,79.77,4.91,5.85,2.93,Medium,Medio,73.55,73.55,False,False
20,Male,7.86,2.91,5.73,66.82,2.77,9.5,1.64,Low,Alto,15.06,15.06,False,False
16,Male,6.68,1.46,8.46,64.67,2.42,9.59,2.91,Low,Alto,30.22,30.22,False,False
21,Male,3.84,5.65,6.9,78.09,4.25,6.73,2.89,Medium,Medio,66.45,66.45,False,False
24,Male,7.03,4.12,4.51,83.23,4.25,11.13,4.1,Low,Alto,27.12,27.12,False,False
17,Female,2.78,5.89,5.55,92.81,0.88,5.72,2.94,Medium,Bajo,85.16,85.16,False,False
22,Male,6.29,9.52,4.38,99.91,0.87,9.38,3.09,High,Alto,84.9,84.90087952116346,False,True
21,Female,1.79,2.29,6.78,90.97,3.98,4.15,2.36,Medium,Bajo,68.22,68.22,False,False
20,Male,6.18,1.02,4.87,68.85,3.93,7.84,1.66,Low,Alto,20.2,20.2,False,False
19,Female,3.65,1.69,8.29,89.92,1.13,6.15,2.5,Medium,Medio,52.94,52.94,False,False
19,Female,0.86,5.16,6.89,81.49,4.21,2.07,1.21,Medium,Bajo,81.38,81.38,False,False
21,Female,2.19,7.36,4.3,78.03,2.4,4.21,2.02,High,Bajo,85.24,85.23670735201866,False,True
19,Male,3.22,6.23,5.5,97.43,2.35,5.84,2.62,Medium,Medio,73.26,73.26,False,False
20,Female,5.99,5.45,7.08,88.08,4.93,7.72,1.73,Low,Alto,53.68,53.68,False,False
21,Male,0.58,4.19,5.68,87.27,2.6,4.9,4.32,Medium,Bajo,69.49,69.49200645034416,False,True
20,Male,5.28,3.79,6.57,60.47,0.69,7.68,2.4,Low,Medio,38.06,38.06,False,False
22,Male,5.73,4.39,8.55,94.6,1.4,9.81,4.08,Low,Alto,70.63,70.63,False,False
24,Female,5.23,6.5,5.75,91.73,1.67,9.45,4.22,Low,Medio,56.71,56.71,False,False
22,Male,6.09,2.51,5.68,71.96,4.79,9.33,3.24,Low,Alto,29.14,29.14,False,False
22,Female,1.43,7.94,8.1,71.68,1.32,4.68,3.25,Medium,Bajo,100.0,100.0,False,False
19,Other,4.7,6.18,5.59,62.14,2.15,8.61,3.91,Medium,Medio,63.95,63.94509158992516,False,True
16,Male,7.53,3.42,4.39,62.03,3.75,9.84,2.31,Low,Alto,19.73,19.73,False,False
23,Female,4.89,5.51,4.9,86.74,1.37,6.0,1.11,Medium,Medio,55.68,55.68,False,False
19,Female,4.83,9.55,8.62,67.45,3.51,9.12,4.29,Medium,Medio,96.36,96.36,False,False
16,Male,5.89,1.18,8.67,96.94,1.04,9.93,4.04,Low,Alto,45.0,45.0,False,False
20,Female,2.67,2.8,5.12,93.7,1.21,6.05,3.38,Medium,Bajo,55.58,55.57576683094328,False,True
23,Male,5.6,5.04,6.77,73.96,4.93,10.98,5.38,Low,Alto,58.81,58.81,False,False
19,Female,7.33,6.75,4.69,75.2,1.84,10.87,3.54,Low,Alto,40.56,40.56,False,False
23,Male,0.09,2.91,7.37,73.09,3.65,2.61,2.52,Medium,Bajo,59.86,59.86,False,False
23,Male,6.96,9.38,4.93,63.7,4.2,11.53,4.57,High,Alto,68.12,68.11785699795801,False,True
18,Female,1.75,6.78,4.25,61.26,1.73,7.56,5.81,Medium,Bajo,74.99,74.99,False,False
24,Male,3.65,8.9,8.12,78.09,1.79,8.33,4.68,Medium,Medio,100.0,100.0,False,False
18,Male,6.82,3.96,5.63,97.72,3.87,12.36,5.54,Low,Alto,45.45,45.45,False,False
16,Male,6.59,8.46,4.54,96.69,3.04,8.15,1.56,High,Alto,72.95,72.94866651737611,False,True
17,Male,7.14,4.4,8.17,92.39,1.81,8.74,1.6,Low,Alto,53.38,53.38,False,False
21,Female,7.52,3.27,7.81,85.14,3.75,9.29,1.77,Low,Alto,31.68,31.68,False,False
17,Female,3.58,9.2,7.42,94.25,4.32,8.09,4.51,Medium,Medio,91.32,91.32,False,False
21,Female,5.25,1.83,8.56,80.6,1.18,8.2,2.95,Low,Medio,42.27,42.27,False,False
16,Female,3.12,9.49,6.45,67.21,0.12,6.51,3.39,Medium,Medio,85.24,85.24,False,False
16,Male,2.81,5.13,4.64,87.37,1.37,5.12,2.31,Medium,Medio,66.06,66.06,False,False
20,Male,3.45,9.93,4.31,96.83,3.37,8.13,4.68,High,Medio,100.0,100.0,False,False
24,Female,5.94,5.86,5.59,60.78,4.58,11.17,5.23,Low,Alto,47.19,47.19,False,False
23,Female,4.01,7.82,4.43,70.06,4.32,5.81,1.8,High,Medio,71.9,71.9,False,False
18,Male,6.51,1.06,6.68,70.62,1.11,8.47,1.96,Low,Alto,16.03,16.03,False,False
18,Male,5.96,5.47,4.07,63.96,4.41,8.66,2.7,Low,Alto,36.49,36.49,False,False
16,Female,0.16,7.64,6.22,69.02,4.05,2.56,2.4,Medium,Bajo,94.02,94.02,False,False
18,Female,5.04,8.05,4.89,75.36,3.67,8.7,3.66,High,Medio,75.06,75.06391419649931,False,True
16,Female,3.49,2.42,5.84,97.59,3.44,8.25,4.76,Medium,Medio,58.27,58.26619118634432,False,True
23,Male,3.65,4.77,7.38,94.41,4.04,8.62,4.97,Medium,Medio,77.53,77.53,False,False
16,Female,6.55,4.77,5.75,97.84,4.31,8.59,2.04,Low,Alto,48.15,48.15,False,False
20,Male,4.38,1.93,5.71,64.82,4.1,6.26,1.88,Medium,Medio,45.81,45.81,False,False
24,Male,7.08,4.99,8.95,61.12,0.61,9.9,2.82,Low,Alto,49.7,49.7,False,False
22,Female,5.7,8.26,7.59,64.4,3.61,7.44,1.74,Low,Alto,78.95,78.94915760250584,False,True
19,Male,4.42,3.7,6.57,96.57,4.21,5.88,1.46,Medium,Medio,68.82,68.8168243259428,False,True
24,Male,6.04,4.89,6.9,66.3,0.93,8.25,2.21,Low,Alto,41.12,41.12,False,False
24,Other,0.31,9.65,7.1,82.91,1.07,3.28,2.97,Medium,Bajo,100.0,105.421651582523,True,True
17,Female,0.22,1.29,4.12,69.1,3.93,4.16,3.94,Medium,Bajo,39.8,39.8,False,False
21,Female,0.67,6.32,4.4,60.83,1.72,5.29,4.62,Medium,Bajo,78.24,78.24,False,False
19,Male,3.5,7.69,7.25,63.38,2.0,5.61,2.11,Medium,Medio,85.83,85.83,False,False
23,Male,1.88,7.85,5.82,88.39,1.89,6.97,5.09,High,Bajo,93.33,93.33,False,False
22,Female,7.87,7.44,4.28,67.29,1.06,9.04,1.17,High,Alto,58.48,58.47946779961815,False,True
22,Female,4.34,7.54,5.49,69.17,4.69,7.56,3.22,High,Medio,71.15,71.15,False,False
24,Female,5.3,1.53,4.65,75.09,4.03,9.47,4.17,Low,Medio,30.07,30.07,False,False
20,Male,2.23,5.81,8.58,86.29,1.25,4.69,2.46,Medium,Bajo,89.29,89.29,False,False
21,Male,2.57,8.05,5.01,78.77,0.53,6.99,4.42,High,Bajo,80.39,80.39,False,False
16,Other,2.68,1.85,4.72,97.78,1.86,8.02,5.34,Medium,Bajo,53.34,53.34,False,False
21,Female,5.59,1.11,7.13,77.37,2.08,7.04,1.45,Low,Alto,34.78,34.78,False,False
17,Male,3.79,8.33,6.61,67.97,0.04,7.35,3.56,Medium,Medio,77.4,77.4,False,False
21,Male,4.14,7.41,6.88,81.45,4.44,5.23,1.09,Medium,Medio,68.04,68.04,False,False
24,Female,4.74,4.71,6.18,78.04,4.26,7.14,2.4,Medium,Medio,58.71,58.71,False,False
23,Male,6.15,9.46,6.34,91.49,4.25,7.83,1.68,Low,Alto,88.09,88.09014905630427,False,True
24,Male,0.72,7.9,7.89,97.4,4.03,4.84,4.12,Medium,Bajo,100.0,100.0,False,False
23,Male,6.21,9.71,5.1,93.45,3.67,8.45,2.24,High,Alto,89.82,89.81559853415565,False,True
18,Female,4.51,9.36,5.98,75.56,3.17,6.92,2.41,High,Medio,87.97,87.97,False,False
23,Male,5.35,5.33,8.79,68.64,4.8,7.38,2.03,Low,Medio,69.45,69.45,False,False
21,Other,2.62,7.79,4.95,96.58,3.56,4.84,2.22,High,Bajo,90.95,90.95,False,False
21,Male,3.28,7.02,5.47,75.44,3.15,5.41,2.13,High,Medio,81.71,81.71325766621348,False,True
21,Female,1.85,8.3,4.96,90.81,3.94,6.34,4.49,High,Bajo,90.7,90.7,False,False
18,Male,7.83,8.09,4.1,99.58,1.23,13.61,5.78,High,Alto,67.48,67.48229586455284,False,True
16,Female,3.98,2.38,5.35,83.1,4.84,7.43,3.45,Medium,Medio,43.68,43.68,False,False
19,Other,7.97,3.1,4.23,79.2,0.1,11.97,4.0,Low,Alto,11.25,11.25,False,False
21,Female,3.92,3.39,4.77,87.99,3.24,9.01,5.09,Medium,Medio,53.48,53.48,False,False
17,Female,1.76,8.37,5.81,67.76,0.39,5.14,3.38,High,Bajo,84.94,84.94,False,False
22,Female,4.06,8.3,4.1,79.53,4.27,6.57,2.51,High,Medio,70.0,70.0,False,False
22,Female,0.32,5.46,7.76,72.49,4.84,6.07,5.75,Medium,Bajo,82.04,82.04,False,False
19,Female,7.24,6.23,7.98,66.57,2.04,12.77,5.53,Low,Alto,55.23,55.22991653122002,False,True
19,Other,6.55,8.44,6.06,84.41,4.29,8.65,2.1,Low,Alto,91.31,91.31340972266264,False,True
16,Male,5.81,3.81,8.92,83.03,1.68,10.33,4.52,Low,Alto,55.03,55.03,False,False
17,Other,4.88,1.45,7.39,90.45,0.8,9.12,4.24,Medium,Medio,40.64,40.64,False,False
24,Male,4.64,5.34,7.72,94.92,1.38,8.89,4.25,Medium,Medio,71.16,71.16,False,False
23,Male,7.97,9.22,4.96,68.82,1.51,13.12,5.15,High,Alto,61.81,61.80926861984506,False,True
23,Male,2.22,8.11,8.19,91.19,3.15,6.59,4.37,Medium,Bajo,92.63,92.63,False,False
24,Male,6.24,4.3,8.73,74.7,3.98,9.83,3.59,Low,Alto,52.53,52.53,False,False
22,Female,4.65,1.58,5.18,85.15,1.03,9.88,5.23,Medium,Medio,33.43,33.43,False,False
24,Female,7.81,6.73,7.43,94.01,0.44,10.13,2.32,Low,Alto,56.0,56.0,False,False
17,Female,6.62,8.51,7.73,70.25,1.11,11.02,4.4,Low,Alto,76.29,76.28885790113722,False,True
21,Female,7.99,6.98,5.53,84.04,1.48,12.5,4.51,Low,Alto,43.14,43.14,False,False
18,Female,4.71,4.83,6.38,79.21,1.4,10.06,5.35,Medium,Medio,57.14,57.14,False,False
21,Female,1.64,2.11,4.49,91.62,1.1,7.63,5.99,Medium,Bajo,52.55,52.55,False,False
18,Male,4.03,9.2,4.87,87.89,2.33,7.82,3.79,High,Medio,94.19,94.19,False,False
23,Female,5.69,3.48,4.31,90.79,4.28,9.11,3.42,Low,Alto,40.29,40.29,False,False
19,Female,6.19,3.02,6.8,71.52,0.5,10.19,4.0,Low,Alto,40.58,40.58,False,False
21,Female,0.0,8.34,7.13,88.17,4.31,4.29,4.29,Medium,Bajo,100.0,106.75471100090724,True,True
24,Female,4.04,9.83,8.58,84.23,2.49,8.6,4.56,Medium,Medio,100.0,100.0,False,False
17,Female,1.88,6.94,6.71,78.27,3.3,4.29,2.41,Medium,Bajo,85.8,85.8,False,False
17,Male,7.0,6.62,5.3,75.13,4.08,10.44,3.44,Low,Alto,43.22,43.22,False,False
22,Male,1.22,3.87,4.3,73.26,1.52,4.07,2.85,Medium,Bajo,60.21,60.21,False,False
17,Female,5.33,1.18,8.42,60.39,4.77,6.52,1.19,Low,Medio,35.75,35.75,False,False
17,Female,2.13,2.73,6.39,66.78,0.42,6.18,4.05,Medium,Bajo,64.29,64.29,False,False
19,Female,2.85,6.26,7.69,62.36,2.64,8.22,5.37,Medium,Medio,81.92,81.92,False,False
24,Male,7.52,2.36,4.07,93.93,1.27,13.13,5.61,Low,Alto,26.43,26.43,False,False
23,Male,1.92,8.95,6.44,94.4,2.04,5.51,3.59,Medium,Bajo,100.0,100.0,False,False
17,Female,0.76,2.69,5.63,93.85,2.24,5.59,4.83,Medium,Bajo,67.59,67.59,False,False
23,Male,0.55,5.7,4.15,92.72,4.57,5.11,4.56,Medium,Bajo,80.72,80.72090616811691,False,True
19,Female,4.04,5.61,7.88,68.85,2.21,6.18,2.14,Medium,Medio,78.47,78.4736529314169,False,True
17,Male,5.13,6.44,6.56,79.67,3.49,6.44,1.31,Low,Medio,63.17,63.17,False,False
22,Male,2.62,3.95,5.67,96.31,4.76,7.36,4.74,Medium,Bajo,70.95,70.95,False,False
21,Female,5.52,8.86,8.03,90.39,2.47,7.93,2.41,Low,Alto,100.0,101.85779588834342,True,True
20,Male,0.49,5.0,6.23,60.07,2.04,4.24,3.75,Medium,Bajo,71.71,71.71,False,False
16,Female,6.86,7.3,4.02,78.38,4.86,10.48,3.62,High,Alto,62.1,62.10294799589512,False,True
17,Female,6.53,6.72,8.72,60.43,4.14,11.62,5.09,Low,Alto,68.89,68.89,False,False
23,Male,7.88,2.05,5.28,71.23,4.7,12.1,4.22,Low,Alto,5.43,5.43,False,False
16,Female,7.49,6.6,8.15,77.43,1.99,12.73,5.24,Low,Alto,60.27,60.27,False,False
18,Female,2.85,5.96,8.08,95.72,3.48,7.61,4.76,Medium,Medio,91.29,91.29,False,False
17,Male,3.19,9.09,4.81,86.18,1.25,9.19,6.0,High,Medio,86.96,86.96,False,False
20,Male,5.97,8.93,6.37,74.5,4.33,11.29,5.32,Low,Alto,85.33,85.3279625577168,False,True
19,Male,1.07,2.36,4.2,79.63,4.67,3.13,2.06,Medium,Bajo,56.39,56.39,False,False
22,Female,2.51,1.74,5.77,92.7,1.34,8.32,5.81,Medium,Bajo,53.45,53.45,False,False
20,Female,0.95,3.65,7.65,71.99,0.52,3.65,2.7,Medium,Bajo,76.01,76.01,False,False
23,Female,3.64,9.88,5.19,84.6,1.0,7.68,4.04,High,Medio,100.0,100.0,False,False
19,Female,4.42,1.19,4.59,70.49,3.16,10.13,5.71,Medium,Medio,32.88,32.88,False,False
21,Female,1.69,7.06,6.54,79.2,1.36,3.76,2.07,Medium,Bajo,94.12,94.12,False,False
19,Female,0.21,6.48,6.68,60.99,3.19,5.5,5.29,Medium,Bajo,97.17,97.16537350415764,False,True
17,Female,5.75,6.82,7.38,94.09,1.75,11.52,5.77,Low,Alto,69.72,69.7211392990849,False,True
16,Male,0.16,2.96,7.8,61.93,4.58,5.43,5.27,Medium,Bajo,65.39,65.39,False,False
16,Female,7.79,3.04,7.48,68.97,2.26,12.89,5.1,Low,Alto,25.7,25.7,False,False
23,Female,1.77,4.88,8.23,73.34,2.49,4.09,2.32,Medium,Bajo,79.3,79.3,False,False
19,Female,5.31,1.86,5.11,85.01,1.74,8.35,3.04,Low,Medio,29.93,29.93,False,False
20,Female,3.48,1.67,6.85,88.8,0.37,8.28,4.8,Medium,Medio,42.8,42.8,False,False
23,Male,0.48,1.8,5.8,63.22,2.47,2.07,1.59,Medium,Bajo,45.91,45.91,False,False
22,Female,3.78,6.16,8.81,61.74,3.87,9.22,5.44,Medium,Medio,74.8,74.8,False,False
23,Male,4.13,4.58,6.2,91.96,4.77,6.18,2.05,Medium,Medio,58.38,58.38,False,False
23,Female,6.84,3.64,8.8,88.49,0.38,10.66,3.82,Low,Alto,49.91,49.91,False,False
21,Male,5.86,3.84,7.85,93.26,3.99,7.39,1.53,Low,Alto,55.39,55.39,False,False
17,Female,0.63,2.87,7.59,87.06,1.34,2.56,1.93,Medium,Bajo,74.48,74.48,False,False
21,Female,1.67,4.7,6.46,90.04,4.11,5.6,3.93,Medium,Bajo,79.21,79.21,False,False
16,Female,2.5,2.83,6.22,75.16,1.71,6.67,4.17,Medium,Bajo,61.91,61.91,False,False
16,Male,0.93,7.28,6.63,83.61,0.57,3.28,2.35,Medium,Bajo,95.99,95.99,False,False
18,Other,3.66,2.12,5.47,92.22,3.06,5.26,1.6,Medium,Medio,49.38,49.38,False,False
18,Female,6.98,8.46,7.56,66.88,4.47,11.62,4.64,Low,Alto,74.33,74.33105727050538,False,True
20,Female,4.12,1.81,7.97,76.91,0.91,9.32,5.2,Medium,Medio,48.05,48.05,False,False
16,Male,5.83,9.31,7.86,89.62,0.11,7.95,2.12,Low,Alto,98.73,98.7316965227058,False,True
21,Female,5.46,8.5,6.17,81.31,4.42,9.92,4.46,Low,Medio,89.69,89.68905649966673,False,True
22,Male,6.8,7.13,4.36,87.27,3.49,9.73,2.93,High,Alto,57.62,57.617304515871176,False,True
18,Female,1.73,9.21,7.42,71.71,4.04,7.45,5.72,Medium,Bajo,100.0,107.01495575080943,True,True
19,Male,6.03,2.25,5.87,61.29,0.3,7.44,1.41,Low,Alto,23.77,23.77,False,False
18,Female,7.05,2.59,8.35,61.17,4.45,8.25,1.2,Low,Alto,42.18,42.18,False,False
16,Female,1.37,3.27,7.9,97.71,2.1,2.99,1.62,Medium,Bajo,81.05,81.05,False,False
23,Male,2.77,3.2,4.73,97.78,4.49,7.68,4.91,Medium,Bajo,64.21,64.21,False,False
17,Female,7.76,3.8,7.01,68.45,0.32,13.37,5.61,Low,Alto,41.54,41.54,False,False
16,Female,6.25,6.18,7.46,65.9,4.42,11.36,5.11,Low,Alto,57.02,57.02,False,False
23,Male,2.26,1.25,6.84,60.73,3.37,6.85,4.59,Medium,Bajo,37.57,37.57,False,False
22,Female,4.51,4.44,6.57,69.25,2.77,5.8,1.29,Medium,Medio,62.09,62.09,False,False
22,Male,3.23,3.22,5.14,73.37,0.31,5.3,2.07,Medium,Medio,47.72,47.72,False,False
19,Male,3.92,6.46,5.18,69.65,3.44,9.6,5.68,Medium,Medio,61.42,61.42,False,False
24,Male,2.84,9.87,7.84,91.9,2.99,6.95,4.11,Medium,Medio,100.0,100.0,False,False
21,Female,2.23,5.66,4.09,89.98,3.63,5.57,3.34,Medium,Bajo,64.15,64.15,False,False
17,Male,5.4,4.83,7.89,63.24,3.58,9.66,4.26,Low,Medio,61.59,61.59,False,False
16,Female,6.23,4.31,6.63,87.89,2.22,8.12,1.89,Low,Alto,46.53,46.53,False,False
16,Female,6.77,7.81,8.41,80.82,1.02,12.45,5.68,Low,Alto,74.72,74.72253421817224,False,True
24,Male,1.24,1.65,8.99,65.29,4.59,5.52,4.28,Medium,Bajo,72.11,72.11,False,False
19,Female,6.43,9.42,7.15,89.58,4.63,9.94,3.51,Low,Alto,79.95,79.95042467405607,False,True
20,Male,2.04,4.76,6.06,63.44,1.06,5.33,3.29,Medium,Bajo,65.78,65.78,False,False
18,Female,3.42,3.82,6.38,67.09,3.15,8.53,5.11,Medium,Medio,47.75,47.75,False,False
19,Male,7.21,9.77,5.02,65.97,1.01,9.75,2.54,High,Alto,71.56,71.56208026615123,False,True
23,Male,3.64,9.42,4.5,97.56,4.31,5.33,1.69,High,Medio,93.38,93.38,False,False
19,Female,1.58,6.78,6.89,87.93,0.49,3.51,1.93,Medium,Bajo,97.76,97.76,False,False
24,Female,1.28,1.17,8.03,76.45,4.95,2.69,1.41,Medium,Bajo,74.28,74.28342931803613,False,True
24,Male,3.78,7.74,5.31,92.89,3.05,7.32,3.54,High,Medio,85.89,85.89,False,False
21,Female,6.1,4.02,6.1,68.64,0.11,10.49,4.39,Low,Alto,38.98,38.98,False,False
17,Male,7.98,4.49,6.77,97.24,4.41,13.65,5.67,Low,Alto,37.03,37.03,False,False
22,Female,6.3,2.43,8.54,87.88,3.42,11.05,4.75,Low,Alto,44.9,44.9,False,False
24,Female,7.02,5.71,4.69,82.38,3.49,10.94,3.92,Low,Alto,37.23,37.23,False,False
21,Male,5.98,7.7,5.18,91.79,1.38,11.3,5.32,High,Alto,80.22,80.22477488485194,False,True
18,Male,7.16,3.46,8.59,85.79,1.68,12.62,5.46,Low,Alto,42.89,42.89,False,False
22,Male,0.61,9.45,4.2,95.48,4.57,5.17,4.56,High,Bajo,100.0,100.0,False,False
20,Male,7.44,2.75,7.28,93.17,3.17,8.72,1.28,Low,Alto,32.1,32.1,False,False
16,Male,3.17,1.6,7.2,67.91,0.08,5.63,2.46,Medium,Medio,49.98,49.98,False,False
18,Female,7.37,6.8,5.92,69.59,1.64,10.05,2.68,Low,Alto,48.67,48.67,False,False
20,Other,0.61,8.64,6.34,62.6,2.99,6.6,5.99,Medium,Bajo,84.93,84.93,False,False
22,Male,5.58,9.35,8.07,68.81,0.74,9.04,3.46,Low,Alto,83.81,83.81397563905692,False,True
18,Female,5.89,7.9,4.82,73.74,0.49,10.7,4.81,High,Alto,64.42,64.41579348775727,False,True
21,Female,7.98,2.8,5.16,61.15,0.3,13.05,5.07,Low,Alto,10.04,10.04,False,False
20,Female,6.15,9.8,6.56,72.6,3.15,10.42,4.27,Low,Alto,91.64,91.64299896642018,False,True
16,Female,3.06,9.27,6.05,90.86,1.6,4.15,1.09,Medium,Medio,98.64,98.64,False,False
21,Female,4.46,2.47,6.87,93.61,1.87,5.56,1.1,Medium,Medio,54.16,54.16,False,False
23,Male,2.93,6.03,8.6,60.35,0.3,8.02,5.09,Medium,Medio,86.36,86.36,False,False
16,Male,1.57,6.0,8.59,60.29,3.69,6.27,4.7,Medium,Bajo,96.39,96.39,False,False
17,Male,1.99,4.98,5.15,65.85,3.83,5.67,3.68,Medium,Bajo,64.58,64.58,False,False
19,Male,1.78,9.86,5.51,94.9,4.15,4.02,2.24,High,Bajo,100.0,100.0,False,False
17,Male,4.39,1.54,4.81,78.77,3.26,5.82,1.43,Medium,Medio,34.24,34.24,False,False
24,Female,7.25,6.64,8.64,99.32,3.87,9.07,1.82,Low,Alto,62.58,62.58,False,False
23,Male,7.3,2.85,5.99,95.49,2.89,11.2,3.9,Low,Alto,28.79,28.79,False,False
23,Female,0.44,5.75,6.25,95.61,2.46,4.17,3.73,Medium,Bajo,84.47,84.47,False,False
19,Male,0.64,8.02,8.01,65.14,1.3,6.35,5.71,Medium,Bajo,99.38,99.38,False,False
20,Female,1.96,3.22,6.56,79.01,0.27,7.75,5.79,Medium,Bajo,68.36,68.36,False,False
19,Female,2.04,4.54,4.6,99.74,1.46,5.92,3.88,Medium,Bajo,75.91,75.91,False,False
24,Male,0.76,9.56,6.19,65.96,3.42,5.97,5.21,Medium,Bajo,100.0,100.0,False,False
17,Male,3.11,7.85,7.15,82.97,4.63,8.17,5.06,Medium,Medio,87.6,87.6,False,False
23,Female,4.7,6.15,7.6,73.77,1.28,9.46,4.76,Medium,Medio,62.57,62.57,False,False
17,Male,4.63,3.0,7.23,75.51,3.35,7.82,3.19,Medium,Medio,52.99,52.99,False,False
16,Male,4.35,4.83,4.6,95.63,2.39,7.3,2.95,Medium,Medio,62.63,62.63,False,False
18,Male,2.71,7.97,5.52,83.52,3.14,5.03,2.32,High,Bajo,87.94,87.94,False,False
24,Female,5.65,8.38,7.67,90.35,0.01,11.34,5.69,Low,Alto,78.8,78.80303640110871,False,True
18,Female,6.61,3.2,8.4,86.93,0.61,11.78,5.17,Low,Alto,40.93,40.93,False,False
24,Female,2.77,6.96,4.24,81.16,1.09,4.66,1.89,Medium,Bajo,74.58,74.58,False,False
22,Female,0.68,1.86,4.21,91.67,4.47,2.94,2.26,Medium,Bajo,51.3,51.3,False,False
16,Female,2.37,1.21,7.22,98.83,0.2,6.28,3.91,Medium,Bajo,53.5,53.5,False,False
20,Female,1.1,5.94,6.74,98.67,2.85,4.17,3.07,Medium,Bajo,100.0,109.25933354969588,True,True
24,Other,3.74,3.02,4.78,91.58,4.64,5.81,2.07,Medium,Medio,45.25,45.25,False,False
18,Male,1.25,1.71,6.74,79.49,3.26,6.21,4.96,Medium,Bajo,69.3,69.3,False,False
24,Male,3.7,7.57,8.87,66.53,2.42,4.71,1.01,Medium,Medio,88.69,88.69,False,False
20,Female,1.77,5.48,7.15,61.78,1.93,4.49,2.72,Medium,Bajo,91.25,91.24862699126118,False,True
24,Female,5.91,8.17,6.25,69.26,3.12,11.56,5.65,Low,Alto,81.72,81.72304711050825,False,True
21,Male,0.22,6.98,8.14,73.61,2.4,5.02,4.8,Medium,Bajo,92.87,92.87,False,False
24,Male,4.44,7.57,5.06,65.19,3.53,7.45,3.01,High,Medio,65.01,65.01,False,False
22,Female,1.36,3.77,6.07,68.99,3.09,7.0,5.64,Medium,Bajo,71.79,71.79,False,False
22,Female,0.01,3.37,6.64,63.34,2.84,5.51,5.5,Medium,Bajo,56.53,56.53,False,False
23,Male,6.95,6.41,6.52,80.95,4.78,8.21,1.26,Low,Alto,60.43,60.43,False,False
22,Female,5.37,2.8,8.6,65.05,4.18,7.01,1.64,Low,Medio,46.41,46.41,False,False
24,Female,0.79,8.34,5.46,89.71,3.04,3.73,2.94,High,Bajo,92.68,92.68,False,False
24,Female,5.31,5.71,4.28,73.31,2.69,10.96,5.65,Low,Medio,54.37,54.37,False,False
21,Male,4.89,3.04,8.58,86.88,3.62,10.11,5.22,Medium,Medio,57.46,57.46,False,False
22,Male,3.79,6.63,5.09,95.3,4.02,5.03,1.24,Medium,Medio,70.37,70.37,False,False
17,Male,3.35,9.51,5.9,63.44,1.48,6.91,3.56,High,Medio,99.76,99.75702752998248,False,True
24,Male,7.1,1.74,6.65,99.56,3.33,11.7,4.6,Low,Alto,17.44,17.44,False,False
16,Female,1.96,1.98,8.88,85.81,0.68,4.34,2.38,Medium,Bajo,74.75,74.75,False,False
16,Male,3.19,8.59,6.68,62.13,2.15,7.8,4.61,Medium,Medio,92.06,92.06,False,False
18,Other,2.63,1.99,6.24,72.56,4.69,5.48,2.85,Medium,Bajo,45.97,45.97,False,False
21,Male,6.17,1.35,6.92,95.45,1.63,8.54,2.37,Low,Alto,27.35,27.35,False,False
20,Male,7.33,4.13,8.85,83.85,0.77,10.29,2.96,Low,Alto,47.76,47.76,False,False
17,Female,6.8,5.2,8.09,71.49,0.73,12.55,5.75,Low,Alto,46.16,46.16,False,False
24,Female,6.38,6.12,4.84,97.62,1.97,11.91,5.53,Low,Alto,71.98,71.97988233706849,False,True
19,Male,7.89,5.57,8.02,91.49,1.13,13.46,5.57,Low,Alto,45.97,45.97,False,False
19,Female,5.58,9.22,8.2,89.42,2.13,11.17,5.59,Low,Alto,95.38,95.37600349688832,False,True
20,Female,6.01,7.92,7.45,95.54,3.59,7.9,1.89,Low,Alto,84.58,84.5766905084042,False,True
23,Female,7.23,9.06,6.71,90.79,4.44,13.34,6.11,Low,Alto,72.08,72.07582561922872,False,True
19,Female,0.06,5.29,6.2,71.47,0.55,2.12,2.06,Medium,Bajo,78.25,78.25,False,False
20,Male,5.07,1.76,7.21,83.36,3.84,10.26,5.19,Low,Medio,47.17,47.17,False,False
19,Female,5.86,9.52,7.62,93.69,0.52,9.62,3.76,Low,Alto,100.0,107.31191993142218,True,True
21,Female,7.34,1.04,4.61,67.23,1.9,9.54,2.2,Low,Alto,6.52,6.522581923278651,False,True
18,Male,7.07,7.98,5.29,66.52,4.98,10.06,2.99,High,Alto,55.24,55.23723728334221,False,True
23,Male,6.74,1.28,4.97,66.36,0.34,9.91,3.17,Low,Alto,2.9,2.9,False,False
21,Female,7.37,7.64,7.99,67.77,0.11,12.24,4.87,Low,Alto,68.25,68.24564763578613,False,True
20,Male,4.3,9.44,7.4,64.13,1.67,8.33,4.03,Medium,Medio,93.2,93.2,False,False
17,Male,0.06,4.5,6.25,93.51,4.76,5.14,5.08,Medium,Bajo,76.9,76.9,False,False
22,Other,0.09,3.17,8.13,92.73,0.1,3.07,2.98,Medium,Bajo,82.8,82.8,False,False
17,Male,4.36,3.04,7.58,66.05,1.11,9.08,4.72,Medium,Medio,42.76,42.76,False,False
16,Male,3.48,5.43,8.57,88.22,3.02,8.44,4.96,Medium,Medio,89.74,89.74,False,False
22,Female,3.61,2.54,4.38,85.08,1.17,4.93,1.32,Medium,Medio,50.22,50.22,False,False
20,Female,3.2,7.06,6.55,71.05,0.27,6.08,2.88,Medium,Medio,75.97,75.97,False,False
16,Male,7.34,4.32,7.53,69.09,0.26,12.77,5.43,Low,Alto,30.38,30.38,False,False
19,Female,2.87,3.91,5.04,70.02,2.8,7.39,4.52,Medium,Medio,57.41,57.405266352567246,False,True
19,Female,6.85,5.15,5.64,89.23,2.81,9.94,3.09,Low,Alto,45.78,45.78,False,False
22,Female,7.22,5.88,6.09,72.77,3.53,9.13,1.91,Low,Alto,48.1,48.1,False,False
24,Male,4.0,2.28,7.97,71.12,0.66,5.48,1.48,Medium,Medio,40.34,40.34,False,False
17,Male,3.58,7.37,6.47,60.9,2.5,5.73,2.15,Medium,Medio,80.85,80.85,False,False
16,Male,6.09,8.95,6.46,96.33,3.0,8.31,2.22,Low,Alto,94.1,94.09941128699616,False,True
17,Female,5.66,3.5,6.15,90.11,1.11,8.51,2.85,Low,Alto,39.88,39.88,False,False
22,Female,2.63,2.62,5.14,78.91,2.74,4.51,1.88,Medium,Bajo,38.68,38.68,False,False
21,Female,0.82,7.84,8.62,97.72,3.54,2.55,1.73,Medium,Bajo,100.0,100.0,False,False
19,Female,2.12,2.65,5.59,71.74,4.95,7.34,5.22,Medium,Bajo,54.71,54.71,False,False
16,Female,1.05,1.37,6.84,86.99,2.98,3.3,2.25,Medium,Bajo,69.51,69.51436847330442,False,True
16,Male,2.36,6.57,4.74,72.21,4.31,6.17,3.81,Medium,Bajo,77.35,77.35,False,False
20,Female,2.09,3.16,6.17,72.58,4.17,4.09,2.0,Medium,Bajo,69.54,69.54,False,False
16,Female,5.1,2.55,8.52,93.79,4.7,8.56,3.46,Low,Medio,52.48,52.48,False,False
22,Female,6.64,8.55,7.81,91.48,3.62,10.02,3.38,Low,Alto,85.15,85.14533564240645,False,True
16,Male,5.49,3.63,5.81,71.76,1.07,6.92,1.43,Low,Alto,49.41,49.41,False,False
16,Female,7.41,9.13,4.77,63.26,1.49,13.32,5.91,High,Alto,66.21,66.2072637342618,False,True
17,Male,6.27,2.6,5.57,74.3,3.92,9.56,3.29,Low,Alto,32.07,32.07,False,False
18,Male,5.82,8.37,5.64,90.4,2.6,8.79,2.97,High,Alto,81.6,81.59946642442806,False,True
16,Female,3.31,5.52,7.22,64.02,1.26,5.31,2.0,Medium,Medio,74.86,74.86,False,False
24,Female,2.6,1.71,6.48,86.88,3.28,6.08,3.48,Medium,Bajo,47.64,47.64,False,False
23,Male,6.77,7.6,7.84,95.59,4.53,10.95,4.18,Low,Alto,76.23,76.22616565273674,False,True
20,Female,7.0,8.73,7.26,67.17,1.79,9.76,2.76,Low,Alto,81.34,81.34174864032236,False,True
17,Male,3.62,2.47,5.26,94.49,2.98,7.02,3.4,Medium,Medio,49.52,49.52,False,False
20,Male,0.07,7.53,7.92,62.05,2.91,2.26,2.19,Medium,Bajo,92.26,92.26,False,False
21,Male,6.34,5.01,8.24,86.68,0.63,9.98,3.64,Low,Alto,66.06,66.06,False,False
16,Female,2.28,7.78,6.99,91.64,0.45,7.22,4.94,Medium,Bajo,100.0,104.29292153503876,True,True
19,Other,0.08,7.43,8.64,77.79,4.45,1.38,1.3,Medium,Bajo,98.11,98.11,False,False
24,Female,6.44,1.24,7.91,68.15,4.67,10.03,3.59,Low,Alto,17.42,17.42,False,False
17,Female,4.14,2.61,6.98,96.99,4.52,7.14,3.0,Medium,Medio,63.22,63.22,False,False
20,Male,5.48,5.24,8.53,60.8,1.98,6.85,1.37,Low,Alto,53.51,53.51,False,False
16,Male,7.1,9.11,6.79,82.2,1.44,13.02,5.92,Low,Alto,79.86,79.86000956795814,False,True
19,Female,4.33,4.08,6.61,74.91,4.71,6.63,2.3,Medium,Medio,55.83,55.83,False,False
19,Male,4.03,6.66,5.78,78.44,4.41,7.85,3.82,Medium,Medio,71.86,71.86,False,False
21,Female,2.33,1.11,8.41,81.46,4.1,5.19,2.86,Medium,Bajo,49.18,49.18,False,False
24,Female,2.44,7.4,4.61,81.39,1.67,4.8,2.36,High,Bajo,77.89,77.89,False,False
18,Other,6.37,6.43,6.37,68.14,3.19,10.01,3.64,Low,Alto,52.27,52.27,False,False
24,Male,3.59,7.44,6.69,87.19,3.75,8.04,4.45,Medium,Medio,83.68,83.68,False,False
21,Female,1.31,9.14,6.77,60.77,2.88,6.24,4.93,Medium,Bajo,100.0,100.0,False,False
22,Female,0.76,2.32,7.26,60.85,3.01,4.93,4.17,Medium,Bajo,60.71,60.71,False,False
17,Male,3.78,3.35,6.53,79.14,3.78,7.41,3.63,Medium,Medio,57.49,57.49,False,False
21,Female,3.72,9.96,5.28,81.68,3.83,8.61,4.89,High,Medio,88.04,88.04,False,False
21,Male,5.23,2.41,8.28,71.0,1.2,8.82,3.59,Low,Medio,53.49,53.49,False,False
17,Male,3.77,7.49,7.29,82.07,1.95,9.64,5.87,Medium,Medio,82.63,82.63,False,False
17,Male,1.15,7.53,8.29,80.64,3.91,4.78,3.63,Medium,Bajo,100.0,100.0,False,False
17,Male,4.06,7.15,5.38,73.97,1.31,6.65,2.59,High,Medio,70.82,70.82,False,False
16,Female,7.25,3.05,7.19,86.07,4.58,10.48,3.23,Low,Alto,36.09,36.09,False,False
20,Male,1.28,2.94,7.57,98.32,4.19,4.73,3.45,Medium,Bajo,95.49,95.49060036214746,False,True
23,Male,5.52,7.0,5.92,79.63,4.48,7.94,2.42,Low,Alto,59.43,59.43,False,False
17,Male,4.75,2.68,8.06,91.44,1.49,6.54,1.79,Medium,Medio,59.18,59.18,False,False
20,Male,5.99,6.95,4.01,69.9,0.53,9.15,3.16,Low,Alto,53.08,53.08,False,False
23,Male,1.2,5.43,6.97,90.48,0.5,6.69,5.49,Medium,Bajo,90.84,90.84,False,False
20,Male,7.53,4.48,7.07,85.96,2.78,9.81,2.28,Low,Alto,40.76,40.76,False,False
17,Female,4.97,3.7,6.67,85.59,1.53,7.78,2.81,Medium,Medio,46.62,46.62,False,False
18,Female,6.65,9.34,7.01,95.72,1.32,11.57,4.92,Low,Alto,88.5,88.49563633171843,False,True
21,Female,1.97,5.57,4.84,69.33,1.11,3.38,1.41,Medium,Bajo,63.51,63.51,False,False
20,Female,5.92,6.05,7.42,74.74,2.81,11.05,5.13,Low,Alto,58.06,58.06,False,False
19,Male,6.25,9.54,5.68,63.32,2.74,10.85,4.6,High,Alto,78.48,78.48222047540314,False,True
19,Female,3.18,6.88,6.26,89.04,2.11,6.93,3.75,Medium,Medio,74.7,74.7,False,False
20,Female,3.07,9.62,5.67,93.75,0.69,5.12,2.05,High,Medio,99.26,99.26,False,False
17,Male,5.26,1.96,6.37,76.23,4.64,6.72,1.46,Low,Medio,42.02,42.02,False,False
24,Female,0.75,8.62,7.11,74.27,2.14,2.91,2.16,Medium,Bajo,100.0,100.0,False,False
17,Male,5.88,4.02,8.19,86.35,0.62,10.69,4.81,Low,Alto,54.24,54.24,False,False
17,Male,0.34,8.29,6.42,63.02,0.19,6.01,5.67,Medium,Bajo,91.3,91.3,False,False
24,Female,1.52,8.7,5.62,71.75,0.76,6.21,4.69,High,Bajo,99.31,99.31,False,False
18,Male,5.31,3.44,6.44,74.65,1.49,8.95,3.64,Low,Medio,45.05,45.0455182898954,False,True
22,Male,0.79,4.68,7.44,80.74,3.15,6.54,5.75,Medium,Bajo,68.6,68.6,False,False
19,Male,7.77,7.53,5.73,79.06,4.85,12.91,5.14,High,Alto,65.31,65.31153605988699,False,True
21,Male,6.95,1.89,6.07,68.35,1.36,11.23,4.28,Low,Alto,24.28,24.28,False,False
19,Male,5.01,7.8,6.81,81.63,3.95,6.2,1.19,Low,Medio,80.05,80.05123959769705,False,True
22,Female,6.55,1.99,5.47,97.03,4.56,8.99,2.44,Low,Alto,22.17,22.17,False,False
16,Female,7.1,9.23,5.05,61.08,1.96,9.64,2.54,High,Alto,66.79,66.78744740347648,False,True
18,Female,2.08,3.49,4.7,87.21,1.27,4.82,2.74,Medium,Bajo,67.67,67.67182072873172,False,True
18,Male,6.8,6.18,5.76,84.99,2.46,9.75,2.95,Low,Alto,54.23,54.23,False,False
16,Other,1.56,2.05,4.24,96.98,4.48,7.26,5.7,Medium,Bajo,57.78,57.78,False,False
21,Female,3.31,3.43,6.92,85.81,0.05,8.02,4.71,Medium,Medio,67.73,67.73,False,False
24,Male,4.47,4.64,4.88,84.99,2.43,8.93,4.46,Medium,Medio,52.87,52.87,False,False
23,Female,5.71,5.38,5.89,90.79,3.79,8.84,3.13,Low,Alto,68.85,68.8549168199033,False,True
22,Female,0.24,1.0,5.35,70.71,3.01,2.93,2.69,Medium,Bajo,47.47,47.47,False,False
23,Female,2.32,9.0,7.15,83.83,2.49,3.92,1.6,Medium,Bajo,96.36,96.36,False,False
21,Male,4.87,1.07,8.25,80.78,2.77,8.14,3.27,Medium,Medio,40.29,40.29,False,False
24,Male,2.86,7.96,7.17,77.54,3.1,4.89,2.03,Medium,Medio,93.3,93.3,False,False
18,Female,6.2,5.24,6.71,63.18,3.41,9.16,2.96,Low,Alto,48.13,48.13,False,False
24,Female,5.21,5.71,7.35,71.71,1.78,6.99,1.78,Low,Medio,61.65,61.65,False,False
19,Female,1.88,2.87,4.15,71.2,2.59,4.6,2.72,Medium,Bajo,57.41,57.40621414003551,False,True
22,Female,1.17,6.47,4.61,88.97,1.37,2.38,1.21,Medium,Bajo,86.12,86.12,False,False
24,Female,5.03,5.84,4.47,96.83,4.92,6.06,1.03,Low,Medio,56.14,56.14,False,False
17,Male,3.6,2.48,4.49,69.23,0.94,8.95,5.35,Medium,Medio,36.55,36.55,False,False
17,Female,1.35,3.14,5.3,62.98,0.75,5.56,4.21,Medium,Bajo,65.77,65.77,False,False
24,Male,2.61,1.6,6.66,100.0,1.34,6.55,3.94,Medium,Bajo,53.98,53.98,False,False
18,Female,2.42,1.6,4.57,87.65,4.6,5.99,3.57,Medium,Bajo,42.53,42.53,False,False
24,Female,0.87,1.12,8.68,95.46,3.29,5.5,4.63,Medium,Bajo,70.03,70.03,False,False
20,Male,4.38,2.98,8.27,65.76,2.28,9.06,4.68,Medium,Medio,47.77,47.77,False,False
21,Female,6.11,7.12,8.86,92.03,4.63,11.79,5.68,Low,Alto,87.45,87.44609839718554,False,True
17,Male,4.6,3.85,4.21,92.53,4.5,6.82,2.22,Medium,Medio,57.59,57.59,False,False
23,Male,6.61,4.08,8.26,66.06,2.01,11.54,4.93,Low,Alto,42.51,42.51,False,False
24,Male,1.02,2.19,8.02,66.46,2.82,6.98,5.96,Medium,Bajo,71.48,71.48,False,False
17,Male,3.48,6.18,8.51,71.82,4.53,4.63,1.15,Medium,Medio,92.26,92.26,False,False
21,Male,4.88,4.08,6.64,68.67,1.6,7.75,2.87,Medium,Medio,51.08,51.08,False,False
21,Male,5.41,7.09,7.94,99.02,2.04,8.59,3.18,Low,Medio,88.64,88.64452227844077,False,True
23,Female,5.57,7.67,4.26,74.52,3.97,10.68,5.11,High,Alto,74.84,74.8360924080708,False,True
20,Female,5.83,6.26,4.38,90.45,3.49,6.9,1.07,Low,Alto,52.43,52.43,False,False
24,Female,5.21,3.48,4.59,92.2,0.24,9.2,3.99,Low,Medio,43.75,43.75,False,False
16,Male,0.75,5.58,8.57,75.44,0.59,6.21,5.46,Medium,Bajo,95.51,95.50881384981398,False,True
24,Female,5.56,3.27,4.31,87.3,4.23,7.3,1.74,Low,Alto,32.27,32.27,False,False
22,Female,5.8,9.13,4.5,64.31,0.15,7.38,1.58,High,Alto,83.06,83.05854012676929,False,True
19,Male,7.46,7.42,8.12,75.88,4.6,13.95,6.49,Low,Alto,60.14,60.13851854568536,False,True
18,Female,5.55,5.44,4.54,98.69,1.36,10.68,5.13,Low,Alto,54.3,54.3,False,False
21,Male,5.37,9.47,8.16,66.74,2.99,9.98,4.61,Low,Medio,91.91,91.91183456101594,False,True
16,Female,4.12,5.92,7.95,75.43,2.82,7.11,2.99,Medium,Medio,68.04,68.04,False,False
18,Male,6.94,3.96,4.2,91.62,1.98,12.21,5.27,Low,Alto,34.59,34.59,False,False
17,Male,7.97,1.86,4.11,86.62,0.16,13.58,5.61,Low,Alto,3.48,3.48,False,False
24,Female,6.23,5.89,6.67,85.26,0.96,10.89,4.66,Low,Alto,54.46,54.46,False,False
18,Male,4.9,8.74,8.99,94.13,3.07,7.89,2.99,Medium,Medio,98.58,98.58,False,False
17,Male,0.63,8.8,8.39,61.16,2.23,4.55,3.92,Medium,Bajo,100.0,100.42871721629528,True,True
19,Female,5.81,6.44,5.55,90.85,2.07,7.3,1.49,Low,Alto,65.47,65.47,False,False
17,Female,5.67,4.54,5.93,95.3,0.49,7.46,1.79,Low,Alto,52.37,52.37,False,False
16,Female,6.2,6.85,5.94,60.65,1.74,11.12,4.92,Low,Alto,59.01,59.01078574561563,False,True
21,Male,1.0,7.86,7.67,82.36,2.63,2.15,1.15,Medium,Bajo,98.65,98.65,False,False
23,Male,5.23,4.7,5.71,73.94,0.39,6.48,1.25,Low,Medio,49.75,49.75,False,False
17,Female,2.37,5.29,4.74,62.03,0.33,5.91,3.54,Medium,Bajo,62.14,62.14,False,False
24,Male,6.08,7.13,7.74,76.71,2.46,7.93,1.85,Low,Alto,79.12,79.1184980153619,False,True
18,Male,1.92,8.89,6.29,85.76,2.81,4.39,2.47,Medium,Bajo,100.0,100.0,False,False
23,Female,5.47,8.12,4.38,96.76,1.29,8.46,2.99,High,Alto,70.82,70.81578600645847,False,True
23,Male,2.36,1.2,7.95,84.82,1.63,5.97,3.61,Medium,Bajo,58.76,58.76,False,False
18,Male,0.07,2.12,6.93,94.27,3.98,2.49,2.42,Medium,Bajo,65.8,65.8,False,False
18,Male,5.07,8.68,6.45,64.86,4.35,8.49,3.42,Low,Medio,90.24,90.24421268638164,False,True
21,Male,0.91,8.5,7.37,68.42,1.63,3.76,2.85,Medium,Bajo,94.11,94.11,False,False
16,Male,5.27,4.5,6.53,98.81,1.78,6.68,1.41,Low,Medio,62.54,62.54,False,False
19,Male,7.4,6.26,7.24,95.5,4.15,12.74,5.34,Low,Alto,62.36,62.36,False,False
16,Male,7.06,8.34,7.6,69.41,4.87,10.16,3.1,Low,Alto,73.25,73.24728603735542,False,True
18,Female,1.89,9.2,7.07,84.84,1.6,5.94,4.05,Medium,Bajo,100.0,100.0,False,False
24,Female,6.47,8.05,7.3,74.51,3.94,10.32,3.85,Low,Alto,78.75,78.75242822015647,False,True
20,Male,2.83,2.89,7.07,78.74,2.4,4.83,2.0,Medium,Medio,61.4,61.4,False,False
20,Female,7.2,7.57,6.66,94.44,1.32,8.35,1.15,Low,Alto,73.42,73.42401033846679,False,True
19,Male,6.3,1.91,4.86,89.43,3.41,11.58,5.28,Low,Alto,23.38,23.38,False,False
18,Male,0.59,9.05,5.68,69.54,2.31,4.08,3.49,High,Bajo,100.0,100.0,False,False
20,Male,3.26,2.34,7.47,72.64,1.34,6.33,3.07,Medium,Medio,58.92,58.92,False,False
19,Female,2.7,6.96,6.13,71.59,0.54,7.51,4.81,Medium,Bajo,73.66,73.66,False,False
23,Female,6.28,6.49,6.03,91.23,4.33,7.45,1.17,Low,Alto,59.53,59.53,False,False
19,Female,3.28,7.99,7.8,79.6,4.39,8.11,4.83,Medium,Medio,87.07,87.07,False,False
23,Male,5.48,5.96,4.03,98.03,0.37,8.52,3.04,Low,Alto,58.01,58.01,False,False
21,Male,4.82,1.54,7.39,92.67,3.32,8.58,3.76,Medium,Medio,49.18,49.18,False,False
20,Female,7.81,7.35,6.45,68.45,0.81,12.57,4.76,Low,Alto,49.58,49.58302882241334,False,True
19,Male,7.5,4.45,5.88,91.44,3.23,11.23,3.73,Low,Alto,42.07,42.06852455490545,False,True
19,Female,3.42,3.88,5.7,80.24,4.54,4.73,1.31,Medium,Medio,59.62,59.62,False,False
19,Female,5.79,9.93,4.86,70.15,1.3,10.43,4.64,High,Alto,83.52,83.51775681665825,False,True
24,Female,6.64,6.31,5.67,74.53,1.74,11.57,4.93,Low,Alto,57.6,57.6,False,False
19,Female,7.19,7.4,5.96,98.89,3.98,10.5,3.31,High,Alto,61.33,61.32507965954259,False,True
24,Female,0.55,5.74,6.19,79.36,3.68,3.75,3.2,Medium,Bajo,94.56,94.55555376902991,False,True
21,Female,2.42,7.93,7.36,88.78,2.04,4.68,2.26,Medium,Bajo,91.71,91.71,False,False
22,Female,2.56,7.77,6.27,79.08,4.24,6.78,4.22,Medium,Bajo,76.52,76.52,False,False
18,Male,3.48,6.91,7.98,74.86,4.6,8.89,5.41,Medium,Medio,84.46,84.46,False,False
23,Female,1.35,9.98,7.2,91.86,2.26,5.63,4.28,Medium,Bajo,100.0,100.0,False,False
18,Male,3.97,5.14,4.95,93.93,0.2,8.83,4.86,Medium,Medio,63.46,63.46,False,False
16,Male,5.31,7.36,5.39,62.88,2.55,10.5,5.19,High,Medio,72.23,72.22662993307875,False,True
20,Male,3.98,8.18,4.4,71.16,3.7,6.11,2.13,High,Medio,74.9,74.9,False,False
17,Male,5.33,4.38,8.73,80.31,1.1,8.34,3.01,Low,Medio,58.03,58.03,False,False
21,Female,0.53,5.11,8.43,72.66,0.5,3.71,3.18,Medium,Bajo,89.47,89.47,False,False
24,Female,7.01,9.72,4.42,91.34,1.43,10.8,3.79,High,Alto,64.36,64.35720864137308,False,True
16,Male,7.51,1.29,6.87,64.59,0.06,8.76,1.25,Low,Alto,12.96,12.96,False,False
19,Male,4.94,4.02,8.8,91.91,3.58,8.88,3.94,Medium,Medio,70.58,70.58,False,False
16,Female,7.05,5.38,7.74,84.72,0.73,8.49,1.44,Low,Alto,52.65,52.65,False,False
16,Female,1.05,1.01,6.46,71.57,3.62,6.08,5.03,Medium,Bajo,56.47,56.47,False,False
23,Female,6.38,9.09,5.21,73.78,1.17,12.2,5.82,High,Alto,71.39,71.38777527129913,False,True
17,Male,0.95,3.58,5.4,67.32,4.96,3.4,2.45,Medium,Bajo,63.16,63.16,False,False
16,Female,3.26,3.32,7.68,70.1,2.66,6.79,3.53,Medium,Medio,58.5,58.5,False,False
23,Female,2.59,8.38,7.9,88.69,0.21,7.71,5.12,Medium,Bajo,100.0,106.25856837002006,True,True
19,Male,4.68,3.5,6.64,75.04,3.86,7.25,2.57,Medium,Medio,47.23,47.23,False,False
18,Male,2.41,6.92,4.6,87.5,2.05,4.2,1.79,Medium,Bajo,86.32,86.32,False,False
19,Male,5.1,8.39,8.67,80.56,3.04,9.8,4.7,Low,Medio,100.0,110.54979144129308,True,True
20,Male,2.94,8.13,8.22,65.81,4.76,7.43,4.49,Medium,Medio,100.0,100.0,False,False
16,Other,6.89,8.04,4.7,79.96,2.59,10.74,3.85,High,Alto,61.95,61.94925764718723,False,True
16,Male,5.07,1.8,4.28,90.26,4.02,10.79,5.72,Low,Medio,38.29,38.29,False,False
18,Male,1.72,1.72,6.68,71.91,1.51,7.5,5.78,Medium,Bajo,52.77,52.77,False,False
21,Male,2.69,3.76,5.42,85.92,3.57,8.0,5.31,Medium,Bajo,64.8,64.8,False,False
16,Male,6.78,1.32,5.42,67.96,0.5,9.25,2.47,Low,Alto,14.1,14.1,False,False
17,Female,3.09,5.5,4.44,65.43,4.47,5.22,2.13,Medium,Medio,68.35,68.35309012019769,False,True
22,Male,4.29,4.55,8.77,74.41,1.0,9.47,5.18,Medium,Medio,70.58,70.58,False,False
16,Female,5.19,6.01,8.15,75.57,1.51,9.45,4.26,Low,Medio,71.4,71.4,False,False
22,Male,2.78,3.69,4.57,90.44,4.79,5.76,2.98,Medium,Bajo,62.47,62.47,False,False
19,Female,2.35,5.37,8.38,78.4,0.78,5.4,3.05,Medium,Bajo,83.81,83.81,False,False
21,Female,3.8,4.01,7.41,63.25,1.27,9.07,5.27,Medium,Medio,60.57,60.57,False,False
23,Female,1.72,2.76,5.63,85.36,2.9,3.54,1.82,Medium,Bajo,64.07,64.07,False,False
24,Female,2.27,6.84,8.36,78.77,4.9,7.99,5.72,Medium,Bajo,88.05,88.05,False,False
21,Female,0.5,7.06,6.99,73.27,3.46,4.67,4.17,Medium,Bajo,92.43,92.43,False,False
24,Male,2.43,8.46,8.24,92.09,0.57,7.39,4.96,Medium,Bajo,93.04,93.04,False,False
19,Female,2.57,8.87,6.35,66.18,3.74,5.42,2.85,Medium,Bajo,92.33,92.33,False,False
21,Female,7.69,7.34,6.5,96.53,2.13,11.62,3.93,Low,Alto,70.77,70.76972164042765,False,True
23,Female,4.72,7.19,5.46,73.36,4.96,9.47,4.75,High,Medio,69.58,69.58,False,False
24,Male,6.3,1.51,5.94,78.44,3.14,9.48,3.18,Low,Alto,21.67,21.67,False,False
18,Male,0.36,1.99,6.84,97.17,2.66,3.8,3.44,Medium,Bajo,57.8,57.8,False,False
17,Female,0.85,8.31,8.74,90.45,2.79,4.76,3.91,Medium,Bajo,100.0,100.0,False,False
21,Male,6.52,3.1,7.0,62.97,3.21,7.84,1.32,Low,Alto,28.25,28.25,False,False
19,Male,4.99,4.2,4.74,83.13,3.66,10.31,5.32,Medium,Medio,40.37,40.37,False,False
16,Male,1.53,2.31,4.03,72.41,0.39,6.86,5.33,Medium,Bajo,57.66,57.66,False,False
23,Female,3.24,2.76,8.25,80.34,0.65,5.65,2.41,Medium,Medio,55.22,55.22,False,False
24,Other,4.31,7.98,5.82,89.72,1.5,9.71,5.4,High,Medio,79.32,79.32,False,False
24,Female,6.75,3.36,5.57,79.85,2.39,11.48,4.73,Low,Alto,40.21,40.21,False,False
17,Male,0.48,5.04,8.0,62.84,1.56,3.9,3.42,Medium,Bajo,77.09,77.09,False,False
24,Male,4.77,2.37,8.73,81.2,1.07,7.51,2.74,Medium,Medio,47.34,47.34,False,False
22,Male,5.74,7.1,7.74,60.97,4.63,8.74,3.0,Low,Alto,75.85,75.85134276593266,False,True
20,Female,7.82,7.55,4.87,73.94,0.16,11.49,3.67,High,Alto,57.12,57.12280855815932,False,True
22,Female,6.46,4.26,5.96,79.12,4.69,9.52,3.06,Low,Alto,32.01,32.01,False,False
24,Male,2.21,8.06,7.8,85.79,4.54,5.31,3.1,Medium,Bajo,98.99,98.99,False,False
23,Female,5.68,3.16,8.53,80.25,3.42,7.7,2.02,Low,Alto,55.97,55.97,False,False
21,Female,6.11,7.23,8.99,66.08,0.16,10.65,4.54,Low,Alto,82.7,82.69827717524794,False,True
19,Male,5.84,7.57,6.56,97.29,1.13,9.89,4.05,Low,Alto,76.84,76.84046888636762,False,True
16,Male,6.19,9.17,7.64,86.01,4.9,12.52,6.33,Low,Alto,100.0,100.1803926298658,True,True
21,Other,7.23,3.09,4.23,72.68,4.53,8.94,1.71,Low,Alto,21.09,21.09,False,False
18,Male,0.79,1.84,5.43,98.64,4.82,2.36,1.57,Medium,Bajo,65.99,65.99,False,False
21,Female,0.84,3.37,5.86,95.3,4.98,4.42,3.58,Medium,Bajo,70.26,70.26,False,False
21,Male,6.37,2.11,8.88,65.74,0.32,8.13,1.76,Low,Alto,42.22,42.22,False,False
19,Female,2.02,2.53,4.02,86.22,2.85,6.07,4.05,Medium,Bajo,47.74,47.74,False,False
17,Female,0.47,4.01,5.54,82.4,4.17,2.45,1.98,Medium,Bajo,80.21,80.21080743630252,False,True
24,Female,3.21,4.73,8.65,67.71,1.6,6.62,3.41,Medium,Medio,73.69,73.68917531416606,False,True
17,Female,6.56,9.13,5.53,69.34,2.18,10.62,4.06,High,Alto,65.51,65.50616042622906,False,True
18,Female,1.01,2.76,5.13,82.55,1.42,4.3,3.29,Medium,Bajo,67.88,67.88,False,False
16,Female,5.37,9.75,7.65,72.85,0.19,7.97,2.6,Low,Medio,100.0,110.50632445845532,True,True
22,Male,0.03,8.29,7.73,93.39,0.36,4.94,4.91,Medium,Bajo,100.0,100.0,False,False
16,Male,0.88,8.93,6.36,63.91,0.11,6.15,5.27,Medium,Bajo,95.5,95.5,False,False
24,Female,2.81,9.36,8.73,96.56,2.64,5.2,2.39,Medium,Medio,100.0,100.0,False,False
16,Female,0.67,7.78,5.01,93.62,3.09,5.74,5.07,High,Bajo,91.49,91.49,False,False
20,Male,6.64,7.95,8.41,89.54,1.54,9.73,3.09,Low,Alto,84.81,84.8109350189772,False,True
22,Male,6.91,4.94,7.78,70.5,4.13,10.35,3.44,Low,Alto,50.29,50.29,False,False
18,Female,6.04,5.59,5.84,88.6,4.44,8.2,2.16,Low,Alto,61.57,61.57,False,False
24,Male,1.94,9.39,8.03,77.55,0.7,6.07,4.13,Medium,Bajo,100.0,100.0,False,False
23,Female,4.19,4.4,4.67,85.35,0.26,5.69,1.5,Medium,Medio,55.09,55.09,False,False
18,Female,1.47,1.38,4.65,72.5,1.6,5.43,3.96,Medium,Bajo,47.02,47.02,False,False
20,Female,2.25,7.86,8.65,93.43,3.56,8.2,5.95,Medium,Bajo,100.0,100.0,False,False
22,Male,4.13,6.16,4.47,61.62,2.54,8.9,4.77,Medium,Medio,57.65,57.65,False,False
19,Male,5.88,8.33,4.02,87.66,2.44,11.36,5.48,High,Alto,77.04,77.04404031526082,False,True
20,Male,0.76,1.68,5.95,93.15,0.76,4.08,3.32,Medium,Bajo,60.68,60.68,False,False
18,Male,2.37,6.59,4.52,85.86,1.76,4.08,1.71,Medium,Bajo,60.38,60.38,False,False
24,Female,7.41,3.23,8.32,67.68,4.79,9.85,2.44,Low,Alto,33.45,33.45,False,False
24,Female,3.43,9.13,8.61,71.4,1.7,4.68,1.25,Medium,Medio,91.3,91.3,False,False
22,Male,7.51,1.99,6.41,80.6,2.96,11.02,3.51,Low,Alto,22.98,22.98,False,False
17,Male,7.93,8.59,6.13,73.18,0.29,12.18,4.25,Low,Alto,70.41,70.40679776613048,False,True
22,Male,4.21,1.8,6.7,60.2,0.32,7.33,3.12,Medium,Medio,41.18,41.18,False,False
22,Other,2.3,1.23,5.13,61.63,2.12,6.12,3.82,Medium,Bajo,40.16,40.15983780733696,False,True
20,Male,6.33,3.12,5.49,90.71,3.02,8.93,2.6,Low,Alto,31.87,31.87,False,False
24,Female,1.27,4.0,4.5,63.35,1.86,2.7,1.43,Medium,Bajo,62.81,62.81,False,False
18,Female,2.02,6.64,6.23,97.12,0.9,5.18,3.16,Medium,Bajo,92.42,92.42,False,False
19,Female,6.28,2.19,7.06,77.71,3.68,10.02,3.74,Low,Alto,38.19,38.19,False,False
16,Female,3.47,4.94,8.65,90.33,0.7,9.38,5.91,Medium,Medio,80.21,80.21,False,False
21,Male,1.61,2.84,7.7,65.02,3.34,4.35,2.74,Medium,Bajo,63.44,63.44,False,False
19,Female,5.21,8.7,7.62,97.06,4.78,9.6,4.39,Low,Medio,100.0,104.5385811333567,True,True
16,Male,5.86,1.4,5.54,61.35,2.35,10.97,5.11,Low,Alto,30.1,30.09911380999356,False,True
17,Female,1.0,4.2,8.44,61.69,1.0,3.68,2.68,Medium,Bajo,78.48,78.48,False,False
18,Male,2.22,6.68,8.73,62.18,4.21,7.87,5.65,Medium,Bajo,84.6,84.6,False,False
24,Female,1.77,9.22,8.66,64.14,2.53,4.46,2.69,Medium,Bajo,100.0,100.0,False,False
23,Male,3.04,8.81,4.19,79.47,4.62,8.89,5.85,High,Medio,88.36,88.36,False,False
22,Female,6.11,9.06,7.02,91.53,3.6,7.12,1.01,Low,Alto,85.5,85.49602597754,False,True
19,Male,5.71,1.57,7.22,71.4,2.15,9.88,4.17,Low,Alto,35.94,35.939360328444366,False,True
16,Female,5.3,8.57,5.48,89.83,3.09,10.25,4.95,High,Medio,89.16,89.15532864063994,False,True
23,Female,0.05,8.02,8.96,90.96,0.85,2.45,2.4,Medium,Bajo,100.0,100.0,False,False
19,Male,1.14,9.12,5.46,96.33,1.94,2.73,1.59,High,Bajo,99.36,99.36,False,False
18,Female,1.79,3.8,5.08,65.97,2.97,2.91,1.12,Medium,Bajo,70.87,70.87,False,False
24,Female,2.18,9.21,6.42,65.42,2.95,3.55,1.37,Medium,Bajo,100.0,100.0,False,False
19,Male,1.17,4.62,5.62,64.88,2.94,4.89,3.72,Medium,Bajo,72.64,72.64,False,False
19,Female,3.28,6.71,8.62,74.37,3.72,8.48,5.2,Medium,Medio,86.37,86.37,False,False
24,Female,0.6,4.82,6.2,79.58,0.53,1.92,1.32,Medium,Bajo,94.89,94.88523698257433,False,True
17,Female,6.0,4.85,6.05,78.46,0.37,7.57,1.57,Low,Alto,41.98,41.98,False,False
20,Male,6.3,5.92,7.13,70.28,0.74,7.33,1.03,Low,Alto,50.89,50.89,False,False
19,Male,4.59,4.2,4.41,84.88,3.96,7.0,2.41,Medium,Medio,51.54,51.54,False,False
24,Female,0.72,8.13,7.78,73.53,0.32,6.33,5.61,Medium,Bajo,100.0,100.0,False,False
20,Male,7.12,6.7,7.84,74.64,1.13,9.5,2.38,Low,Alto,64.77,64.76832657201132,False,True
24,Female,7.73,7.21,6.37,64.22,1.27,10.93,3.2,Low,Alto,48.29,48.28602943023497,False,True
24,Male,1.62,3.08,8.78,83.69,3.24,3.51,1.89,Medium,Bajo,86.02,86.02,False,False
17,Male,5.64,9.73,6.9,86.21,2.01,7.22,1.58,Low,Alto,96.42,96.4207410318617,False,True
24,Female,6.74,6.94,7.48,90.32,0.99,8.65,1.91,Low,Alto,63.67,63.67,False,False
18,Female,4.32,2.77,8.62,96.16,2.25,6.37,2.05,Medium,Medio,66.64,66.64,False,False
19,Female,2.59,7.75,7.33,90.64,3.43,4.24,1.65,Medium,Bajo,100.0,100.0,False,False
16,Male,3.83,2.56,6.16,69.43,3.93,8.79,4.96,Medium,Medio,47.04,47.04,False,False
16,Male,4.1,1.57,4.12,69.43,0.62,7.49,3.39,Medium,Medio,32.52,32.52,False,False
16,Male,3.21,5.75,7.64,96.6,3.57,6.91,3.7,Medium,Medio,87.77,87.77,False,False
24,Female,7.44,5.98,8.82,91.61,0.02,10.31,2.87,Low,Alto,56.92,56.92,False,False
23,Female,5.95,2.7,6.35,91.29,3.62,8.0,2.05,Low,Alto,37.22,37.22,False,False
20,Female,1.93,4.14,5.7,88.79,3.31,3.4,1.47,Medium,Bajo,72.08,72.08,False,False
20,Male,4.68,9.51,6.6,70.69,2.34,6.06,1.38,Medium,Medio,79.82,79.82,False,False
24,Female,5.51,3.57,7.64,93.9,0.68,7.44,1.93,Low,Alto,48.84,48.84,False,False
18,Male,1.12,2.4,4.0,65.72,3.82,6.37,5.25,Medium,Bajo,63.85,63.85,False,False
18,Female,2.87,9.93,8.44,74.0,0.36,4.95,2.08,Medium,Medio,100.0,107.90423754182676,True,True
22,Male,7.24,3.72,8.43,73.86,4.48,10.01,2.77,Low,Alto,40.59,40.59,False,False
24,Female,4.54,7.12,6.71,82.41,3.87,8.4,3.86,Medium,Medio,74.51,74.51,False,False
21,Male,1.74,3.08,4.61,78.54,3.7,5.3,3.56,Medium,Bajo,66.13,66.13,False,False
17,Male,0.98,5.95,7.36,78.39,3.77,5.31,4.33,Medium,Bajo,87.3,87.3,False,False
16,Male,4.15,4.48,4.69,82.14,0.34,6.12,1.97,Medium,Medio,69.99,69.99113844878812,False,True
17,Male,4.38,9.65,6.54,76.62,4.95,8.0,3.62,Medium,Medio,88.07,88.07,False,False
16,Male,2.68,4.9,4.47,70.0,4.29,7.52,4.84,Medium,Bajo,60.73,60.73,False,False
24,Male,5.04,6.26,6.95,86.56,2.54,7.98,2.94,Low,Medio,78.54,78.53547951369971,False,True
23,Male,0.55,9.5,5.59,91.63,3.6,6.41,5.86,High,Bajo,100.0,100.0,False,False
22,Female,1.16,9.9,8.15,79.16,3.7,5.05,3.89,Medium,Bajo,100.0,100.0,False,False
18,Male,4.37,1.91,8.0,85.98,4.15,8.74,4.37,Medium,Medio,59.5,59.50395576763938,False,True
23,Female,0.49,8.51,8.99,81.41,1.28,3.79,3.3,Medium,Bajo,100.0,109.74927882862292,True,True
17,Male,7.05,4.44,5.29,62.36,1.86,12.34,5.29,Low,Alto,32.9,32.9,False,False
17,Female,1.14,6.35,4.31,76.92,4.0,4.4,3.26,Medium,Bajo,86.87,86.87,False,False
18,Female,5.39,4.38,6.22,60.39,3.84,11.1,5.71,Low,Medio,43.6,43.6,False,False
22,Male,3.13,4.61,4.42,86.48,2.61,5.67,2.54,Medium,Medio,59.18,59.18,False,False
16,Female,3.2,2.43,4.89,80.33,1.98,8.53,5.33,Medium,Medio,48.26,48.26,False,False
23,Male,6.12,6.15,6.99,65.07,4.84,10.32,4.2,Low,Alto,63.83,63.83,False,False
22,Female,4.0,5.92,6.96,81.69,2.08,9.0,5.0,Medium,Medio,70.44,70.44,False,False
19,Female,5.81,2.7,4.22,95.94,3.82,7.0,1.19,Low,Alto,36.97,36.97,False,False
20,Male,4.04,5.88,6.21,73.62,2.06,6.43,2.39,Medium,Medio,65.09,65.09,False,False
16,Male,4.74,9.76,6.65,99.29,1.55,9.98,5.24,Medium,Medio,97.3,97.3,False,False
19,Male,6.09,7.43,5.34,98.38,3.2,8.68,2.59,High,Alto,70.7,70.69895648423511,False,True
16,Male,4.86,5.33,8.36,91.41,4.04,9.42,4.56,Medium,Medio,80.39,80.39,False,False
16,Female,4.92,9.24,4.81,92.55,4.91,10.88,5.96,High,Medio,82.46,82.46,False,False
16,Male,6.31,6.18,5.27,76.42,0.74,8.2,1.89,Low,Alto,47.99,47.99,False,False
22,Male,7.59,2.22,4.78,76.1,4.38,10.68,3.09,Low,Alto,12.19,12.19,False,False
22,Male,3.01,5.93,4.58,98.18,2.62,4.84,1.83,Medium,Medio,74.3,74.3,False,False
19,Male,4.62,2.63,8.39,74.65,0.54,6.39,1.77,Medium,Medio,61.89,61.89,False,False
17,Male,0.69,7.91,5.39,63.87,3.97,4.86,4.17,High,Bajo,100.0,104.56413669196372,True,True
18,Female,2.87,9.7,7.61,66.11,1.66,4.83,1.96,Medium,Medio,97.4,97.4,False,False
23,Male,3.3,4.25,6.14,88.42,4.34,6.71,3.41,Medium,Medio,65.07,65.07,False,False
23,Female,6.68,4.91,7.18,75.32,0.79,12.57,5.89,Low,Alto,46.97,46.97,False,False
21,Male,4.11,4.79,8.64,67.97,3.56,6.78,2.67,Medium,Medio,65.64,65.64023998330356,False,True
24,Male,5.85,3.57,8.22,92.55,1.5,11.22,5.37,Low,Alto,59.5,59.50492101732094,False,True
24,Female,0.15,8.15,4.34,79.55,1.29,3.13,2.98,High,Bajo,91.06,91.06,False,False
19,Male,3.72,6.56,8.23,82.71,0.25,6.03,2.31,Medium,Medio,78.2,78.2,False,False
16,Male,7.21,1.58,6.26,66.16,2.41,9.89,2.68,Low,Alto,24.28,24.28,False,False
16,Female,1.79,8.55,5.75,67.71,1.96,3.43,1.64,High,Bajo,97.88,97.88064841871147,False,True
20,Female,0.25,2.68,7.36,65.03,0.31,4.64,4.39,Medium,Bajo,59.7,59.7,False,False
17,Male,3.47,9.81,8.75,80.58,1.13,7.02,3.55,Medium,Medio,100.0,108.27436947667022,True,True
21,Female,5.64,4.39,4.47,91.03,2.44,9.71,4.07,Low,Alto,46.13,46.13,False,False
22,Female,3.64,6.55,7.84,89.29,4.04,6.16,2.52,Medium,Medio,81.3,81.3,False,False
16,Male,3.68,1.7,5.02,70.45,4.65,7.95,4.27,Medium,Medio,42.33,42.33,False,False
21,Male,5.36,4.1,5.9,94.06,2.58,7.18,1.82,Low,Medio,52.82,52.82,False,False
23,Male,2.04,8.22,8.37,64.23,2.02,6.3,4.26,Medium,Bajo,100.0,100.0,False,False
20,Male,6.02,5.29,6.73,64.56,4.77,7.43,1.41,Low,Alto,39.59,39.59,False,False
22,Female,1.22,9.14,4.34,93.97,4.81,4.22,3.0,High,Bajo,100.0,105.21151973992586,True,True
21,Female,3.17,6.18,6.54,69.78,0.95,7.22,4.05,Medium,Medio,81.16,81.16,False,False
19,Female,5.25,9.36,7.95,88.32,2.66,10.53,5.28,Low,Medio,100.0,100.76636631998706,True,True
22,Male,6.6,9.79,6.61,60.36,4.1,11.69,5.09,Low,Alto,74.98,74.98102143214105,False,True
24,Male,6.33,5.09,4.83,63.74,4.11,9.96,3.63,Low,Alto,35.11,35.11,False,False
22,Female,5.77,6.09,6.23,84.37,3.42,11.19,5.42,Low,Alto,60.8,60.8,False,False
20,Male,2.87,8.51,8.62,67.3,2.36,6.4,3.53,Medium,Medio,90.28,90.28,False,False
22,Female,0.98,2.99,7.29,61.13,2.02,4.57,3.59,Medium,Bajo,56.33,56.33,False,False
18,Female,1.73,8.75,7.65,78.68,4.03,6.33,4.6,Medium,Bajo,100.0,100.0,False,False
